;1145108770;08/01/2025;3550;BSH ELECTRODOMESTICOS ESPA•A, S.A.;190,72;40,05;190,72
;1145121424;17/01/2025;3550;BSH ELECTRODOMESTICOS ESPA•A, S.A.;156,49;32,86;156,49
;1146516061;13/01/2025;13550;BSH ELECTRODOMESTICOS ESPA•A, S.A.;-165,04;-34,66;-165,04
;1146516905;13/01/2025;13550;BSH ELECTRODOMESTICOS ESPA•A, S.A.;-313,93;-65,93;-313,93
;1146533890;07/05/2025;13550;BSH ELECTRODOMESTICOS ESPA•A, S.A.;-214,67;-45,08;-214,67
;1181;19/05/2025;13947;BALUE JUSTO ADVOCATS, S.L.;750;157,5;750
;1250000355;03/01/2025;525;AMILIBIA Y DE LA IGLESIA,S.A.;306,88;64,44;306,88
;1250001787;10/01/2025;525;AMILIBIA Y DE LA IGLESIA,S.A.;159,24;33,44;159,24
;1250002515;14/01/2025;525;AMILIBIA Y DE LA IGLESIA,S.A.;192,98;40,53;192,98
;1250003418;16/01/2025;525;AMILIBIA Y DE LA IGLESIA,S.A.;263,47;55,33;263,47
;1250005389;23/01/2025;525;AMILIBIA Y DE LA IGLESIA,S.A.;174,81;36,71;174,81
;1250008418;04/02/2025;525;AMILIBIA Y DE LA IGLESIA,S.A.;168,25;35,33;168,25
;1250009173;06/02/2025;525;AMILIBIA Y DE LA IGLESIA,S.A.;361,08;75,83;361,08
;1250009812;10/02/2025;525;AMILIBIA Y DE LA IGLESIA,S.A.;239,8;50,36;239,8
;1250012341;19/02/2025;525;AMILIBIA Y DE LA IGLESIA,S.A.;286,19;60,1;286,19
;1250013396;24/02/2025;525;AMILIBIA Y DE LA IGLESIA,S.A.;239,22;50,24;239,22
;1250015351;03/03/2025;525;AMILIBIA Y DE LA IGLESIA,S.A.;677,29;142,23;677,29
;1250016551;06/03/2025;525;AMILIBIA Y DE LA IGLESIA,S.A.;204,8;43,01;204,8
;125001777;12/06/2025;11586;BINSOFT INFORMATICA, S.L.;93,85;19,71;93,85
;1250019176;17/03/2025;525;AMILIBIA Y DE LA IGLESIA,S.A.;167,29;35,13;167,29
;1250019177;17/03/2025;525;AMILIBIA Y DE LA IGLESIA,S.A.;490,64;103,03;490,64
;1250021950;26/03/2025;525;AMILIBIA Y DE LA IGLESIA,S.A.;192,15;40,35;192,15
;1250026570;11/04/2025;525;AMILIBIA Y DE LA IGLESIA,S.A.;268,38;56,36;268,38
;1250033007;16/05/2025;525;AMILIBIA Y DE LA IGLESIA,S.A.;994,77;208,9;994,77
;1250034265;21/05/2025;525;AMILIBIA Y DE LA IGLESIA,S.A.;439,2;92,23;439,2
;1250036400;28/05/2025;525;AMILIBIA Y DE LA IGLESIA,S.A.;241,1;50,63;241,1
;1250038190;03/06/2025;525;AMILIBIA Y DE LA IGLESIA,S.A.;100,02;21;100,02
;1250040407;11/06/2025;525;AMILIBIA Y DE LA IGLESIA,S.A.;225,92;47,44;225,92
;1250040713;12/06/2025;525;AMILIBIA Y DE LA IGLESIA,S.A.;161,1;33,83;161,1
;1251411001;31/03/2025;264;DIADORA SPORT, S.R.L.;283,26;59,48;283,26
;1251415169;12/05/2025;264;DIADORA SPORT, S.R.L.;507,9;106,66;507,9
;1251417130;30/05/2025;264;DIADORA SPORT, S.R.L.;39,08;8,21;39,08
;1255064;04/04/2025;7009;SAMARRETTA 1981 SLU;360;75,6;360
;126210425;18/04/2025;10013;BANCO SANTANDER, S.A.;10,87;2,28;10,87
;1-314.974;01/04/2025;4964;INGEPERFIL, S.L.;532,92;111,91;532,92
;1333562438;19/03/2025;3550;BSH ELECTRODOMESTICOS ESPA•A, S.A.;625,97;131,45;625,97
;1333565830;21/03/2025;3550;BSH ELECTRODOMESTICOS ESPA•A, S.A.;1277,37;268,25;1277,37
;1333566860;24/03/2025;3550;BSH ELECTRODOMESTICOS ESPA•A, S.A.;1933,09;405,95;1933,09
;1333596502;15/04/2025;3550;BSH ELECTRODOMESTICOS ESPA•A, S.A.;1239,07;260,2;1239,07
;1333596503;15/04/2025;3550;BSH ELECTRODOMESTICOS ESPA•A, S.A.;860,96;180,8;860,96
;1333598380;16/04/2025;3550;BSH ELECTRODOMESTICOS ESPA•A, S.A.;694,44;145,83;694,44
;1333600939;22/04/2025;3550;BSH ELECTRODOMESTICOS ESPA•A, S.A.;714,74;150,1;714,74
;1333616182;05/05/2025;3550;BSH ELECTRODOMESTICOS ESPA•A, S.A.;844,08;177,26;844,08
;1333639697;21/05/2025;3550;BSH ELECTRODOMESTICOS ESPA•A, S.A.;922,8;193,79;922,8
;1333645305;26/05/2025;3550;BSH ELECTRODOMESTICOS ESPA•A, S.A.;733,33;154;733,33
;1333659059;04/06/2025;3550;BSH ELECTRODOMESTICOS ESPA•A, S.A.;3313,23;695,78;3313,23
;1333667639;11/06/2025;3550;BSH ELECTRODOMESTICOS ESPA•A, S.A.;1473,01;309,33;1473,01
;1908266340;31/03/2025;7218;FERRETERIES CATALONIA, S.A.;252,36;53;252,36
;1908268853;30/04/2025;7218;FERRETERIES CATALONIA, S.A.;714,66;150,08;714,66
;1908269791;15/05/2025;7218;FERRETERIES CATALONIA, S.A.;234,32;49,21;234,32
;1914035905;15/02/2025;3273;FUSTES LLEIDA, S.L.;135,81;28,52;135,81
;1914036712;30/04/2025;3273;FUSTES LLEIDA, S.L.;1106,48;232,36;1106,48
;192;01/02/2025;18159;MARCO INVEST, S.A.;125;26,25;125
;2.500.084;28/01/2025;9039;PREFABRICADOS FRAGA, S.A.;1167;245,07;1167
;2.500.478;10/04/2025;9039;PREFABRICADOS FRAGA, S.A.;2477;520,17;2477
;2/45340;10/03/2025;7301;ROLLGUM CORP S.L.;1979,03;415,6;1979,03
;24-024468;29/01/2025;841;SOC.ANON.SERVEI I COMERÄ ELECTRODOMESTIC;1709,27;358,95;1709,27
;24130590;26/02/2025;7048;MAKITA, S.A.;639,37;134,27;639,37
;2489;29/05/2025;484;SOBIME, S.A.;688,62;144,61;688,62
;25/040297;03/03/2025;15191;NABALIA ENERGIA 2000, SA;68,24;14,33;68,24
;25/055056;19/03/2025;15191;NABALIA ENERGIA 2000, SA;258,9;54,37;258,9
;25/055060;19/03/2025;15191;NABALIA ENERGIA 2000, SA;53,32;11,2;53,32
;25/16;17/01/2025;6277;MARMOLES ROYES, S.C.;3118,5;654,89;3118,5
;25/183;30/05/2025;920;COIMPE SUMINISTROS, S.L.;80,41;16,89;80,41
;25/T108;31/01/2025;12258;AUTO BALAGUER, SL;1690;354,9;1690
;250.695;31/01/2025;4402;INDUSTRIAL BLANSOL, SA;761;159,81;761
;2500000166;02/01/2025;4813;EHLIS, S.A.;504,99;106,05;504,99
;250000191;03/01/2025;2748;GME DIVISION DE BA•OS SL;108,17;22,72;108,17
;2500002222;30/04/2025;6004;MORTERO BENSEC SL;1804;378,84;1804
;2500002378;26/01/2025;18590;ACUMBAMAIL S.L.;54,55;11,45;54,55
;2500003207;15/06/2025;6004;MORTERO BENSEC SL;2686;564,06;2686
;2500003325;09/01/2025;4813;EHLIS, S.A.;415,07;87,16;415,07
;2500003404;25/04/2025;1167;BA•OS 10, S.L.;172;36,12;172
;25000059;14/01/2025;2142;IMCOINSA 1985, S.L.;108,76;22,84;108,76
;2500007063;14/01/2025;4813;EHLIS, S.A.;345,63;72,58;345,63
;1145107112;07/01/2025;3550;BSH ELECTRODOMESTICOS ESPA•A, S.A.;1458,75;306,34;1458,75
;1145107113;07/01/2025;3550;BSH ELECTRODOMESTICOS ESPA•A, S.A.;366,78;77,02;366,78
;1146516063;13/01/2025;13550;BSH ELECTRODOMESTICOS ESPA•A, S.A.;-52,75;-11,08;-52,75
;1146517630;13/01/2025;13550;BSH ELECTRODOMESTICOS ESPA•A, S.A.;-45,58;-9,57;-45,58
;1148092917;26/05/2025;13550;BSH ELECTRODOMESTICOS ESPA•A, S.A.;-85;-17,85;-85
;1151;27/02/2025;6555;INNOVACION BA•O, S.L.;129,4;27,17;129,4
;1187331;05/02/2025;9955;MATERIALES DE CONSTRUCCION, S.A.;420,58;88,32;420,58
;1250000353;03/01/2025;525;AMILIBIA Y DE LA IGLESIA,S.A.;168,47;35,38;168,47
;1250000354;03/01/2025;525;AMILIBIA Y DE LA IGLESIA,S.A.;159,6;33,52;159,6
;1250001176;08/01/2025;525;AMILIBIA Y DE LA IGLESIA,S.A.;285,76;60,01;285,76
;125000258;27/01/2025;11586;BINSOFT INFORMATICA, S.L.;88,1;18,5;88,1
;1250004534;21/01/2025;525;AMILIBIA Y DE LA IGLESIA,S.A.;238,22;50,03;238,22
;1250004535;21/01/2025;525;AMILIBIA Y DE LA IGLESIA,S.A.;221,63;46,54;221,63
;125000520;20/02/2025;11586;BINSOFT INFORMATICA, S.L.;44,05;9,25;44,05
;1250006160;27/01/2025;525;AMILIBIA Y DE LA IGLESIA,S.A.;225,66;47,39;225,66
;1250008792;05/02/2025;525;AMILIBIA Y DE LA IGLESIA,S.A.;241,66;50,75;241,66
;1250013684;25/02/2025;525;AMILIBIA Y DE LA IGLESIA,S.A.;167,11;35,09;167,11
;1250015350;03/03/2025;525;AMILIBIA Y DE LA IGLESIA,S.A.;197,7;41,52;197,7
;1250016167;05/03/2025;525;AMILIBIA Y DE LA IGLESIA,S.A.;226,1;47,48;226,1
;1250016173;05/03/2025;525;AMILIBIA Y DE LA IGLESIA,S.A.;239,44;50,28;239,44
;1250017124;07/03/2025;525;AMILIBIA Y DE LA IGLESIA,S.A.;253,33;53,2;253,33
;1250017133;07/03/2025;525;AMILIBIA Y DE LA IGLESIA,S.A.;475,71;99,9;475,71
;1250017355;10/03/2025;525;AMILIBIA Y DE LA IGLESIA,S.A.;209;43,89;209
;1250019914;19/03/2025;525;AMILIBIA Y DE LA IGLESIA,S.A.;144,24;30,29;144,24
;1250021509;25/03/2025;525;AMILIBIA Y DE LA IGLESIA,S.A.;165,28;34,71;165,28
;1250022342;27/03/2025;525;AMILIBIA Y DE LA IGLESIA,S.A.;349,93;73,49;349,93
;1250023216;31/03/2025;525;AMILIBIA Y DE LA IGLESIA,S.A.;178,95;37,58;178,95
;1250023547;01/04/2025;525;AMILIBIA Y DE LA IGLESIA,S.A.;349,93;73,49;349,93
;1250024416;03/04/2025;525;AMILIBIA Y DE LA IGLESIA,S.A.;87,3;18,33;87,3
;1250027216;14/04/2025;525;AMILIBIA Y DE LA IGLESIA,S.A.;786,86;165,24;786,86
;1250028803;24/04/2025;525;AMILIBIA Y DE LA IGLESIA,S.A.;186,03;39,07;186,03
;1250033429;20/05/2025;525;AMILIBIA Y DE LA IGLESIA,S.A.;244,7;51,39;244,7
;1250035578;26/05/2025;525;AMILIBIA Y DE LA IGLESIA,S.A.;173;36,33;173
;1250036109;27/05/2025;525;AMILIBIA Y DE LA IGLESIA,S.A.;186,5;39,17;186,5
;1250037050;29/05/2025;525;AMILIBIA Y DE LA IGLESIA,S.A.;296,36;62,24;296,36
;1250038526;04/06/2025;525;AMILIBIA Y DE LA IGLESIA,S.A.;239,42;50,28;239,42
;1250038961;05/06/2025;525;AMILIBIA Y DE LA IGLESIA,S.A.;184,52;38,75;184,52
;1250044373;26/06/2025;525;AMILIBIA Y DE LA IGLESIA,S.A.;281,39;59,09;281,39
;1250512220;20/03/2025;4983;CATA ELECTRODOMESTICOS, S.L.;-187,21;-39,31;-187,21
;1250603151;15/06/2025;1840;GRUPO ELECTRO STOCK, SLU;1020,85;214,38;1020,85
;12508434;11/04/2025;1201;KERABEN GRUPO, S.A.;27,09;5,69;27,09
;12508582;14/04/2025;1201;KERABEN GRUPO, S.A.;83,58;17,55;83,58
;1251408719;17/03/2025;264;DIADORA SPORT, S.R.L.;785,95;165,05;785,95
;1251412647;14/04/2025;264;DIADORA SPORT, S.R.L.;598,22;125,63;598,22
;1251418550;16/06/2025;264;DIADORA SPORT, S.R.L.;281,21;59,05;281,21
;1293;10/06/2025;13947;BALUE JUSTO ADVOCATS, S.L.;685;143,85;685
;130190225;19/02/2025;10013;BANCO SANTANDER, S.A.;52,92;11,11;52,92
;1-316.739;26/06/2025;4964;INGEPERFIL, S.L.;182,93;38,42;182,93
;1333512809;12/02/2025;3550;BSH ELECTRODOMESTICOS ESPA•A, S.A.;923,77;193,99;923,77
;1333522660;18/02/2025;3550;BSH ELECTRODOMESTICOS ESPA•A, S.A.;366,78;77,02;366,78
;1333531642;25/02/2025;3550;BSH ELECTRODOMESTICOS ESPA•A, S.A.;1059,26;222,44;1059,26
;1333540486;03/03/2025;3550;BSH ELECTRODOMESTICOS ESPA•A, S.A.;914,51;192,05;914,51
;1333542207;04/03/2025;3550;BSH ELECTRODOMESTICOS ESPA•A, S.A.;257,23;54,02;257,23
;1333558750;17/03/2025;3550;BSH ELECTRODOMESTICOS ESPA•A, S.A.;469,48;98,59;469,48
;1333587793;08/04/2025;3550;BSH ELECTRODOMESTICOS ESPA•A, S.A.;1454,93;305,54;1454,93
;1333601319;22/04/2025;3550;BSH ELECTRODOMESTICOS ESPA•A, S.A.;320,81;67,37;320,81
;1333630835;15/05/2025;3550;BSH ELECTRODOMESTICOS ESPA•A, S.A.;317,87;66,75;317,87
;1333634419;16/05/2025;3550;BSH ELECTRODOMESTICOS ESPA•A, S.A.;665,09;139,67;665,09
;1908258694;15/01/2025;7218;FERRETERIES CATALONIA, S.A.;108,83;22,85;108,83
;1914036233;15/03/2025;3273;FUSTES LLEIDA, S.L.;1581,26;332,06;1581,26
;1914036390;31/03/2025;3273;FUSTES LLEIDA, S.L.;133,62;28,06;133,62
;1914036544;14/04/2025;3273;FUSTES LLEIDA, S.L.;1375,94;288,95;1375,94
;1914036711;30/04/2025;3273;FUSTES LLEIDA, S.L.;607,39;127,55;607,39
;2.500.260;24/02/2025;9039;PREFABRICADOS FRAGA, S.A.;1295,89;272,14;1295,89
;2.500.279;28/02/2025;9039;PREFABRICADOS FRAGA, S.A.;1446,65;303,8;1446,65
;2.500.549;24/04/2025;9039;PREFABRICADOS FRAGA, S.A.;1361,4;285,89;1361,4
;2//44911;07/02/2025;7301;ROLLGUM CORP S.L.;2198,92;461,77;2198,92
;2/45520;20/03/2025;7301;ROLLGUM CORP S.L.;2198,92;461,77;2198,92
;210746272;30/03/2025;472;BOLTZE GRUPPE GmbH;1061,1;222,83;1061,1
;24-023005;09/01/2025;841;SOC.ANON.SERVEI I COMERÄ ELECTRODOMESTIC;3617,64;759,7;3617,64
;24-023958;22/01/2025;841;SOC.ANON.SERVEI I COMERÄ ELECTRODOMESTIC;1652,61;347,05;1652,61
;24107997;07/01/2025;7048;MAKITA, S.A.;308,46;64,78;308,46
;25/006595;08/01/2025;15191;NABALIA ENERGIA 2000, SA;3192,61;670,45;3192,61
;25/017021;23/01/2025;15191;NABALIA ENERGIA 2000, SA;293,92;61,72;293,92
;1145107960;08/01/2025;3550;BSH ELECTRODOMESTICOS ESPA•A, S.A.;405,9;85,24;405,9
;1145136299;29/01/2025;3550;BSH ELECTRODOMESTICOS ESPA•A, S.A.;254,3;53,4;254,3
;1145142707;31/01/2025;3550;BSH ELECTRODOMESTICOS ESPA•A, S.A.;381,45;80,1;381,45
;1146517629;13/01/2025;13550;BSH ELECTRODOMESTICOS ESPA•A, S.A.;-248,53;-52,19;-248,53
;1146533677;07/05/2025;13550;BSH ELECTRODOMESTICOS ESPA•A, S.A.;-189,83;-39,86;-189,83
;1146534105;07/05/2025;13550;BSH ELECTRODOMESTICOS ESPA•A, S.A.;-324,8;-68,21;-324,8
;1148090878;25/04/2025;13550;BSH ELECTRODOMESTICOS ESPA•A, S.A.;-455;-95,55;-455
;123040625;04/06/2025;10013;BANCO SANTANDER, S.A.;10,87;2,28;10,87
;125000120;16/01/2025;11586;BINSOFT INFORMATICA, S.L.;595;124,95;595
;1250006159;27/01/2025;525;AMILIBIA Y DE LA IGLESIA,S.A.;191,18;40,15;191,18
;1250010141;11/02/2025;525;AMILIBIA Y DE LA IGLESIA,S.A.;247,76;52,03;247,76
;1250017356;10/03/2025;525;AMILIBIA Y DE LA IGLESIA,S.A.;487,18;102,31;487,18
;1250023529;01/04/2025;525;AMILIBIA Y DE LA IGLESIA,S.A.;392,66;82,46;392,66
;1250027542;16/04/2025;525;AMILIBIA Y DE LA IGLESIA,S.A.;191,45;40,2;191,45
;1250029177;25/04/2025;525;AMILIBIA Y DE LA IGLESIA,S.A.;167,38;35,15;167,38
;1250033887;20/05/2025;525;AMILIBIA Y DE LA IGLESIA,S.A.;2807,52;589,58;2807,52
;1250036399;28/05/2025;525;AMILIBIA Y DE LA IGLESIA,S.A.;257,6;54,1;257,6
;1250038962;05/06/2025;525;AMILIBIA Y DE LA IGLESIA,S.A.;184,8;38,81;184,8
;1250041168;13/06/2025;525;AMILIBIA Y DE LA IGLESIA,S.A.;409,5;86;409,5
;1250042791;19/06/2025;525;AMILIBIA Y DE LA IGLESIA,S.A.;242,93;51,02;242,93
;1250043727;24/06/2025;525;AMILIBIA Y DE LA IGLESIA,S.A.;328,28;68,94;328,28
;1250044817;27/06/2025;525;AMILIBIA Y DE LA IGLESIA,S.A.;208,84;43,86;208,84
;1250118322;07/02/2025;19643;SOCIEDAD GENERAL DE AUTORES Y EDITORES;234,6;49,27;234,6
;1250227457;28/02/2025;1840;GRUPO ELECTRO STOCK, SLU;565,94;118,85;565,94
;1250400228;04/04/2025;1235;COMERCIAL SANYC CES, S.L.;299,75;62,95;299,75
;12504299;25/02/2025;1201;KERABEN GRUPO, S.A.;1248,48;262,18;1248,48
;12507472;01/04/2025;1201;KERABEN GRUPO, S.A.;407,83;85,64;407,83
;12510128;07/05/2025;1201;KERABEN GRUPO, S.A.;142,92;30,01;142,92
;12513339;10/06/2025;1201;KERABEN GRUPO, S.A.;112,14;23,55;112,14
;1251410468;27/03/2025;264;DIADORA SPORT, S.R.L.;47,85;10,05;47,85
;1251411639;07/04/2025;264;DIADORA SPORT, S.R.L.;52,65;11,06;52,65
;1251415168;12/05/2025;264;DIADORA SPORT, S.R.L.;1345,15;282,48;1345,15
;1251416298;22/05/2025;264;DIADORA SPORT, S.R.L.;276,65;58,1;276,65
;1251416299;22/05/2025;264;DIADORA SPORT, S.R.L.;401,25;84,26;401,25
;1251417658;05/06/2025;264;DIADORA SPORT, S.R.L.;788,99;165,69;788,99
;1251500945;28/04/2025;264;DIADORA SPORT, S.R.L.;-235,4;-49,43;-235,4
;1-315.028;03/04/2025;4964;INGEPERFIL, S.L.;1717,4;360,65;1717,4
;1-315.813;13/05/2025;4964;INGEPERFIL, S.L.;576,81;121,13;576,81
;1333531641;25/02/2025;3550;BSH ELECTRODOMESTICOS ESPA•A, S.A.;420,58;88,32;420,58
;1333558412;17/03/2025;3550;BSH ELECTRODOMESTICOS ESPA•A, S.A.;254,3;53,4;254,3
;1333627592;13/05/2025;3550;BSH ELECTRODOMESTICOS ESPA•A, S.A.;337,43;70,86;337,43
;1333674403;16/06/2025;3550;BSH ELECTRODOMESTICOS ESPA•A, S.A.;212,07;44,53;212,07
;1914035565;15/01/2025;3273;FUSTES LLEIDA, S.L.;1005,85;211,23;1005,85
;1914036545;14/04/2025;3273;FUSTES LLEIDA, S.L.;156,52;32,87;156,52
;1914036874;15/05/2025;3273;FUSTES LLEIDA, S.L.;139,77;29,35;139,77
;1914037039;31/05/2025;3273;FUSTES LLEIDA, S.L.;309,65;65,03;309,65
;1914037210;14/06/2025;3273;FUSTES LLEIDA, S.L.;1427,41;299,76;1427,41
;2.500.202;10/02/2025;9039;PREFABRICADOS FRAGA, S.A.;1273,8;267,5;1273,8
;24-023504;15/01/2025;841;SOC.ANON.SERVEI I COMERÄ ELECTRODOMESTIC;1573,8;330,5;1609,35
;24132171;03/03/2025;7048;MAKITA, S.A.;111,55;23,43;111,55
;25/0013;23/04/2025;15422;WOOD ROOF ARAN, S.L.U.;4450;934,5;4450
;25/022610;04/02/2025;15191;NABALIA ENERGIA 2000, SA;3144,97;660,44;3144,97
;25/042557;04/03/2025;15191;NABALIA ENERGIA 2000, SA;2133,92;448,12;2133,92
;25-ene;13/01/2025;2747;SAURMIDECOR S.L;-65,12;-13,68;-65,12
;25/117;28/01/2025;13947;BALUE JUSTO ADVOCATS, S.L.;750;157,5;750
;25-feb;08/01/2025;13947;BALUE JUSTO ADVOCATS, S.L.;767,6;161,2;767,6
;25/55;13/02/2025;6277;MARMOLES ROYES, S.C.;1129;237,09;1129
;250.606;29/01/2025;4402;INDUSTRIAL BLANSOL, SA;1102,95;231,62;1102,95
;2500001050;28/02/2025;6004;MORTERO BENSEC SL;1706,24;358,31;1706,24
;2500001268;07/01/2025;4813;EHLIS, S.A.;157,17;33,01;157,17
;250000175;04/04/2025;17404;MORTERO BENSEC SL;-3027,13;-635,7;-3027,13
;2500003675;01/03/2025;11602;DE LAGE LANDEN INTERNATIONAL V.V.;158,55;33,3;158,55
;25-000059;20/01/2025;1460;AFFINI BATH, SL;112,86;23,7;112,86
;2500007592;14/01/2025;4813;EHLIS, S.A.;259,43;54,48;259,43
;250000901;06/02/2025;9091;CERAMICA LA ESCANDELLA, S.A.;32,88;6,91;32,88
;2500010926;16/01/2025;4813;EHLIS, S.A.;-37,78;-7,93;-37,78
;2500012004;17/01/2025;4813;EHLIS, S.A.;77;16,17;77
;250001508;14/01/2025;2748;GME DIVISION DE BA•OS SL;14,95;3,14;14,95
;2500015221;21/01/2025;4813;EHLIS, S.A.;121,41;25,5;121,41
;25-000160;31/01/2025;1460;AFFINI BATH, SL;974,13;204,57;974,13
;2500016968;22/01/2025;4813;EHLIS, S.A.;135;28,35;135
;2500018645;25/06/2025;18590;ACUMBAMAIL S.L.;65,29;13,71;65,29
;2500019067;23/01/2025;4813;EHLIS, S.A.;1288,8;270,65;1288,8
;2500019539;24/01/2025;4813;EHLIS, S.A.;751,34;157,78;751,34
;25000213;27/02/2025;964;MCF HIDRO LIGHTNING S.L.;420,18;88,24;420,18
;2500021520;27/01/2025;4813;EHLIS, S.A.;194,73;40,89;194,73
;25-000223;05/02/2025;841;SOC.ANON.SERVEI I COMERÄ ELECTRODOMESTIC;3635,02;763,35;3635,02
;25/033820;18/02/2025;15191;NABALIA ENERGIA 2000, SA;1065,85;223,83;1065,85
;25/036197;21/02/2025;15191;NABALIA ENERGIA 2000, SA;305,55;64,17;305,55
;25/040298;03/03/2025;15191;NABALIA ENERGIA 2000, SA;72,97;15,32;72,97
;25/055057;19/03/2025;15191;NABALIA ENERGIA 2000, SA;240,19;50,44;240,19
;25/525;11/03/2025;13947;BALUE JUSTO ADVOCATS, S.L.;859;180,39;859
;25/607;15/04/2025;920;COIMPE SUMINISTROS, S.L.;51,48;10,81;51,48
;25/641;25/04/2025;920;COIMPE SUMINISTROS, S.L.;1112,38;233,6;1112,38
;25-jul;14/01/2025;13947;BALUE JUSTO ADVOCATS, S.L.;933;195,93;933
;25/83;20/01/2025;13947;BALUE JUSTO ADVOCATS, S.L.;110;23,1;110
;2500000236;02/01/2025;4813;EHLIS, S.A.;59,43;12,48;59,43
;2500000475;31/01/2025;6004;MORTERO BENSEC SL;1588;333,48;1588
;2500000762;15/02/2025;6004;MORTERO BENSEC SL;2812,64;590,65;2812,64
;2500001439;07/01/2025;4813;EHLIS, S.A.;253,33;53,2;253,33
;2500002553;15/05/2025;6004;MORTERO BENSEC SL;3620,48;760,3;3620,48
;250000269;13/03/2025;19091;CERAMICA LA ESCANDELLA, S.A.;-33,3;-6,99;-33,3
;2500002997;09/01/2025;4813;EHLIS, S.A.;785,54;164,96;785,54
;2500003433;09/01/2025;4813;EHLIS, S.A.;225,65;47,39;225,65
;25000037;16/01/2025;964;MCF HIDRO LIGHTNING S.L.;569,68;119,63;569,68
;25-0000412;10/01/2025;3441;ALFA DYSER, S.L.;-139,19;-29,23;-139,19
;25000052;07/01/2025;1034;OTM SISTEMAS CONSTRUCTIVOS, S.L.U.;900;189;900
;2500005879;13/01/2025;4813;EHLIS, S.A.;110,57;23,22;110,57
;250000657;29/01/2025;9091;CERAMICA LA ESCANDELLA, S.A.;1732,89;363,91;1732,89
;250000687;31/01/2025;5891;COMERCIAL PERALBA S.A;183,6;38,56;183,6
;2500007612;14/01/2025;4813;EHLIS, S.A.;95,13;19,98;95,13
;2500007619;14/01/2025;4813;EHLIS, S.A.;891,14;187,14;891,14
;2500007764;14/01/2025;4813;EHLIS, S.A.;13,4;2,81;13,4
;2500010725;16/01/2025;4813;EHLIS, S.A.;487,18;102,31;487,18
;2500011599;17/01/2025;4813;EHLIS, S.A.;40,4;8,48;40,4
;2500012464;26/04/2025;18590;ACUMBAMAIL S.L.;65,29;13,71;65,29
;2500013297;20/01/2025;4813;EHLIS, S.A.;655,32;137,62;655,32
;2500015456;26/05/2025;18590;ACUMBAMAIL S.L.;65,29;13,71;65,29
;2500024573;29/01/2025;4813;EHLIS, S.A.;473,81;99,5;473,81
;250002481;04/04/2025;9091;CERAMICA LA ESCANDELLA, S.A.;1944;408,24;1944
;2500027272;31/01/2025;4813;EHLIS, S.A.;122;25,62;122
;2500031059;03/02/2025;4813;EHLIS, S.A.;129,4;27,17;129,4
;2500032959;04/02/2025;4813;EHLIS, S.A.;786,49;165,16;786,49
;2500035017;05/02/2025;4813;EHLIS, S.A.;1701,56;357,33;1701,56
;2500039031;10/02/2025;4813;EHLIS, S.A.;438,91;92,17;438,91
;2500042866;13/02/2025;4813;EHLIS, S.A.;374,98;78,75;374,98
;2500042883;13/02/2025;4813;EHLIS, S.A.;361,6;75,94;361,6
;2500043974;14/02/2025;4813;EHLIS, S.A.;93,41;19,62;93,41
;2500045137;17/02/2025;4813;EHLIS, S.A.;300,23;63,05;300,23
;2500046868;18/02/2025;4813;EHLIS, S.A.;9,46;1,99;9,46
;2500047626;18/02/2025;4813;EHLIS, S.A.;428,92;90,07;428,92
;250005003;31/01/2025;2748;GME DIVISION DE BA•OS SL;243,2;51,07;243,2
;250005386;04/02/2025;2748;GME DIVISION DE BA•OS SL;244,85;51,42;244,85
;2500054287;25/02/2025;4813;EHLIS, S.A.;415,71;87,3;415,71
;2500061212;27/02/2025;4813;EHLIS, S.A.;4,48;0,94;4,48
;25-0006391;10/03/2025;3441;ALFA DYSER, S.L.;-32,6;-6,85;-32,6
;2500067823;03/03/2025;4813;EHLIS, S.A.;141,71;29,76;141,71
;2500069140;03/03/2025;4813;EHLIS, S.A.;18,28;3,84;18,28
;2500078087;06/03/2025;4813;EHLIS, S.A.;4,73;0,99;4,73
;2500080107;07/03/2025;4813;EHLIS, S.A.;133,15;27,96;133,15
;25-00084;11/02/2025;841;SOC.ANON.SERVEI I COMERÄ ELECTRODOMESTIC;-310,49;-65,2;-310,49
;250008701;21/02/2025;2748;GME DIVISION DE BA•OS SL;68,48;14,38;68,48
;2500089871;14/03/2025;4813;EHLIS, S.A.;401,73;84,36;401,73
;250009;20/01/2025;8649;CHMC INSTALACION Y DISTRIBUCION, S.L.;210;44,1;210
;2500097363;19/03/2025;4813;EHLIS, S.A.;-493,63;-103,66;-493,63
;2500097364;19/03/2025;4813;EHLIS, S.A.;-84,25;-17,69;-84,25
;2500100675;30/04/2025;2118;CUBIERTAS Y ACCESORIOS VITORIA, S.L;1150,9;241,69;1150,9
;2500100928;20/03/2025;4813;EHLIS, S.A.;183,79;38,6;183,79
;2500104166;24/03/2025;4813;EHLIS, S.A.;257,89;54,16;257,89
;2500106519;25/03/2025;4813;EHLIS, S.A.;329,07;69,1;329,07
;25001077;15/04/2025;6672;FALMEC IBERIA, SL;315;66,15;315
;2500108428;26/03/2025;4813;EHLIS, S.A.;264,83;55,61;264,83
;25001119;17/02/2025;2142;IMCOINSA 1985, S.L.;168,37;35,36;168,37
;2500115045;31/03/2025;14813;EHLIS, S.A.;-591;-124,11;-591
;2500117275;01/04/2025;4813;EHLIS, S.A.;295,05;61,96;295,05
;2500117886;01/04/2025;4813;EHLIS, S.A.;130,11;27,32;130,11
;2500119526;02/04/2025;4813;EHLIS, S.A.;226,68;47,6;226,68
;250012;09/01/2025;8005;TORNILLERIA VERGARESA, S.L.;297,09;62,39;297,09
;2500121164;02/04/2025;4813;EHLIS, S.A.;376,6;79,09;376,6
;2500127234;01/04/2025;14813;EHLIS, S.A.;945,5;198,56;945,5
;25-001291;20/06/2025;16354;COROB IBERIA, S.L.U.;82;17,22;82
;2500134266;11/04/2025;4813;EHLIS, S.A.;98,5;20,69;98,5
;250013445;21/03/2025;2748;GME DIVISION DE BA•OS SL;138,57;29,1;138,57
;2500136426;15/04/2025;4813;EHLIS, S.A.;98,52;20,69;98,52
;2500138527;15/04/2025;4813;EHLIS, S.A.;-36,53;-7,67;-36,53
;2500139884;16/04/2025;4813;EHLIS, S.A.;57,62;12,1;57,62
;2500150225;29/04/2025;4813;EHLIS, S.A.;409,6;86,02;409,6
;2500157;31/01/2025;9349;GRONPESTANKA, SLU;295;61,95;295
;2500159386;07/05/2025;4813;EHLIS, S.A.;337,69;70,91;337,69
;2500162550;09/05/2025;4813;EHLIS, S.A.;311,59;65,43;311,59
;2500166;10/01/2025;9305;F.F. BOFILL, S.A.;390,64;82,03;390,64
;25001698;07/04/2025;1034;OTM SISTEMAS CONSTRUCTIVOS, S.L.U.;316,17;66,4;316,17
;25001717;15/01/2025;8826;COMERCIAL SALGAR, S.A.;268,2;56,32;268,2
;250017583;11/04/2025;2748;GME DIVISION DE BA•OS SL;198,43;41,67;198,43
;2500180799;22/05/2025;4813;EHLIS, S.A.;135,66;28,49;135,66
;2500181177;22/05/2025;4813;EHLIS, S.A.;48,15;10,11;48,15
;2500185500;27/05/2025;4813;EHLIS, S.A.;612,28;128,58;612,28
;2500186578;28/05/2025;4813;EHLIS, S.A.;329,45;69,18;329,45
;2500189268;29/05/2025;4813;EHLIS, S.A.;70,49;14,8;70,49
;2500190042;30/05/2025;4813;EHLIS, S.A.;325,85;68,43;325,85
;2500191979;02/06/2025;4813;EHLIS, S.A.;297,68;62,51;297,68
;25001945;27/03/2025;7243;BOSCH MARIN, S.L.;1341,32;281,68;1341,32
;2500198388;04/06/2025;4813;EHLIS, S.A.;108,74;22,84;108,74
;2500199742;05/06/2025;4813;EHLIS, S.A.;115,23;24,2;115,23
;2500203822;09/06/2025;4813;EHLIS, S.A.;489,27;102,75;489,27
;2500210621;13/06/2025;4813;EHLIS, S.A.;785;164,85;785
;2500214600;17/06/2025;4813;EHLIS, S.A.;548,85;115,26;548,85
;2500217535;18/06/2025;4813;EHLIS, S.A.;303,24;63,68;303,24
;250022131;14/05/2025;2748;GME DIVISION DE BA•OS SL;219,43;46,08;219,43
;2500224456;25/06/2025;4813;EHLIS, S.A.;512,23;107,57;512,23
;250023590;22/05/2025;2748;GME DIVISION DE BA•OS SL;24,32;5,11;24,32
;250023647;22/05/2025;2748;GME DIVISION DE BA•OS SL;134,86;28,32;134,86
;25002372;15/05/2025;1034;OTM SISTEMAS CONSTRUCTIVOS, S.L.U.;1666,07;349,87;1666,07
;25-002573;12/03/2025;841;SOC.ANON.SERVEI I COMERÄ ELECTRODOMESTIC;2260,5;474,71;2260,5
;250028113;17/06/2025;2748;GME DIVISION DE BA•OS SL;390,77;82,06;390,77
;25003;14/01/2025;14591;SUILS COMMODITY, S.L.;519,65;109,13;519,65
;25-003993;02/04/2025;841;SOC.ANON.SERVEI I COMERÄ ELECTRODOMESTIC;1351,68;283,85;1351,68
;25-005819;15/05/2025;536;HIDRO LLEIDA S.A.;3114,86;654,13;3114,86
;25-006658;31/05/2025;536;HIDRO LLEIDA S.A.;2608,18;547,72;2608,18
;2500729;13/03/2025;9588;DUCASA CLIMA, S.A.;94,56;19,86;94,56
;25007875;15/02/2025;8826;COMERCIAL SALGAR, S.A.;574,56;120,66;574,56
;25-007882;28/05/2025;841;SOC.ANON.SERVEI I COMERÄ ELECTRODOMESTIC;1154,7;242,49;1154,7
;2500929;08/02/2025;16080;WIRQUIN CALAF, S.L.;-85,08;-17,87;-85,08
;25009906;10/04/2025;583;PLASTICOS TA-TAY,S.A.;376,01;78,96;376,01
;25010012;13/05/2025;7676;FABRICACION DE MATERIAL ELECTRICO, S.A.;520,21;109,24;520,21
;2501001801;20/01/2025;4983;CATA ELECTRODOMESTICOS, S.L.;274,82;57,71;274,82
;2501003404;17/03/2025;20055;POALGI, S.L.;60;12,6;60
;2501004802;14/04/2025;20055;POALGI, S.L.;555,6;116,68;555,6
;2501005087;22/04/2025;20055;POALGI, S.L.;215,8;45,32;215,8
;2501007517;25/02/2025;4983;CATA ELECTRODOMESTICOS, S.L.;240,57;50,52;240,57
;2501007664;26/02/2025;4983;CATA ELECTRODOMESTICOS, S.L.;189,84;39,87;189,84
;25010149;29/04/2025;7048;MAKITA, S.A.;7,76;1,63;7,76
;2501173;24/02/2025;7548;ACO PRODUCTOS POLIMEROS, S.A.;174,8;36,71;174,8
;2501237;16/05/2025;5946;GERMANS ALEGRET, S.L.;49,74;10,45;49,74
;25012723;17/06/2025;7676;FABRICACION DE MATERIAL ELECTRICO, S.A.;422,29;88,68;422,29
;2501303;26/05/2025;5946;GERMANS ALEGRET, S.L.;48,08;10,1;48,08
;250135;26/03/2025;2954;TALLERS GERMANS GALIANO, SL;12800;2688;12800
;2501412;06/05/2025;4969;BUR 2000, S.A.;3225,92;677,45;3225,92
;25014167;15/03/2025;8826;COMERCIAL SALGAR, S.A.;991,23;208,16;991,23
;2501464;31/03/2025;3180;GRONPES, S.L.;59,46;12,49;59,46
;2501467;09/05/2025;4969;BUR 2000, S.A.;2337,98;490,98;2337,98
;25015124;26/03/2025;6078;BELLOTA HERRAMIENTAS, S.A.;21,89;4,6;21,89
;2501751;28/02/2025;8235;MADERAS PLANES, S.L.;491,12;103,14;491,12
;250180;15/04/2025;2954;TALLERS GERMANS GALIANO, SL;-1600;-336;-1600
;250202674;28/02/2025;1235;COMERCIAL SANYC CES, S.L.;89,65;18,83;89,65
;25020472;04/06/2025;7048;MAKITA, S.A.;171,23;35,96;171,23
;25020517;15/04/2025;8826;COMERCIAL SALGAR, S.A.;254,79;53,51;254,79
;25020962;15/04/2025;8826;COMERCIAL SALGAR, S.A.;228;47,88;228
;2502174;30/04/2025;3180;GRONPES, S.L.;48,73;10,23;48,73
;2502203;31/03/2025;7548;ACO PRODUCTOS POLIMEROS, S.A.;2300,13;483,03;2300,13
;25022119;15/04/2025;8826;COMERCIAL SALGAR, S.A.;-1333,53;-280,04;-1333,53
;25022558;11/03/2025;14562;SISTEMAS DIGITALES CORPORATE, S.L.;375,44;78,84;375,44
;2502506;06/05/2025;3954;BATHCO;1899,7;398,94;1899,7
;25025580;16/06/2025;7048;MAKITA, S.A.;560,54;117,71;560,54
;25027199;15/01/2025;17455;GRESPANIA, S.A.;-309,28;-64,95;-309,28
;25029027;23/06/2025;7048;MAKITA, S.A.;34,92;7,33;34,92
;250300737;15/03/2025;7134;ALBERTO SOLER, S.A.;194,72;40,89;194,72
;25031654;27/06/2025;7048;MAKITA, S.A.;244,44;51,33;244,44
;25-032;30/05/2025;17459;JESÈS RAIMUNDO DIG‡N SANTIN;1300;273;1300
;2503320;12/06/2025;3954;BATHCO;110,15;23,13;110,15
;2503380401;31/03/2025;12006;MOVISTAR PROSEGUR ALARMAS, S.L.;53,77;11,29;53,77
;25036201;29/04/2025;14562;SISTEMAS DIGITALES CORPORATE, S.L.;664;139,44;664
;2504005998;01/01/2025;11265;ASCENSORES GALO, S.L.U;42;8,82;42
;2504007495;01/02/2025;11265;ASCENSORES GALO, S.L.U;42;8,82;42
;2504008559;01/03/2025;11265;ASCENSORES GALO, S.L.U;288,67;60,62;288,67
;2504018102;01/06/2025;11265;ASCENSORES GALO, S.L.U;175;36,75;175
;2505005161;07/05/2025;12006;MOVISTAR PROSEGUR ALARMAS, S.L.;62,06;13,03;62,06
;2505-01121;20/05/2025;50044;SPAX TORNILLER÷A, S.A.U.;127,16;26,7;127,16
;2505100222;20/03/2025;4983;CATA ELECTRODOMESTICOS, S.L.;187,21;39,31;187,21
;25054911;26/06/2025;14562;SISTEMAS DIGITALES CORPORATE, S.L.;279,63;58,72;279,63
;250600247;06/06/2025;1235;COMERCIAL SANYC CES, S.L.;662,01;139,02;662,01
;2506003775;19/06/2025;12448;ECOTISA UNA TINTA DE IMPRESION SLU;192;40,32;192
;250602450;27/06/2025;1235;COMERCIAL SANYC CES, S.L.;4716,95;990,56;4716,95
;251000282;25/03/2025;138;GRUPO INTERAZULEJO, SLU;153,83;32,32;153,83
;251000314;28/02/2025;10778;PRETENSADOS RIBERA, S.L.;60,91;12,79;60,91
;25100059;10/01/2025;2339;BUJIOL S.L.;119,36;25,07;119,36
;251000749;30/04/2025;10778;PRETENSADOS RIBERA, S.L.;29,7;6,24;29,7
;251000750;30/04/2025;10778;PRETENSADOS RIBERA, S.L.;19,88;4,17;19,88
;251000923;31/05/2025;10778;PRETENSADOS RIBERA, S.L.;188,94;39,68;188,94
;2510013503;30/03/2025;4813;EHLIS, S.A.;1486;312,06;1486
;2510019132;02/05/2025;4813;EHLIS, S.A.;98,58;20,7;98,58
;2510024296;01/01/2025;11438;ALPHABET ESPA•A FLEET MANAGEMENT, S.A.U.;927,16;194,7;927,16
;2510027365;10/06/2025;4813;EHLIS, S.A.;296;62,16;296
;2510029401;20/06/2025;4813;EHLIS, S.A.;296;62,16;296
;251007095;27/05/2025;6197;PRESTO IBERICA, S.A.;586,6;123,19;586,6
;25101296;28/03/2025;2955;GRIFERIA SANITARIA ROVIRA, S.A.;216,05;45,37;216,05
;25101372;31/03/2025;2955;GRIFERIA SANITARIA ROVIRA, S.A.;1122;235,62;1122
;25102042;25/04/2025;2339;BUJIOL S.L.;509,5;107;509,5
;25102799;09/06/2025;2955;GRIFERIA SANITARIA ROVIRA, S.A.;851,4;178,79;851,4
;25106108;19/02/2025;7687;SOPREMA IBERIA, S.L.U.;1724,93;362,24;1724,93
;25110893;27/03/2025;7687;SOPREMA IBERIA, S.L.U.;492,66;103,46;492,66
;25117131;14/05/2025;7687;SOPREMA IBERIA, S.L.U.;1999,4;419,87;1999,4
;251303;14/05/2025;872;SOLARTECNIK, S.L.;109,2;22,93;109,2
;252000595;31/01/2025;10778;PRETENSADOS RIBERA, S.L.;148,23;31,13;148,23
;252000600;31/01/2025;10778;PRETENSADOS RIBERA, S.L.;568,27;119,34;568,27
;252000858;28/02/2025;10778;PRETENSADOS RIBERA, S.L.;1043,59;219,15;1043,59
;252000859;28/02/2025;10778;PRETENSADOS RIBERA, S.L.;3,87;0,81;3,87
;252000860;28/02/2025;10778;PRETENSADOS RIBERA, S.L.;48,38;10,16;48,38
;252000861;28/02/2025;10778;PRETENSADOS RIBERA, S.L.;109,01;22,89;109,01
;252000862;28/02/2025;10778;PRETENSADOS RIBERA, S.L.;6;1,26;6
;252000868;28/02/2025;10778;PRETENSADOS RIBERA, S.L.;569,04;119,5;569,04
;252001333;31/03/2025;10778;PRETENSADOS RIBERA, S.L.;79,29;16,65;79,29
;252001334;31/03/2025;10778;PRETENSADOS RIBERA, S.L.;819,42;172,08;819,42
;252001339;31/03/2025;10778;PRETENSADOS RIBERA, S.L.;185,8;39,02;185,8
;252002097;30/04/2025;10778;PRETENSADOS RIBERA, S.L.;15,47;3,25;15,47
;252002105;30/04/2025;10778;PRETENSADOS RIBERA, S.L.;9,57;2,01;9,57
;252002748;31/05/2025;10778;PRETENSADOS RIBERA, S.L.;70,19;14,74;70,19
;252002752;31/05/2025;10778;PRETENSADOS RIBERA, S.L.;3,62;0,76;3,62
;252002756;31/05/2025;10778;PRETENSADOS RIBERA, S.L.;0,82;0,17;0,82
;25200614;12/02/2025;6847;DCU ADVANCE TECNOLOGIC, S.L.;212,04;44,53;212,04
;701056954;19/05/2025;20183;LEDVANCE LIGHTING, S.A.U.;460,3;96,66;460,3
;7125000797;24/01/2025;4634;CIFRE CERAMICA, S.L.;167,5;35,18;167,5
;7125001515;12/02/2025;4634;CIFRE CERAMICA, S.L.;439,32;92,26;439,32
;7125002189;27/02/2025;4634;CIFRE CERAMICA, S.L.;342,22;71,87;342,22
;7125002521;06/03/2025;4634;CIFRE CERAMICA, S.L.;149,89;31,48;149,89
;7125002920;17/03/2025;4634;CIFRE CERAMICA, S.L.;114,52;24,05;114,52
;7125003802;08/04/2025;4634;CIFRE CERAMICA, S.L.;924,64;194,17;924,64
;7125004164;16/04/2025;4634;CIFRE CERAMICA, S.L.;383,55;80,55;383,55
;7125004377;24/04/2025;4634;CIFRE CERAMICA, S.L.;127,71;26,82;127,71
;7125004849;07/05/2025;4634;CIFRE CERAMICA, S.L.;24,11;5,06;24,11
;7125006738;18/06/2025;4634;CIFRE CERAMICA, S.L.;24,75;5,2;24,75
;7250417;03/06/2025;3180;GRONPES, S.L.;-416,5;-87,47;-416,5
;7411/25;30/01/2025;13989;NAU ARAN, S.C.P.;240;50,4;240
;7437/25;11/02/2025;13989;NAU ARAN, S.C.P.;900;189;900
;7600196910;28/02/2025;192;PROMOTORA MEDITERRANEA-2, S.A.;1824;383,04;1824
;25000024;02/01/2025;583;PLASTICOS TA-TAY,S.A.;488,2;102,52;488,2
;25016228;13/06/2025;583;PLASTICOS TA-TAY,S.A.;161,16;33,84;161,16
;25130403;21/05/2025;7246;ROYO SPAIN, S.L.;511,67;107,45;511,67
;25505255;17/02/2025;6917;FIORA BATH COLLECTIONS, S.L.;378,3;79,44;378,3
;25512720;20/05/2025;6917;FIORA BATH COLLECTIONS, S.L.;322,52;67,73;322,52
;01/01223;20/01/2025;2621;COFAN LA MANCHA, S.A.;168,32;35,35;168,32
;01/01914;29/01/2025;2621;COFAN LA MANCHA, S.A.;153,62;32,25;153,62
;01/07207;10/02/2025;2621;COFAN LA MANCHA, S.A.;154,86;32,52;154,86
;01/07307;11/02/2025;2621;COFAN LA MANCHA, S.A.;159,61;33,52;159,61
;01/08404;24/02/2025;2621;COFAN LA MANCHA, S.A.;129,82;27,26;129,82
;01/08738;27/02/2025;2621;COFAN LA MANCHA, S.A.;186,78;39,22;186,78
;01/14445;18/03/2025;2621;COFAN LA MANCHA, S.A.;216,37;45,43;216,37
;01/15059;26/03/2025;2621;COFAN LA MANCHA, S.A.;165,04;34,65;165,04
;01/20137;02/04/2025;2621;COFAN LA MANCHA, S.A.;159,88;33,58;159,88
;01/27136;09/05/2025;2621;COFAN LA MANCHA, S.A.;184,3;38,7;184,3
;01/28267;22/05/2025;2621;COFAN LA MANCHA, S.A.;184,26;38,7;184,26
;01/28416;23/05/2025;2621;COFAN LA MANCHA, S.A.;165,03;34,66;165,03
;01/28805;28/05/2025;2621;COFAN LA MANCHA, S.A.;125,73;26,4;125,73
;01/28985;29/05/2025;2621;COFAN LA MANCHA, S.A.;187,23;39,32;187,23
;01/29228;30/05/2025;2621;COFAN LA MANCHA, S.A.;270,18;56,74;270,18
;100023138;27/05/2025;4983;CATA ELECTRODOMESTICOS, S.L.;764,39;160,52;764,39
;250001033;14/02/2025;17529;BENITO URBAN, SLU;-41,54;-8,72;-41,54
;250891812;31/05/2025;12407;SOC. ESTATAL CORREOS Y TELEGRAFOS, S.A.;28,71;6,03;58,97
;2500022449;28/01/2025;4813;EHLIS, S.A.;131;27,51;131
;25-000232;10/02/2025;1460;AFFINI BATH, SL;27,36;5,75;27,36
;2500027242;31/01/2025;4813;EHLIS, S.A.;15,6;3,28;15,6
;2500029987;03/02/2025;4813;EHLIS, S.A.;452,45;95,01;452,45
;250003240;22/01/2025;2748;GME DIVISION DE BA•OS SL;143,71;30,18;143,71
;2500033001;04/02/2025;4813;EHLIS, S.A.;66,26;13,91;66,26
;250003485;23/01/2025;2748;GME DIVISION DE BA•OS SL;126,02;26,46;126,02
;2500035195;05/02/2025;4813;EHLIS, S.A.;662,71;139,17;662,71
;2500042360;13/02/2025;4813;EHLIS, S.A.;608;127,68;608
;2500042367;13/02/2025;4813;EHLIS, S.A.;1467,94;308,27;1467,94
;2500042843;13/02/2025;4813;EHLIS, S.A.;1228,88;258,06;1228,88
;25000468;10/01/2025;7676;FABRICACION DE MATERIAL ELECTRICO, S.A.;376,42;79,05;376,42
;2500048214;18/02/2025;4813;EHLIS, S.A.;500,54;105,11;500,54
;250004959;31/01/2025;2748;GME DIVISION DE BA•OS SL;215,56;45,27;215,56
;2500049685;20/02/2025;4813;EHLIS, S.A.;-112,67;-23,66;-112,67
;2500049969;20/02/2025;4813;EHLIS, S.A.;340,44;71,49;340,44
;2500050940;21/02/2025;4813;EHLIS, S.A.;149,67;31,43;149,67
;2500053765;25/02/2025;4813;EHLIS, S.A.;142,54;29,93;142,54
;250005744;05/02/2025;2748;GME DIVISION DE BA•OS SL;273,04;57,34;273,04
;25-000759;13/02/2025;841;SOC.ANON.SERVEI I COMERÄ ELECTRODOMESTIC;312,33;65,59;312,33
;2500084878;11/03/2025;4813;EHLIS, S.A.;21;4,41;21
;2500092142;14/03/2025;11444;APPLUS ITEUVE TECHNOLOGY, S.L.;52,41;11,01;56,59
;2500092143;14/03/2025;11444;APPLUS ITEUVE TECHNOLOGY, S.L.;34,09;7,16;38,27
;2500097168;19/03/2025;4813;EHLIS, S.A.;11,4;2,39;11,4
;2500097366;19/03/2025;4813;EHLIS, S.A.;-253,33;-53,2;-253,33
;2500097367;19/03/2025;4813;EHLIS, S.A.;-473,81;-99,5;-473,81
;250010034;28/02/2025;2748;GME DIVISION DE BA•OS SL;289,07;60,7;289,07
;2500101247;20/03/2025;4813;EHLIS, S.A.;773,69;162,47;773,69
;250010213;03/03/2025;2748;GME DIVISION DE BA•OS SL;143,71;30,18;143,71
;2500114677;31/03/2025;4813;EHLIS, S.A.;374,99;78,75;374,99
;2500118706;01/04/2025;4813;EHLIS, S.A.;334,6;70,27;334,6
;25001192;25/02/2025;7243;BOSCH MARIN, S.L.;29,77;6,25;29,77
;2500119605;02/04/2025;4813;EHLIS, S.A.;41,37;8,69;41,37
;2500122363;03/04/2025;4813;EHLIS, S.A.;513,39;107,81;513,39
;2500128443;08/04/2025;4813;EHLIS, S.A.;249;52,29;286,5
;2500133027;10/04/2025;4813;EHLIS, S.A.;401,1;84,23;401,1
;2500133294;11/04/2025;4813;EHLIS, S.A.;268,61;56,41;268,61
;2500133570;11/04/2025;4813;EHLIS, S.A.;436,17;91,6;436,17
;2500134;12/05/2025;8510;PEDRAVAL, S.L.;9504;1995,84;9504
;25-001375;15/02/2025;536;HIDRO LLEIDA S.A.;814,96;171,13;814,96
;2500138904;16/04/2025;4813;EHLIS, S.A.;289,84;60,87;289,84
;2500139178;16/04/2025;4813;EHLIS, S.A.;38,69;8,12;38,69
;2500141846;17/04/2025;4813;EHLIS, S.A.;335,74;70,51;335,74
;2500145166;23/04/2025;4813;EHLIS, S.A.;335,3;70,41;335,3
;2500150578;28/04/2025;4813;EHLIS, S.A.;503,7;105,78;503,7
;2500154328;02/05/2025;4813;EHLIS, S.A.;482,96;101,42;482,96
;250015437;01/04/2025;2748;GME DIVISION DE BA•OS SL;218,32;45,85;218,32
;250015546;02/04/2025;2748;GME DIVISION DE BA•OS SL;136,52;28,67;136,52
;25001556;31/03/2025;1034;OTM SISTEMAS CONSTRUCTIVOS, S.L.U.;236,28;49,62;236,28
;2500156181;05/05/2025;4813;EHLIS, S.A.;291,37;61,19;291,37
;2500157843;06/05/2025;4813;EHLIS, S.A.;150,26;31,55;150,26
;2500162718;09/05/2025;4813;EHLIS, S.A.;895,16;187,98;895,16
;25-0016284;28/02/2025;3441;ALFA DYSER, S.L.;4380,07;919,81;4380,07
;2500169210;14/05/2025;4813;EHLIS, S.A.;145,64;30,58;145,64
;2500172726;16/05/2025;4813;EHLIS, S.A.;861,22;180,86;861,22
;2500176751;20/05/2025;4813;EHLIS, S.A.;145,68;30,59;145,68
;250017763;14/04/2025;2748;GME DIVISION DE BA•OS SL;151,45;31,8;151,45
;2500180604;22/05/2025;4813;EHLIS, S.A.;343,07;72,04;343,07
;2500185;11/06/2025;8510;PEDRAVAL, S.L.;2300,4;483,08;2300,4
;2500186310;27/05/2025;4813;EHLIS, S.A.;286,4;60,14;286,4
;2500186345;27/05/2025;4813;EHLIS, S.A.;113,89;23,92;113,89
;2500187057;28/05/2025;4813;EHLIS, S.A.;299,39;62,87;299,39
;25001925;05/04/2025;405;COBRES Y ALEACIONES PARA LA SOLDADURA,SA;1676,95;352,16;1676,95
;2500205690;10/06/2025;4813;EHLIS, S.A.;675,34;141,82;675,34
;2500207800;11/06/2025;4813;EHLIS, S.A.;32,51;6,83;32,51
;2500219883;19/06/2025;4813;EHLIS, S.A.;642,95;135,02;642,95
;250022431;15/05/2025;2748;GME DIVISION DE BA•OS SL;224,96;47,24;224,96
;2500224511;25/06/2025;4813;EHLIS, S.A.;230,84;48,48;230,84
;2500227379;26/06/2025;4813;EHLIS, S.A.;231,88;48,69;231,88
;250024379;27/05/2025;2748;GME DIVISION DE BA•OS SL;146,86;30,84;146,86
;25002604;29/04/2025;2151;INDUSTRIAL RECENSE, S.L.;559,6;117,52;559,6
;250027423;12/06/2025;2748;GME DIVISION DE BA•OS SL;1053,48;221,23;1053,48
;2500282;31/01/2025;9588;DUCASA CLIMA, S.A.;480,38;100,88;480,38
;250029515;26/06/2025;2748;GME DIVISION DE BA•OS SL;290,73;61,05;290,73
;2500335;06/02/2025;5946;GERMANS ALEGRET, S.L.;90;18,9;90
;25-003525;26/03/2025;841;SOC.ANON.SERVEI I COMERÄ ELECTRODOMESTIC;1858,23;390,23;1858,23
;25-004367;15/04/2025;536;HIDRO LLEIDA S.A.;528,35;110,95;528,35
;25004777;31/01/2025;8826;COMERCIAL SALGAR, S.A.;81;17,01;81
;25005005;11/04/2025;7048;MAKITA, S.A.;519,6;109,12;519,6
;2500565;24/02/2025;4969;BUR 2000, S.A.;998,33;209,65;998,33
;25-006256;07/05/2025;841;SOC.ANON.SERVEI I COMERÄ ELECTRODOMESTIC;2539,56;533,31;2539,56
;25-006792;14/05/2025;841;SOC.ANON.SERVEI I COMERÄ ELECTRODOMESTIC;1633,46;343,03;1633,46
;2500694;22/05/2025;9039;PREFABRICADOS FRAGA, S.A.;4047,94;850,07;4047,94
;2500007456;14/01/2025;4813;EHLIS, S.A.;2363,27;496,29;2363,27
;2500009386;27/03/2025;18590;ACUMBAMAIL S.L.;54,55;11,45;54,55
;2500011;02/01/2025;3954;BATHCO;268,99;56,49;268,99
;2500012050;17/01/2025;4813;EHLIS, S.A.;276,51;58,07;276,51
;2500012613;17/01/2025;4813;EHLIS, S.A.;409,58;86,01;409,58
;2500019549;24/01/2025;4813;EHLIS, S.A.;471,89;99,1;471,89
;2500023980;29/01/2025;4813;EHLIS, S.A.;406,74;85,42;406,74
;2500024916;29/01/2025;4813;EHLIS, S.A.;312,74;65,68;312,74
;2500025385;29/01/2025;4813;EHLIS, S.A.;84,25;17,69;84,25
;2500026971;31/01/2025;4813;EHLIS, S.A.;121,12;25,44;121,12
;2500031440;31/01/2025;14813;EHLIS, S.A.;945,5;198,56;945,5
;25-0003216;06/02/2025;3441;ALFA DYSER, S.L.;-59,11;-12,41;-59,11
;2500032902;04/02/2025;4813;EHLIS, S.A.;474,84;99,72;474,84
;2500034996;05/02/2025;4813;EHLIS, S.A.;57,55;12,09;57,55
;2500042352;13/02/2025;4813;EHLIS, S.A.;15,6;3,28;15,6
;25000438;14/05/2025;964;MCF HIDRO LIGHTNING S.L.;1268,56;266,4;1268,56
;25000439;28/01/2025;2142;IMCOINSA 1985, S.L.;194,27;40,8;194,27
;25000444;28/01/2025;2142;IMCOINSA 1985, S.L.;0,54;0,11;0,54
;2500046697;18/02/2025;4813;EHLIS, S.A.;506;106,26;506
;250004884;31/01/2025;2748;GME DIVISION DE BA•OS SL;232,14;48,75;232,14
;2500049831;20/02/2025;4813;EHLIS, S.A.;273,73;57,48;273,73
;2500053;08/01/2025;5946;GERMANS ALEGRET, S.L.;93,76;19,69;93,76
;2500060424;27/02/2025;4813;EHLIS, S.A.;314,32;66,01;314,32
;2500060489;27/02/2025;4813;EHLIS, S.A.;71,84;15,09;71,84
;2500061183;27/02/2025;4813;EHLIS, S.A.;4;0,84;4
;25-000643;31/01/2025;536;HIDRO LLEIDA S.A.;357,36;75,05;357,36
;250006692;11/02/2025;2748;GME DIVISION DE BA•OS SL;103,2;21,67;103,2
;25000785;20/03/2025;6672;FALMEC IBERIA, SL;15;3,15;15
;2500078507;06/03/2025;4813;EHLIS, S.A.;14,19;2,98;14,19
;2500082730;10/03/2025;4813;EHLIS, S.A.;48,88;10,26;48,88
;25-0008393;31/01/2025;3441;ALFA DYSER, S.L.;10099,46;2120,89;10099,46
;2500084316;11/03/2025;4813;EHLIS, S.A.;328,11;68,9;328,11
;2500084377;11/03/2025;4813;EHLIS, S.A.;399,51;83,9;399,51
;2500089880;14/03/2025;4813;EHLIS, S.A.;140,1;29,42;140,1
;25000912;17/02/2025;7243;BOSCH MARIN, S.L.;199,86;41,97;199,86
;2500091923;17/01/2025;11444;APPLUS ITEUVE TECHNOLOGY, S.L.;41,98;8,82;46,16
;2500095022;18/03/2025;4813;EHLIS, S.A.;95;19,95;95
;2500097278;19/03/2025;4813;EHLIS, S.A.;11,4;2,39;11,4
;250010200;03/03/2025;2748;GME DIVISION DE BA•OS SL;254,25;53,39;254,25
;2500106617;25/03/2025;4813;EHLIS, S.A.;317,91;66,76;317,91
;2500108986;27/03/2025;4813;EHLIS, S.A.;426,93;89,66;426,93
;2500111953;28/03/2025;14813;EHLIS, S.A.;-1233,8;-259,1;-1233,8
;2500115044;31/03/2025;14813;EHLIS, S.A.;-694;-145,74;-694
;250011748;12/03/2025;2748;GME DIVISION DE BA•OS SL;213,35;44,8;213,35
;2500123878;04/04/2025;4813;EHLIS, S.A.;148,91;31,27;148,91
;250012658;17/03/2025;2748;GME DIVISION DE BA•OS SL;105,41;22,14;105,41
;2500132713;10/04/2025;4813;EHLIS, S.A.;467,5;98,18;467,5
;2500136956;15/04/2025;4813;EHLIS, S.A.;519,6;109,12;519,6
;250013713;24/03/2025;2748;GME DIVISION DE BA•OS SL;208,93;43,88;208,93
;2500139246;16/04/2025;4813;EHLIS, S.A.;213,18;44,77;213,18
;2500140306;16/04/2025;4813;EHLIS, S.A.;4,06;0,85;4,06
;2500140697;17/04/2025;4813;EHLIS, S.A.;353,41;74,22;353,41
;2500141020;17/04/2025;4813;EHLIS, S.A.;284;59,64;284
;2500142058;22/04/2025;4813;EHLIS, S.A.;924,07;194,05;924,07
;2500145030;23/04/2025;4813;EHLIS, S.A.;370,69;77,84;370,69
;250015627;02/04/2025;2748;GME DIVISION DE BA•OS SL;269,17;56,53;269,17
;25-001617;26/02/2025;841;SOC.ANON.SERVEI I COMERÄ ELECTRODOMESTIC;3398,45;713,67;3410,3
;250016712;08/04/2025;2748;GME DIVISION DE BA•OS SL;350,42;73,59;350,42
;2500171962;16/05/2025;4813;EHLIS, S.A.;370,66;77,84;370,66
;2500172002;16/05/2025;4813;EHLIS, S.A.;86,6;18,19;86,6
;2500178621;21/05/2025;4813;EHLIS, S.A.;268,32;56,35;268,32
;2500180496;22/05/2025;4813;EHLIS, S.A.;487,75;102,43;487,75
;25001864;15/04/2025;1034;OTM SISTEMAS CONSTRUCTIVOS, S.L.U.;235,92;49,54;235,92
;2500188330;29/05/2025;4813;EHLIS, S.A.;206,87;43,44;206,87
;2500188572;29/05/2025;4813;EHLIS, S.A.;425,41;89,34;425,41
;2500198582;04/06/2025;4813;EHLIS, S.A.;272,08;57,14;272,08
;2500199538;04/06/2025;4813;EHLIS, S.A.;1572,24;330,17;1572,24
;250020445;05/05/2025;2748;GME DIVISION DE BA•OS SL;283,55;59,55;283,55
;250020494;06/05/2025;2748;GME DIVISION DE BA•OS SL;61,38;12,89;61,38
;25-002052;05/03/2025;841;SOC.ANON.SERVEI I COMERÄ ELECTRODOMESTIC;1825,45;383,34;1825,45
;2500205909;10/06/2025;4813;EHLIS, S.A.;860,25;180,65;860,25
;2500206992;11/06/2025;4813;EHLIS, S.A.;62,39;13,1;62,39
;2500207805;11/06/2025;4813;EHLIS, S.A.;287,03;60,28;287,03
;25002110;26/05/2025;4450;VALENPLAS, S.L.;297,18;62,41;297,18
;25-002115;28/02/2025;536;HIDRO LLEIDA S.A.;2282,81;479,39;2282,81
;250021567;12/05/2025;2748;GME DIVISION DE BA•OS SL;114,41;24,03;114,41
;2500218668;19/06/2025;4813;EHLIS, S.A.;433,27;90,99;433,27
;2500221987;23/06/2025;4813;EHLIS, S.A.;521,57;109,53;521,57
;2500222302;23/06/2025;4813;EHLIS, S.A.;171,55;36,03;171,55
;250023071;20/05/2025;2748;GME DIVISION DE BA•OS SL;258,67;54,32;258,67
;25002373;15/05/2025;1034;OTM SISTEMAS CONSTRUCTIVOS, S.L.U.;143,34;30,1;143,34
;250024381;27/05/2025;2748;GME DIVISION DE BA•OS SL;158,08;33,2;158,08
;250025259;30/05/2025;2748;GME DIVISION DE BA•OS SL;162,5;34,13;162,5
;2500267429;12/06/2025;15169;BANCO BILBAO VIZCAYA ARGENTARIA, S.A.;6;1,26;9,09
;28022363;17/02/2025;11866;RODI ARAN, S.L.;421,35;88,48;425,53
;28023431;24/04/2025;11866;RODI ARAN, S.L.;1113,93;233,93;1113,93
;039/V25/49;10/01/2025;2340;ARAPELLET, S.L.;5457,38;1146,05;5457,38
;833793651;25/03/2025;10013;BANCO SANTANDER, S.A.;57,9;12,16;57,9
;1366;16/06/2025;13947;BALUE JUSTO ADVOCATS, S.L.;110;23,1;110
;137;13/02/2025;2171;INYERASP, S.L.;285;59,85;285
;139/25;11/02/2025;13383;SILVIA BUELVAS OROZCO;169,8;35,66;169,8
;1851927179;14/03/2025;6799;HENKEL IBERICA, S.A.;576;120,96;576
;22501570;15/01/2025;7494;GRUPODESA FASTENERS, S.A.U.;111,08;23,33;111,08
;22504952;05/02/2025;7494;GRUPODESA FASTENERS, S.A.U.;106,11;22,28;106,11
;2250517201;26/05/2025;17543;VELILLA GROUP EUROPE, SLU;1341,23;281,66;1341,23
;22506617;17/02/2025;7494;GRUPODESA FASTENERS, S.A.U.;169,15;35,52;169,15
;22510079;11/03/2025;7494;GRUPODESA FASTENERS, S.A.U.;140,32;29,47;140,32
;225102944;21/03/2025;6340;MARAZZI IBERIA, S.A.U.;474,56;99,66;474,56
;225105813;30/05/2025;6340;MARAZZI IBERIA, S.A.U.;348,66;73,22;348,66
;22514874;10/04/2025;7494;GRUPODESA FASTENERS, S.A.U.;281,56;59,13;281,56
;22522013;31/05/2025;7494;GRUPODESA FASTENERS, S.A.U.;301,3;63,27;301,3
;22525271;19/06/2025;7494;GRUPODESA FASTENERS, S.A.U.;123,6;25,96;123,6
;252117;31/03/2025;4256;MECANO CAMP, S.A.;415,41;87,24;415,41
;25-21798;13/06/2025;1973;STANDARD HIDRµULICA, S.A.U.;377,62;79,3;377,62
;252298;09/04/2025;4256;MECANO CAMP, S.A.;168,39;35,36;168,39
;252500743;09/04/2025;6793;PLABELL COMERCIAL,S.L.;2061,42;432,9;2061,42
;252929;06/05/2025;4256;MECANO CAMP, S.A.;286,89;60,25;286,89
;2532000423;05/02/2025;14708;BIGMAT LOGISTICA, S.A.;100;21;100
;2532000637;05/03/2025;14708;BIGMAT LOGISTICA, S.A.;100;21;100
;2532000851;05/04/2025;14708;BIGMAT LOGISTICA, S.A.;100;21;100
;2532001068;05/05/2025;14708;BIGMAT LOGISTICA, S.A.;100;21;100
;2532001284;05/06/2025;14708;BIGMAT LOGISTICA, S.A.;100;21;100
;253567;31/05/2025;4256;MECANO CAMP, S.A.;622,36;130,7;622,36
;253637;15/06/2025;4256;MECANO CAMP, S.A.;99,02;20,79;99,02
;253890;18/06/2025;4256;MECANO CAMP, S.A.;715,77;150,31;715,77
;2540000458;09/05/2025;4708;BIGMAT LOGISTICA, S.A.;-18,09;-3,8;-18,09
;2540000894;13/01/2025;4708;BIGMAT LOGISTICA, S.A.;8507,6;1786,6;8507,6
;2540001352;16/01/2025;4708;BIGMAT LOGISTICA, S.A.;3060,61;642,73;3060,61
;254000272;19/05/2025;9813;BIGMAT IBERIA, S.A.;-187,2;-39,31;-187,2
;2540003813;10/02/2025;4708;BIGMAT LOGISTICA, S.A.;5169,66;1085,63;5169,66
;2540004242;13/02/2025;4708;BIGMAT LOGISTICA, S.A.;2619,39;550,07;2619,39
;2540004510;17/02/2025;4708;BIGMAT LOGISTICA, S.A.;3436,78;721,72;3436,78
;2540005049;21/02/2025;4708;BIGMAT LOGISTICA, S.A.;-671,3;-140,97;-671,3
;2540005151;24/02/2025;4708;BIGMAT LOGISTICA, S.A.;1512,52;317,63;1512,52
;2540005657;27/02/2025;4708;BIGMAT LOGISTICA, S.A.;3172,24;666,17;3172,24
;2540007840;20/03/2025;4708;BIGMAT LOGISTICA, S.A.;5527,27;1160,73;5527,27
;2540009365;03/04/2025;4708;BIGMAT LOGISTICA, S.A.;5932,65;1245,86;5932,65
;2540011832;30/04/2025;4708;BIGMAT LOGISTICA, S.A.;4002,64;840,55;4002,64
;25-400123;10/01/2025;9813;BIGMAT IBERIA, S.A.;835,5;175,46;835,5
;2540012812;28/01/2025;15662;LEASYS S.P.A. Sucursal Espa§a;590,75;124,06;590,75
;2540013249;14/05/2025;4708;BIGMAT LOGISTICA, S.A.;7514,07;1577,95;7514,07
;2540014516;26/05/2025;4708;BIGMAT LOGISTICA, S.A.;3962,15;832,05;4016,42
;2540015419;02/06/2025;4708;BIGMAT LOGISTICA, S.A.;4112,49;863,62;4112,49
;2540016024;06/06/2025;4708;BIGMAT LOGISTICA, S.A.;4142,2;869,86;4142,2
;2540016842;13/06/2025;4708;BIGMAT LOGISTICA, S.A.;3941,35;827,68;3941,35
;2540017745;23/06/2025;4708;BIGMAT LOGISTICA, S.A.;3659,81;768,56;3659,81
;25400659;21/03/2025;7733;SAKYDU, S.L.;781,87;164,19;781,87
;25-401048;26/02/2025;9813;BIGMAT IBERIA, S.A.;51,8;10,88;51,8
;25401125;16/05/2025;7733;SAKYDU, S.L.;356,68;74,9;356,68
;25402610;14/05/2025;9813;BIGMAT IBERIA, S.A.;594,18;124,78;594,18
;25-403321;11/06/2025;9813;BIGMAT IBERIA, S.A.;2,19;0,46;2,19
;2550001340;05/03/2025;14708;BIGMAT LOGISTICA, S.A.;1895,97;398,15;1895,97
;25691227;17/03/2025;7455;GRESPANIA, S.A.;2239,51;470,3;2239,51
;25691673;24/03/2025;7455;GRESPANIA, S.A.;163,32;34,3;163,32
;25693791;15/04/2025;7455;GRESPANIA, S.A.;1004,35;210,91;1004,35
;25695045;02/05/2025;7455;GRESPANIA, S.A.;101,55;21,33;101,55
;25697915;03/06/2025;7455;GRESPANIA, S.A.;251,08;52,73;251,08
;25699551;20/06/2025;7455;GRESPANIA, S.A.;14,85;3,12;14,85
;25-8000071;25/03/2025;19813;BIGMAT IBERIA, S.A.;-50,85;-10,68;-50,85
;25-8300001;31/01/2025;14708;BIGMAT LOGISTICA, S.A.;-34039,29;-7148,25;-34039,29
;258300005;30/04/2025;14708;BIGMAT LOGISTICA, S.A.;-4973,9;-1044,52;-4973,9
;25-8300005;30/04/2025;14708;BIGMAT LOGISTICA, S.A.;-4973,9;-1044,52;-4973,9
;259000035;24/01/2025;12748;GME DIVISION DE BA•OS SL;-129,34;-27,16;-129,34
;25940052;31/01/2025;14587;MOLECOR CANALIZACIONES, S.L.;-17,71;-3,72;-17,71
;25A0009062;09/04/2025;3441;ALFA DYSER, S.L.;-28,85;-6,06;-28,85
;25F001019;15/05/2025;20191;VALLSFUSTA, S.A.;1766,34;370,93;1766,34
;25F001200;04/06/2025;4306;INVAPAL, SA;1241,07;260,62;1241,07
;25FC001523;16/01/2025;5495;IBERMAPEI, S.A.;2710,33;569,17;2710,33
;25FC003490;04/02/2025;5495;IBERMAPEI, S.A.;37,88;7,95;37,88
;25FC006207;27/02/2025;5495;IBERMAPEI, S.A.;1159,39;243,47;1159,39
;25FC007495;11/03/2025;5495;IBERMAPEI, S.A.;177,52;37,28;177,52
;25FC010258;03/04/2025;5495;IBERMAPEI, S.A.;125;26,25;125
;25FC014801;15/05/2025;5495;IBERMAPEI, S.A.;1046,4;219,74;1046,4
;25FC015468;21/05/2025;5495;IBERMAPEI, S.A.;215,77;45,32;215,77
;250077;11/01/2025;16167;ACG PROJECTES INFORMATICS, SL.;946;198,66;946
;25008283;31/03/2025;193;AD MASANES, S.A.;114,36;24,02;114,36
;2500857;31/01/2025;8235;MADERAS PLANES, S.L.;116,21;24,4;116,21
;2501000734;14/05/2025;2118;CUBIERTAS Y ACCESORIOS VITORIA, S.L;880,4;184,88;880,4
;250100216;03/02/2025;2162;INDUSTRIAS DEL CEMENTO AGLOMERADO, SL;2051,32;430,78;2051,32
;2501002815;27/01/2025;4983;CATA ELECTRODOMESTICOS, S.L.;240,57;50,52;240,57
;2501003108;10/03/2025;20055;POALGI, S.L.;137,8;28,94;137,8
;250100377;10/01/2025;1235;COMERCIAL SANYC CES, S.L.;49,5;10,4;49,5
;2501004058;31/03/2025;20055;POALGI, S.L.;555,6;116,68;555,6
;2501004158;07/04/2025;20055;POALGI, S.L.;-32,76;-6,88;-32,76
;2501004436;07/04/2025;20055;POALGI, S.L.;488,4;102,56;488,4
;2501004663;05/02/2025;4983;CATA ELECTRODOMESTICOS, S.L.;442,03;92,83;442,03
;2501005829;12/05/2025;20055;POALGI, S.L.;745,8;156,62;745,8
;2501-00629;14/01/2025;50044;SPAX TORNILLER÷A, S.A.U.;63,86;13,41;63,86
;25010097;14/05/2025;7676;FABRICACION DE MATERIAL ELECTRICO, S.A.;416,67;87,5;416,67
;2501010551;13/03/2025;4983;CATA ELECTRODOMESTICOS, S.L.;491,64;103,24;491,64
;250101151;17/01/2025;1235;COMERCIAL SANYC CES, S.L.;1019,7;214,14;1019,7
;2501016793;22/04/2025;4983;CATA ELECTRODOMESTICOS, S.L.;145,92;30,64;145,92
;2501-02008;30/01/2025;50044;SPAX TORNILLER÷A, S.A.U.;1409,59;296,01;1409,59
;2501053;19/02/2025;7548;ACO PRODUCTOS POLIMEROS, S.A.;798,12;167,61;798,12
;2501314;28/05/2025;15946;GERMANS ALEGRET, S.L.;78,06;16,39;78,06
;25014101;19/03/2025;6078;BELLOTA HERRAMIENTAS, S.A.;885,14;185,88;885,14
;25014487;21/03/2025;6078;BELLOTA HERRAMIENTAS, S.A.;625,37;131,33;625,37
;25016892;31/03/2025;8826;COMERCIAL SALGAR, S.A.;515,7;108,3;515,7
;2501722;27/05/2025;4969;BUR 2000, S.A.;1239,32;260,26;1239,32
;25018538;31/03/2025;8826;COMERCIAL SALGAR, S.A.;-991,23;-208,16;-991,23
;250200226;07/02/2025;1235;COMERCIAL SANYC CES, S.L.;84,15;17,67;84,15
;250200276;17/02/2025;7426;ARIDS CATALUNYA, S.A.;323,4;67,91;323,4
;250200752;15/02/2025;7134;ALBERTO SOLER, S.A.;5,47;1,15;5,47
;250202673;28/02/2025;1235;COMERCIAL SANYC CES, S.L.;523,05;109,84;523,05
;250202740;05/02/2025;7543;VELILLA GROUP EUROPE, SLU;287,26;60,32;287,26
;25020518;15/04/2025;8826;COMERCIAL SALGAR, S.A.;76,95;16,16;76,95
;25022121;15/04/2025;8826;COMERCIAL SALGAR, S.A.;-81;-17,01;-81
;25023727;11/06/2025;7048;MAKITA, S.A.;564,93;118,63;564,93
;2502388;30/04/2025;3180;GRONPES, S.L.;95,93;20,15;95,93
;2502747;31/05/2025;3180;GRONPES, S.L.;590;123,9;590
;2503-01947;28/03/2025;50044;SPAX TORNILLER÷A, S.A.U.;30,31;6,37;30,31
;250302489;31/03/2025;7134;ALBERTO SOLER, S.A.;28,24;5,93;28,24
;250302588;28/03/2025;1235;COMERCIAL SANYC CES, S.L.;471,9;99,1;471,9
;25033359;15/06/2025;8826;COMERCIAL SALGAR, S.A.;725,94;152,45;725,94
;2504005997;01/01/2025;11265;ASCENSORES GALO, S.L.U;288,67;60,62;288,67
;2504007494;01/02/2025;11265;ASCENSORES GALO, S.L.U;288,67;60,62;288,67
;250401052;11/04/2025;1235;COMERCIAL SANYC CES, S.L.;1782;374,22;1782
;2504-01810;28/04/2025;50044;SPAX TORNILLER÷A, S.A.U.;148,32;31,15;148,32
;2504018103;01/06/2025;11265;ASCENSORES GALO, S.L.U;35;7,35;35
;2504-01942;29/04/2025;50044;SPAX TORNILLER÷A, S.A.U.;1312,41;275,61;1312,41
;250402460;25/04/2025;1235;COMERCIAL SANYC CES, S.L.;2946,35;618,73;2946,35
;25-04390;03/06/2025;4946;INDUSTRIAS PEYGRAN, S.L.;1111,05;233,32;1111,05
;2504390517;30/04/2025;12006;MOVISTAR PROSEGUR ALARMAS, S.L.;53,77;11,29;53,77
;25-04392;03/06/2025;4946;INDUSTRIAS PEYGRAN, S.L.;1434,29;301,2;1434,29
;25045422;27/05/2025;14562;SISTEMAS DIGITALES CORPORATE, S.L.;282,76;59,38;282,76
;2504791;14/05/2025;3840;VENTAS INTERNACIONLES, S.A.;1193,76;250,69;1193,76
;2505000072;30/05/2025;17783;TRANSPORTES Y EXCAVACIONES BARBA, SL;162,5;34,13;162,5
;250500129;16/05/2025;7426;ARIDS CATALUNYA, S.A.;660,52;138,71;660,52
;250500254;09/05/2025;1235;COMERCIAL SANYC CES, S.L.;377,3;79,23;377,3
;250500255;09/05/2025;1235;COMERCIAL SANYC CES, S.L.;977,35;205,24;977,35
;250501072;16/05/2025;1235;COMERCIAL SANYC CES, S.L.;78,65;16,52;78,65
;2505-01400;22/05/2025;50044;SPAX TORNILLER÷A, S.A.U.;139,75;29,35;139,75
;250501910;23/05/2025;1235;COMERCIAL SANYC CES, S.L.;366,3;76,92;366,3
;2505250;27/05/2025;3840;VENTAS INTERNACIONLES, S.A.;711,89;149,5;711,89
;250600147;16/06/2025;7426;ARIDS CATALUNYA, S.A.;1257,65;264,11;1257,65
;2506-01804;26/06/2025;50044;SPAX TORNILLER÷A, S.A.U.;302,62;63,55;302,62
;2506-01805;26/06/2025;50044;SPAX TORNILLER÷A, S.A.U.;1493,02;313,53;1493,02
;251000137;31/01/2025;10778;PRETENSADOS RIBERA, S.L.;626,15;131,49;626,15
;251000138;31/01/2025;10778;PRETENSADOS RIBERA, S.L.;16,94;3,56;16,94
;251000140;31/01/2025;10778;PRETENSADOS RIBERA, S.L.;19,88;4,17;19,88
;25100047;07/03/2025;12339;BUJIOL S.L.;-49,96;-10,49;-49,96
;251000747;30/04/2025;10778;PRETENSADOS RIBERA, S.L.;327,31;68,74;327,31
;251000752;30/04/2025;10778;PRETENSADOS RIBERA, S.L.;29,32;6,16;29,32
;251000948;31/05/2025;10778;PRETENSADOS RIBERA, S.L.;86,88;18,24;86,88
;2510016830;16/04/2025;4813;EHLIS, S.A.;437,72;91,92;437,72
;25100179;17/01/2025;2339;BUJIOL S.L.;66,37;13,94;66,37
;2510025080;01/06/2025;4813;EHLIS, S.A.;23,77;4,99;23,77
;2510030182;24/06/2025;4813;EHLIS, S.A.;28,9;6,07;28,9
;251007574;03/06/2025;6197;PRESTO IBERICA, S.A.;579,56;121,71;579,56
;2510134178;01/04/2025;11438;ALPHABET ESPA•A FLEET MANAGEMENT, S.A.U.;927,16;194,7;927,16
;251014;31/01/2025;4256;MECANO CAMP, S.A.;351,15;73,74;351,15
;25FC015544;21/05/2025;5495;IBERMAPEI, S.A.;120,05;25,21;120,05
;25FC016233;27/05/2025;5495;IBERMAPEI, S.A.;302,32;63,49;302,32
;25FV000054;10/01/2025;10122;DISCAR VAL D'ARAN, SL;1879,94;394,79;1879,94
;25FV00540;17/01/2025;14641;SCHLöTER-SYSTEMS S.L.;86,34;18,13;86,34
;25FV01544;05/02/2025;4641;SCHLöTER-SYSTEMS S.L.;28,77;6,04;28,77
;25FV02010;14/02/2025;4641;SCHLöTER-SYSTEMS S.L.;269,78;56,65;269,78
;25FV02211;05/05/2025;20168;EXOJO, S.L.;138,1;29;138,1
;25FV03773;24/03/2025;4641;SCHLöTER-SYSTEMS S.L.;201,99;42,42;201,99
;25FV05192;24/04/2025;4641;SCHLöTER-SYSTEMS S.L.;1773,56;372,45;1773,56
;25FV07148;04/06/2025;4641;SCHLöTER-SYSTEMS S.L.;1894,07;397,75;1894,07
;25FV07344;09/06/2025;4641;SCHLöTER-SYSTEMS S.L.;3647,54;765,98;3647,54
;25N0000231;31/01/2025;2544;APAVISA PORCELANICO, S.L.;1706,56;358,38;1706,56
;25N0000302;07/02/2025;2544;APAVISA PORCELANICO, S.L.;2772,34;582,19;2772,34
;280389;10/02/2025;5358;I&E FOREST PANELS, S.L.;340,8;71,57;340,8
;280558;26/02/2025;5358;I&E FOREST PANELS, S.L.;788,14;165,51;788,14
;280652;07/03/2025;5358;I&E FOREST PANELS, S.L.;525,49;110,35;525,49
;281611;16/06/2025;5358;I&E FOREST PANELS, S.L.;101,79;21,38;101,79
;2834210325;03/03/2025;10013;BANCO SANTANDER, S.A.;3,06;0,64;3,06
;286060625;06/06/2025;10013;BANCO SANTANDER, S.A.;11,29;2,37;11,29
;3.085;30/01/2025;12062;DISTRIBUIDORA BOSCH HNOS.,S.A.;16,2;3,4;16,2
;451452;31/03/2025;6623;TUCAI, S.A.;345,64;72,58;345,64
;4530;11/06/2025;9790;INDUSTRIAS GONAL HISPANIA, S.L.;361,08;75,83;361,08
;4712501032;30/04/2025;9313;ZENON BATH & SPC SURFACES S.L.;350,75;73,66;350,75
;5.765;20/02/2025;2062;DISTRIBUIDORA BOSCH HNOS.,S.A.;19,5;4,1;32,94
;5-013.948;14/01/2025;7669;IRONLUX GROUP 2003, S.A.;848,82;178,25;848,82
;504200289;15/03/2025;12342;SERV ELIT 06, SL;154,84;32,52;154,84
;504201193;15/02/2025;361;GERSAL, S.A.;149,24;31,34;149,24
;507254;21/05/2025;4709;GENEXIA DISTRIBUCIONES, S.L.;163,2;34,27;163,2
;508100112;17/01/2025;228;CLIMA-AINê, SCCL;517,1;108,59;517,1
;508100295;01/02/2025;10228;CLIMA-AINê, SCCL;1200;252;1200
;508201005;06/02/2025;9524;FITTINGS ESTANDAR, SL;107,33;22,54;107,33
;5145080125;08/01/2025;10013;BANCO SANTANDER, S.A.;9,87;2,07;9,87
;5204021;18/06/2025;7918;DERIVADOS ASFALTICOS NORMALIZADOS, S.A.;173,75;36,49;173,75
;520658245;19/05/2025;666;FISCHER IBERICA, S.A.U.;204,3;42,91;204,3
;520664338;12/06/2025;666;FISCHER IBERICA, S.A.U.;434,25;91,19;434,25
;A48828;16/01/2025;2361;BATH INNOVATIONS, S.L.U.;45;9,45;45
;A5/4065;27/05/2025;1645;BARBOSA, S.L.;664,46;139,54;664,46
;A50033;10/06/2025;2361;BATH INNOVATIONS, S.L.U.;351;73,71;351
;A50117;23/06/2025;2361;BATH INNOVATIONS, S.L.U.;60,6;12,73;60,6
;AB-000001;31/03/2025;19466;BIGMAT STORES, SL;-0,89;-0,19;-0,89
;AC-00001;31/03/2025;19466;BIGMAT STORES, SL;-0,89;-0,19;-0,89
;ALPWX-2126;21/05/2025;2980;ALPEX, S.A.;1573,75;330,49;1573,75
;AQ49072;17/02/2025;2361;BATH INNOVATIONS, S.L.U.;255,42;53,64;255,42
;ARP2500149;31/03/2025;18438;DINAK, S.A.;-1068,35;-224,35;-1068,35
;1.321;16/01/2025;2062;DISTRIBUIDORA BOSCH HNOS.,S.A.;509,14;106,92;509,14
;1.323;16/01/2025;2062;DISTRIBUIDORA BOSCH HNOS.,S.A.;172,72;36,27;213,04
;1.324;16/01/2025;2062;DISTRIBUIDORA BOSCH HNOS.,S.A.;43,56;9,15;43,56
;1/00142;31/01/2025;9679;CERAMICA LA COMA, S.A.;1646,2;345,7;1646,2
;1/00286;15/02/2025;9679;CERAMICA LA COMA, S.A.;1289,6;270,82;1289,6
;1/00413;28/02/2025;9679;CERAMICA LA COMA, S.A.;725,4;152,33;725,4
;1/00533;15/03/2025;9679;CERAMICA LA COMA, S.A.;1531,4;321,59;1531,4
;1000242;29/05/2025;12060;RADIO SYSTEMS EQUIP.ELECTRONICOS S.L.;654,75;137,5;654,75
;1000432;20/03/2025;7490;TECE HAUSTECHNIK, S.L.;881;185,01;881
;1010088269;27/02/2025;9753;ABSARA INDUSTRIAL, S.L.;224,1;47,06;224,1
;1010088689;12/03/2025;9753;ABSARA INDUSTRIAL, S.L.;253,8;53,3;253,8
;1010091120;03/06/2025;9753;ABSARA INDUSTRIAL, S.L.U.;408,24;85,73;408,24
;1020187858;25/03/2025;4862;ROTHENBERGER, S.A.;53,2;11,17;53,2
;10205;15/05/2025;5330;BRONPI CALEFACCION, S.L.;781,2;164,05;781,2
;10417;28/05/2025;5330;BRONPI CALEFACCION, S.L.;106;22,26;106
;1062;07/05/2025;13947;BALUE JUSTO ADVOCATS, S.L.;647;135,87;647
;10659;13/06/2025;5330;BRONPI CALEFACCION, S.L.;1839,6;386,32;1839,6
;1079;17/06/2025;1556;MANUFACTURAS LUMA, S.L.;4195,08;880,97;4195,08
;10830;25/06/2025;5330;BRONPI CALEFACCION, S.L.;1302,53;273,53;1302,53
;110305405;19/03/2025;6298;EGLO ESPANA ILUMINACION, S.L.;70,14;14,73;70,14
;110310890;27/06/2025;6298;EGLO ESPANA ILUMINACION, S.L.;225,7;47,4;225,7
;111418206;28/05/2025;2566;FLEX EQUIPOS DE DESCANSO, S.A.;1305;274,05;1305
;1633184268;10/02/2025;800;HOLCIM ESPA•A, S.A.U.;1072,8;225,29;1072,8
;1633186456;10/03/2025;800;HOLCIM ESPA•A, S.A.U.;1576;330,96;1576
;1633188943;10/04/2025;800;HOLCIM ESPA•A, S.A.U.;3218,4;675,86;3218,4
;1633191074;10/05/2025;800;HOLCIM ESPA•A, S.A.U.;3397,2;713,41;3397,2
;1633192811;31/05/2025;800;HOLCIM ESPA•A, S.A.U.;2860,8;600,77;2860,8
;1644048151;10/03/2025;800;HOLCIM ESPA•A, S.A.U.;2644,64;555,37;2644,64
;1644048153;10/03/2025;800;HOLCIM ESPA•A, S.A.U.;388,8;81,65;388,8
;1644048683;31/03/2025;800;HOLCIM ESPA•A, S.A.U.;1948,16;409,11;1948,16
;1644049263;20/04/2025;800;HOLCIM ESPA•A, S.A.U.;3258,12;684,21;3258,12
;1644049813;10/05/2025;800;HOLCIM ESPA•A, S.A.U.;2922,24;613,67;2922,24
;17004734;13/02/2025;721;ARISTON THERMO ESPA•A, S.L.U.;620,44;130,29;620,44
;1714;04/03/2025;9790;INDUSTRIAS GONAL HISPANIA, S.L.;60,84;12,78;60,84
;175080525;08/05/2025;10013;BANCO SANTANDER, S.A.;10,87;2,28;10,87
;250028645;19/06/2025;2748;GME DIVISION DE BA•OS SL;143,15;30,06;143,15
;25003312;13/01/2025;14562;SISTEMAS DIGITALES CORPORATE, S.L.;358,68;75,32;358,68
;250038;31/01/2025;18649;CHMC INSTALACION Y DISTRIBUCION, S.L.;-2,14;-0,45;-2,14
;25004398;03/04/2025;144;JMA ALEJANDRO ALTUNA, S.L.;148,91;31,27;148,91
;25-004486;09/04/2025;841;SOC.ANON.SERVEI I COMERÄ ELECTRODOMESTIC;630,57;132,42;630,57
;25-005142;30/04/2025;536;HIDRO LLEIDA S.A.;7,86;1,65;7,86
;25-005414;23/04/2025;841;SOC.ANON.SERVEI I COMERÄ ELECTRODOMESTIC;636,66;133,7;636,66
;25-005891;30/04/2025;841;SOC.ANON.SERVEI I COMERÄ ELECTRODOMESTIC;2201,65;462,35;2250,49
;2500671;06/03/2025;9588;DUCASA CLIMA, S.A.;205,53;43,16;205,53
;25007760;07/04/2025;7676;FABRICACION DE MATERIAL ELECTRICO, S.A.;653,62;137,26;653,62
;2500818;10/06/2025;9039;PREFABRICADOS FRAGA, S.A.;5331,7;1119,66;5331,7
;2500904;02/04/2025;9588;DUCASA CLIMA, S.A.;355,98;74,76;355,98
;2500905;28/02/2025;3180;GRONPES, S.L.;312,34;65,59;312,34
;25009196FN;08/05/2025;6701;VALVULAS ARCO, S.L.;1197,34;251,44;1197,34
;25-009362;18/06/2025;841;SOC.ANON.SERVEI I COMERÄ ELECTRODOMESTIC;854,54;179,45;854,54
;25009844;15/04/2025;193;AD MASANES, S.A.;15,73;3,3;15,73
;2500987;14/04/2025;9588;DUCASA CLIMA, S.A.;389,48;81,79;389,48
;250100065;03/01/2025;1235;COMERCIAL SANYC CES, S.L.;50;10,5;50
;2501001006;24/06/2025;2118;CUBIERTAS Y ACCESORIOS VITORIA, S.L;1021,97;214,61;1021,97
;2501001585;17/01/2025;4983;CATA ELECTRODOMESTICOS, S.L.;1022,55;214,74;1022,55
;25-010021;27/06/2025;841;SOC.ANON.SERVEI I COMERÄ ELECTRODOMESTIC;1929,14;405,12;1929,14
;2501002608;24/01/2025;4983;CATA ELECTRODOMESTICOS, S.L.;414,28;87;414,28
;2501005877;13/02/2025;4983;CATA ELECTRODOMESTICOS, S.L.;156,55;32,88;156,55
;2501006837;31/05/2025;20055;POALGI, S.L.;44,4;9,32;44,4
;25010428;26/05/2025;6701;VALVULAS ARCO, S.L.;66,39;13,94;66,39
;2501127;29/04/2025;5946;GERMANS ALEGRET, S.L.;41,52;8,72;41,52
;2501136;28/02/2025;3180;GRONPES, S.L.;192,06;40,33;192,06
;2501187;16/05/2025;9588;DUCASA CLIMA, S.A.;25,3;5,31;25,3
;25011994;06/06/2025;7676;FABRICACION DE MATERIAL ELECTRICO, S.A.;351,9;73,9;351,9
;25012544;25/06/2025;6701;VALVULAS ARCO, S.L.;1424,98;299,25;1424,98
;25013042;10/02/2025;14562;SISTEMAS DIGITALES CORPORATE, S.L.;375,44;78,84;375,44
;25013083;25/06/2025;7676;FABRICACION DE MATERIAL ELECTRICO, S.A.;962,21;202,06;962,21
;25016893;31/03/2025;8826;COMERCIAL SALGAR, S.A.;720,84;151,38;720,84
;25016894;31/03/2025;8826;COMERCIAL SALGAR, S.A.;939,06;197,2;939,06
;2501763;16/03/2025;7548;ACO PRODUCTOS POLIMEROS, S.A.;3846,66;807,8;3846,66
;25018536;31/03/2025;8826;COMERCIAL SALGAR, S.A.;-574,56;-120,66;-574,56
;2501F03948;18/01/2025;826;VELAMEN, S.A.;87,02;18,27;87,02
;250201897;21/02/2025;1235;COMERCIAL SANYC CES, S.L.;706,2;148,3;706,2
;2502040;28/02/2025;4236;VACUFLEX, S.L.;171,6;36,04;171,6
;25-02336;23/01/2025;1973;STANDARD HIDRµULICA, S.A.U.;36,46;7,66;36,46
;2502379;30/04/2025;3180;GRONPES, S.L.;334,65;70,28;334,65
;25024369;12/06/2025;7048;MAKITA, S.A.;330,46;69,4;330,46
;25025581;16/06/2025;7048;MAKITA, S.A.;122,03;25,63;122,03
;25026624;17/06/2025;7048;MAKITA, S.A.;117,37;24,65;117,37
;25026882;15/05/2025;8826;COMERCIAL SALGAR, S.A.;931,65;195,65;931,65
;2502746;31/05/2025;3180;GRONPES, S.L.;334,36;70,22;334,36
;25029;21/02/2025;14591;SUILS COMMODITY, S.L.;158;33,18;158
;250299;06/06/2025;8005;TORNILLERIA VERGARESA, S.L.;605,06;127,06;605,06
;2502F00576;06/02/2025;826;VELAMEN, S.A.;343,69;72,17;343,69
;2503-00657;11/03/2025;50044;SPAX TORNILLER÷A, S.A.U.;1811,15;380,34;1811,15
;2503007464;06/03/2025;12006;MOVISTAR PROSEGUR ALARMAS, S.L.;62,06;13,03;62,06
;250301047;14/03/2025;1235;COMERCIAL SANYC CES, S.L.;4815,25;1011,2;4815,25
;2503015;28/05/2025;3954;BATHCO;148,65;31,22;148,65
;25031655;27/06/2025;7048;MAKITA, S.A.;306,84;64,44;306,84
;2503873;30/05/2025;6080;WIRQUIN CALAF, S.L.;474,8;99,71;474,8
;2503F05950;28/03/2025;826;VELAMEN, S.A.;595,45;125,04;595,45
;2504008560;01/03/2025;11265;ASCENSORES GALO, S.L.U;42;8,82;42
;2504048506;07/04/2025;12006;MOVISTAR PROSEGUR ALARMAS, S.L.;62,06;13,03;62,06
;25-04079;31/01/2025;1973;STANDARD HIDRµULICA, S.A.U.;61,63;12,94;61,63
;2504161;18/06/2025;7548;ACO PRODUCTOS POLIMEROS, S.A.;232,28;48,78;232,28
;2505-01398;22/05/2025;50044;SPAX TORNILLER÷A, S.A.U.;351,23;73,76;351,23
;2505-01399;22/05/2025;50044;SPAX TORNILLER÷A, S.A.U.;1000,57;210,12;1000,57
;2505-01432;22/05/2025;50044;SPAX TORNILLER÷A, S.A.U.;1620,15;340,23;1620,15
;2505095;30/05/2025;8235;MADERAS PLANES, S.L.;2880,34;604,87;2880,34
;2505332;04/04/2025;2137;ALTRAD PLETTAC IBERICA, S.L.;2415,82;507,32;2415,82
;2505347;08/04/2025;2137;ALTRAD PLETTAC IBERICA, S.L.;1278;268,38;1278
;2505478792;31/05/2025;12006;MOVISTAR PROSEGUR ALARMAS, S.L.;53,77;11,29;53,77
;2505663;16/06/2025;8235;MADERAS PLANES, S.L.;279,94;58,79;279,94
;250723981;30/04/2025;12407;SOC. ESTATAL CORREOS Y TELEGRAFOS, S.A.;86,13;18,09;119,28
;251000136;31/01/2025;10778;PRETENSADOS RIBERA, S.L.;21,34;4,48;21,34
;251000310;28/02/2025;10778;PRETENSADOS RIBERA, S.L.;19,41;4,08;19,41
;251000311;28/02/2025;10778;PRETENSADOS RIBERA, S.L.;637,89;133,96;637,89
;251000565;31/03/2025;10778;PRETENSADOS RIBERA, S.L.;25,11;5,27;25,11
;251000566;31/03/2025;10778;PRETENSADOS RIBERA, S.L.;746,74;156,82;746,74
;251000570;31/03/2025;10778;PRETENSADOS RIBERA, S.L.;1,03;0,22;1,03
;251000571;31/03/2025;10778;PRETENSADOS RIBERA, S.L.;27,1;5,69;27,1
;2510014806;06/04/2025;4813;EHLIS, S.A.;58;12,18;58
;25101416;21/03/2025;2339;BUJIOL S.L.;135,92;28,54;135,92
;25-10226;12/03/2025;1973;STANDARD HIDRµULICA, S.A.U.;185,17;38,89;185,17
;2510253;25/02/2025;3913;POLIESPOR, S.A.;2331,43;489,6;2331,43
;25102760;30/05/2025;2339;BUJIOL S.L.;80,72;16,95;80,72
;25102992;20/06/2025;2955;GRIFERIA SANITARIA ROVIRA, S.A.;283,7;59,58;283,7
;25-15442;22/04/2025;1973;STANDARD HIDRµULICA, S.A.U.;8,03;1,69;8,03
;25-15770;24/04/2025;1973;STANDARD HIDRµULICA, S.A.U.;425,17;89,29;425,17
;2518003299;27/02/2025;9646;SMEG ESPA•A, S.A.;122,74;25,78;122,74
;2518007737;07/05/2025;9646;SMEG ESPA•A, S.A.;942,99;198,03;942,99
;2518009080;27/05/2025;9646;SMEG ESPA•A, S.A.;161,4;33,89;161,4
;252000596;31/01/2025;10778;PRETENSADOS RIBERA, S.L.;1627,2;341,71;1627,2
;252000603;31/01/2025;10778;PRETENSADOS RIBERA, S.L.;2,18;0,46;2,18
;252000604;31/01/2025;10778;PRETENSADOS RIBERA, S.L.;45,24;9,5;45,24
;252000857;28/02/2025;10778;PRETENSADOS RIBERA, S.L.;103,72;21,78;103,72
;252000867;28/02/2025;10778;PRETENSADOS RIBERA, S.L.;84,59;17,76;84,59
;252001337;31/03/2025;10778;PRETENSADOS RIBERA, S.L.;59,65;12,53;59,65
;252001340;31/03/2025;10778;PRETENSADOS RIBERA, S.L.;9,32;1,96;9,32
;252001341;31/03/2025;10778;PRETENSADOS RIBERA, S.L.;22,76;4,78;22,76
;252001344;31/03/2025;10778;PRETENSADOS RIBERA, S.L.;596,95;125,36;596,95
;252001345;31/03/2025;10778;PRETENSADOS RIBERA, S.L.;67,89;14,26;67,89
;252002100;30/04/2025;10778;PRETENSADOS RIBERA, S.L.;137,69;28,91;137,69
;252002101;30/04/2025;10778;PRETENSADOS RIBERA, S.L.;51,01;10,71;51,01
;252002102;30/04/2025;10778;PRETENSADOS RIBERA, S.L.;45,41;9,54;45,41
;252002106;30/04/2025;10778;PRETENSADOS RIBERA, S.L.;811,04;170,32;811,04
;252002751;31/05/2025;10778;PRETENSADOS RIBERA, S.L.;125,09;26,27;125,09
;252002753;31/05/2025;10778;PRETENSADOS RIBERA, S.L.;118,57;24,9;118,57
;252002754;31/05/2025;10778;PRETENSADOS RIBERA, S.L.;190,49;40;190,49
;252002757;31/05/2025;10778;PRETENSADOS RIBERA, S.L.;17,47;3,67;17,47
;7002504026;28/02/2025;5842;ASCABLE RECAEL, S.A.;1869,24;392,54;1869,24
;7125000606;20/01/2025;4634;CIFRE CERAMICA, S.L.;373,7;78,48;373,7
;7125001327;06/02/2025;4634;CIFRE CERAMICA, S.L.;81,35;17,08;81,35
;7125001903;20/02/2025;4634;CIFRE CERAMICA, S.L.;4941,65;1037,75;4941,65
;7125002059;25/02/2025;4634;CIFRE CERAMICA, S.L.;1135,67;238,49;1135,67
;7125002342;03/03/2025;4634;CIFRE CERAMICA, S.L.;142,96;30,02;142,96
;7125002557;07/03/2025;4634;CIFRE CERAMICA, S.L.;3644,78;765,4;3644,78
;7125002558;07/03/2025;4634;CIFRE CERAMICA, S.L.;2494,73;523,89;2494,73
;7125002653;11/03/2025;4634;CIFRE CERAMICA, S.L.;478,27;100,44;478,27
;7125003019;20/03/2025;4634;CIFRE CERAMICA, S.L.;167,4;35,15;167,4
;7125003506;01/04/2025;4634;CIFRE CERAMICA, S.L.;868,94;182,48;868,94
;7125003630;03/04/2025;4634;CIFRE CERAMICA, S.L.;57,19;12,01;57,19
;7125004112;15/04/2025;4634;CIFRE CERAMICA, S.L.;366,76;77,02;366,76
;7125005762;28/05/2025;4634;CIFRE CERAMICA, S.L.;305,91;64,24;305,91
;7125005843;29/05/2025;4634;CIFRE CERAMICA, S.L.;27,36;5,75;27,36
;7125006181;05/06/2025;4634;CIFRE CERAMICA, S.L.;274,78;57,7;274,78
;7125006303;09/06/2025;4634;CIFRE CERAMICA, S.L.;498,47;104,68;498,47
;781;10/04/2025;13947;BALUE JUSTO ADVOCATS, S.L.;895;187,95;895
;7830608182;31/01/2025;16223;LYRECO ESPA•A, S.A.;92,36;19,4;92,36
;79/2T25;15/06/2025;13462;FENT CAMI S.C.P,;1312,5;275,63;1312,5
;7H40127760;01/02/2025;18474;TELEFONICA DE ESPA•A, S.A.;348,01;73,08;348,01
;7H40127761;01/02/2025;18474;TELEFONICA DE ESPA•A, S.A.;533,1;111,95;533,1
;7H50126813;01/03/2025;18474;TELEFONICA DE ESPA•A, S.A.;347,69;73,02;347,69
;7H60126455;01/04/2025;18474;TELEFONICA DE ESPA•A, S.A.;313,26;65,78;313,26
;800069;15/01/2025;5574;BRIKTE, S.L.;2242,54;470,93;2242,54
;800993;10/03/2025;5574;BRIKTE, S.L.;293,07;61,54;293,07
;8016987290;18/03/2025;7987;PLADUR GYPSUM, S.A.U.;9802,06;2058,43;9802,06
;250131;31/01/2025;7469;CERµMICA BELIANES, S.L.;3066,75;644,02;3066,75
;25014981;04/06/2025;583;PLASTICOS TA-TAY,S.A.;226,27;47,52;226,27
;250396;31/03/2025;7469;CERµMICA BELIANES, S.L.;-2198;-461,58;-2198
;25502904;20/01/2025;6917;FIORA BATH COLLECTIONS, S.L.;285,43;59,94;285,43
;425073;31/05/2025;12497;TRANSVIA RAPIT, S.L.;41,59;8,73;41,59
;5220;30/04/2025;11337;HERRERIA MORELLO, S.L.;72;15,12;72
;99230425;23/04/2025;10013;BANCO SANTANDER, S.A.;30,19;6,34;30,19
;01/00467;10/01/2025;2621;COFAN LA MANCHA, S.A.;124,31;26,11;124,31
;01/01558;23/01/2025;2621;COFAN LA MANCHA, S.A.;176,74;37,11;176,74
;01/21690;24/04/2025;2621;COFAN LA MANCHA, S.A.;167,93;35,26;167,93
;01/33987;02/06/2025;2621;COFAN LA MANCHA, S.A.;159,68;33,54;159,68
;01/35977;24/06/2025;2621;COFAN LA MANCHA, S.A.;182,43;38,31;182,43
;222060325;06/03/2025;10013;BANCO SANTANDER, S.A.;15,4;3,23;15,4
;252002096;30/04/2025;10778;PRETENSADOS RIBERA, S.L.;100,75;21,16;100,75
;30016;30/04/2025;1908;TUBS 1313, S.A.;245,71;51,6;245,71
;30111;31/05/2025;1908;TUBS 1313, S.A.;224,89;47,23;224,89
;5634603;15/06/2025;7800;FERRETERIA DOMENEC SEGUI, S.L.;181,16;38,04;181,16
;653705773;06/03/2025;10013;BANCO SANTANDER, S.A.;68,1;14,3;68,1
;133515256;13/02/2025;3550;BSH ELECTRODOMESTICOS ESPA•A, S.A.;96,05;20,17;96,05
;142200225;20/02/2025;10013;BANCO SANTANDER, S.A.;50,02;10,5;50,02
;1834140125;14/01/2025;10013;BANCO SANTANDER, S.A.;1,5;0,32;-319,39
;1834210325;21/03/2025;10013;BANCO SANTANDER, S.A.;5,12;1,08;5,12
;22500745;24/01/2025;1675;EMAC COMPLEMENTOS, S.L.;70,05;14,71;70,05
;18/02/2025;16/06/2025;4970;GRANITOS LEON, C.B.;1620;340,2;1620
;2025/00061;31/01/2025;13326;TRANSPORTS GIRON PALACIN,S.L.;4303,2;903,67;4303,2
;2025/00199;31/03/2025;13326;TRANSPORTS GIRON PALACIN,S.L.;8305,14;1744,08;8305,14
;2025/00299;31/05/2025;13326;TRANSPORTS GIRON PALACIN,S.L.;10987,68;2307,41;10987,68
;2025/01;02/01/2025;15970;RIBERA BADIA, Alberto;1500;315;1500
;2025/35254;19/06/2025;13012;COLEGIO DE REGISTRADORES DE ESPA•A;56,08;11,78;56,08
;2025/41;07/01/2025;18424;ROSICH ROMEU, Carmen;58,11;12,2;58,11
;2025/45274;28/04/2025;6643;STOCK GARDEN ESPA•A S.L;104,7;21,99;104,7
;2025/598;05/06/2025;4600;COCINAS CARBEL, S.L.;845,61;177,58;845,61
;2025/A/2;01/01/2025;15595;GUM TV SLU;210;44,1;210
;2025000038;30/04/2025;8737;OLI - SISTEMAS SANITARIOS, S.A.;494,1;103,76;494,1
;2025000268;24/01/2025;2007;EDILKAMIN IBERICA, S.L.;194,35;40,81;194,35
;2025000392;10/06/2025;9851;SISTEMAS MANCLIMA, S.L.;96,6;20,29;96,6
;2025000516;07/02/2025;2007;EDILKAMIN IBERICA, S.L.;2700,18;567,04;2700,18
;2025001198;21/03/2025;2007;EDILKAMIN IBERICA, S.L.;12,92;2,71;12,92
;2025001305;28/03/2025;2007;EDILKAMIN IBERICA, S.L.;361,43;75,9;361,43
;2025-0016;25/06/2025;15446;LA TROSSA, SCCL;200;42;200
;2025001609;25/04/2025;2007;EDILKAMIN IBERICA, S.L.;2220,4;466,28;2220,4
;2025001655;30/04/2025;2007;EDILKAMIN IBERICA, S.L.;45,57;9,57;45,57
;2025006430;31/01/2025;491;TECNICAS EXPANSIVAS,S.L.;93,56;19,65;93,56
;2025009643;14/02/2025;491;TECNICAS EXPANSIVAS,S.L.;28,69;6,02;28,69
;2025010141;18/02/2025;4037;PROFILTEK SPAIN, S.L.;449,19;94,33;449,19
;2025-0127;27/05/2025;5210;ART FOR ART FIREPLACES, SL;480;100,8;480
;2025014706;10/03/2025;4037;PROFILTEK SPAIN, S.L.;402,88;84,6;402,88
;2025016295;14/03/2025;491;TECNICAS EXPANSIVAS,S.L.;98,95;20,78;98,95
;20250213;31/03/2025;17018;AUTOMOVILES AUTORIUTOR, S.L.;352,67;74,06;392,05
;2025023522;07/05/2025;5808;LOREFAR S.L;131,24;27,56;131,24
;20250313;30/01/2025;1408;PROFESIONAL DE SUMINISTROS, S.A;163,83;34,4;163,83
;2025031559;23/05/2025;491;TECNICAS EXPANSIVAS,S.L.;76,64;16,09;76,64
;2025036303;13/06/2025;491;TECNICAS EXPANSIVAS,S.L.;156,48;32,86;156,48
;2025038872;25/06/2025;491;TECNICAS EXPANSIVAS,S.L.;30,82;6,47;30,82
;20250408;05/02/2025;1408;PROFESIONAL DE SUMINISTROS, S.A;332,61;69,85;332,61
;2025-041;12/05/2025;2552;PINATER, SL;882;185,22;882
;20251303;30/04/2025;2284;TARROS PINTURES I DECORACI‡, S.L.;2330,86;489,48;2330,86
;20251373;10/04/2025;1408;PROFESIONAL DE SUMINISTROS, S.A;341,81;71,78;341,81
;2025-146;31/01/2025;12823;VIDRES LA NOGUERA S.L.;2210,35;464,17;2210,35
;20251481;30/04/2025;5411;ATRON, S.L.;245,4;51,53;245,4
;20251712;08/05/2025;1408;PROFESIONAL DE SUMINISTROS, S.A;133,2;27,97;133,2
;202523A271;08/01/2025;3553;VICAL HOME S.L.;1542,52;323,93;1542,52
;2025250198;16/06/2025;12359;HERMUTRAEX, S.L.;1102,5;231,53;1102,5
;2025748005;15/03/2025;502;ELEKTRA CATALUNYA XXI SL;1471,43;309;1471,43
;2025749826;31/03/2025;502;ELEKTRA CATALUNYA XXI SL;516,59;108,48;516,59
;2080434261;15/03/2025;809;FRANKE ESPA•A, S.A.U.;292,2;61,36;292,2
;2360927662;07/01/2025;8247;VELUX SPAIN, S.A.;26,82;5,63;26,82
;2360929774;27/01/2025;8247;VELUX SPAIN, S.A.;326,22;68,51;326,22
;2360933643;05/03/2025;8247;VELUX SPAIN, S.A.;20,86;4,38;20,86
;2360934082;10/03/2025;8247;VELUX SPAIN, S.A.;9237,9;1939,96;9237,9
;2360939763;09/05/2025;8247;VELUX SPAIN, S.A.;158,95;33,38;158,95
;2360939764;09/05/2025;8247;VELUX SPAIN, S.A.;48,1;10,1;48,1
;2360940053;13/05/2025;8247;VELUX SPAIN, S.A.;9902,38;2079,5;9902,38
;2360944837;18/06/2025;8247;VELUX SPAIN, S.A.;75,98;15,96;75,98
;2360945428;23/06/2025;8247;VELUX SPAIN, S.A.;1927,54;404,78;1927,54
;30125;17/05/2025;6139;SALTOKI LLEIDA, S.A.;180,74;37,96;180,74
;3025002134;06/02/2025;7987;PLADUR GYPSUM, S.A.U.;9594,09;2014,76;9594,09
;3025006428;15/04/2025;7987;PLADUR GYPSUM, S.A.U.;10539,95;2213,39;10539,95
;3025007330;06/05/2025;7987;PLADUR GYPSUM, S.A.U.;8675,04;1821,76;8675,04
;3025008337;21/05/2025;7987;PLADUR GYPSUM, S.A.U.;14182,27;2978,28;14182,27
;3025009836;13/06/2025;7987;PLADUR GYPSUM, S.A.U.;13242,32;2780,89;13242,32
;3025106571;10/02/2025;7191;AC MARCA ADHESIVES, SAU;46,14;9,69;46,14
;3025115209;28/03/2025;7191;AC MARCA ADHESIVES, SAU;179,52;37,7;179,52
;3025125677;26/05/2025;7191;AC MARCA ADHESIVES, SAU;450,46;94,6;450,46
;3025130618;20/06/2025;7191;AC MARCA ADHESIVES, SAU;383,43;80,52;383,43
;3030733422;09/06/2025;2030;NILFISK-ADVANCE, S.A.;860,25;180,65;860,25
;3110044482;07/04/2025;5547;WENKO HISPANIA,S.L.;762,6;160,15;762,6
;3125102867;15/04/2025;910;IRSAP-RHOSS CLIMA INTEGRAL, S.L.;468,6;98,41;468,6
;316;01/03/2025;18159;MARCO INVEST, S.A.;125;26,25;125
;3270000060;29/01/2025;13633;CERAMICAS GALA, S.A.;-28,6;-6,01;-28,6
;33/60579;16/01/2025;7774;PACAL SHOES, S.L.U.;16,9;3,55;16,9
;3366;20/05/2025;6499;LMT SUELOS TECNICOS, S.L.;343;72,03;343
;3425100085;17/01/2025;2737;PORCELANOSA BATIMAT, S.A.U.;2411,86;506,49;2411,86
;3425100305;31/01/2025;2737;PORCELANOSA BATIMAT, S.A.U.;859,69;180,53;859,69
;3425101192;28/03/2025;2737;PORCELANOSA BATIMAT, S.A.U.;325,28;68,31;325,28
;3425101335;04/04/2025;2737;PORCELANOSA BATIMAT, S.A.U.;1684,81;353,81;1684,81
;3425101544;17/04/2025;2737;PORCELANOSA BATIMAT, S.A.;521,45;109,5;521,45
;3425101788;30/04/2025;2737;PORCELANOSA BATIMAT, S.A.;165,5;34,76;165,5
;3600992193;28/02/2025;2842;SIKA , S.A.U.;809,3;169,95;809,3
;3601009311;15/04/2025;2842;SIKA , S.A.U.;2988,07;627,49;2988,07
;3601019663;15/05/2025;2842;SIKA , S.A.U.;2187,92;459,46;2187,92
;2510023242;22/05/2025;4813;EHLIS, S.A.;152;31,92;152
;2510025768;03/06/2025;4813;EHLIS, S.A.;381,6;80,14;381,6
;25100306;24/01/2025;2339;BUJIOL S.L.;68,45;14,37;68,45
;251003752;20/03/2025;6197;PRESTO IBERICA, S.A.;1090,89;229,09;1090,89
;2510097022;01/03/2025;11438;ALPHABET ESPA•A FLEET MANAGEMENT, S.A.U.;927,16;194,7;927,16
;25101254;14/03/2025;2339;BUJIOL S.L.;396,34;83,23;396,34
;2510170415;01/05/2025;11438;ALPHABET ESPA•A FLEET MANAGEMENT, S.A.U.;927,16;194,7;927,16
;2510206799;01/06/2025;11438;ALPHABET ESPA•A FLEET MANAGEMENT, S.A.U.;927,16;194,7;927,16
;25102938;06/06/2025;2339;BUJIOL S.L.;372,05;78,13;372,05
;25103046;20/06/2025;2955;GRIFERIA SANITARIA ROVIRA, S.A.;49,12;10,32;49,12
;25103048;20/06/2025;2955;GRIFERIA SANITARIA ROVIRA, S.A.;251,9;52,9;251,9
;251127;08/04/2025;872;SOLARTECNIK, S.L.;327,4;68,75;327,4
;25-1146;14/05/2025;13947;BALUE JUSTO ADVOCATS, S.L.;110;23,1;110
;25-11611;21/03/2025;1973;STANDARD HIDRµULICA, S.A.U.;84,18;17,68;84,18
;251416299;22/02/2025;264;DIADORA SPORT, S.R.L.;416,25;87,41;416,25
;251591;28/02/2025;4256;MECANO CAMP, S.A.;226,99;47,67;226,99
;2516007390;19/03/2025;19348;MANUSA DOOR SYSTEMS, S.L.U.;183,6;38,56;183,6
;251731;13/06/2025;9332;INDUSTRIAS LASSER, S.A.;1171,98;246,12;1171,98
;25-19526;26/05/2025;1973;STANDARD HIDRµULICA, S.A.U.;4,48;0,94;4,48
;252000597;31/01/2025;10778;PRETENSADOS RIBERA, S.L.;34,04;7,15;34,04
;252000601;31/01/2025;10778;PRETENSADOS RIBERA, S.L.;40;8,4;40
;252000602;31/01/2025;10778;PRETENSADOS RIBERA, S.L.;5,59;1,17;5,59
;252000864;28/02/2025;10778;PRETENSADOS RIBERA, S.L.;14,4;3,02;14,4
;252000865;28/02/2025;10778;PRETENSADOS RIBERA, S.L.;205,6;43,18;205,6
;252000866;28/02/2025;10778;PRETENSADOS RIBERA, S.L.;137,26;28,82;137,26
;252001335;31/03/2025;10778;PRETENSADOS RIBERA, S.L.;134,65;28,28;134,65
;252001336;31/03/2025;10778;PRETENSADOS RIBERA, S.L.;76,17;16;76,17
;252001342;31/03/2025;10778;PRETENSADOS RIBERA, S.L.;17,02;3,57;17,02
;252001343;31/03/2025;10778;PRETENSADOS RIBERA, S.L.;28,12;5,91;28,12
;252002098;30/04/2025;10778;PRETENSADOS RIBERA, S.L.;79,4;16,67;79,4
;252002099;30/04/2025;10778;PRETENSADOS RIBERA, S.L.;14,86;3,12;14,86
;252002107;30/04/2025;10778;PRETENSADOS RIBERA, S.L.;385,5;80,96;385,5
;252002749;31/05/2025;10778;PRETENSADOS RIBERA, S.L.;11,61;2,44;11,61
;252002750;31/05/2025;10778;PRETENSADOS RIBERA, S.L.;46,95;9,86;46,95
;jul-25;10/03/2025;10468;JOSE ANTONIO GIRO ESCUR;776;162,96;776
;7125000145;08/01/2025;4634;CIFRE CERAMICA, S.L.;56,1;11,78;56,1
;7125000548;17/01/2025;4634;CIFRE CERAMICA, S.L.;214,47;45,04;214,47
;7125001904;20/02/2025;4634;CIFRE CERAMICA, S.L.;350,17;73,54;350,17
;7125002060;25/02/2025;4634;CIFRE CERAMICA, S.L.;56,1;11,78;56,1
;7125003348;28/03/2025;4634;CIFRE CERAMICA, S.L.;56,26;11,81;56,26
;7125004574;30/04/2025;4634;CIFRE CERAMICA, S.L.;2307,49;484,57;2307,49
;7125004787;06/05/2025;4634;CIFRE CERAMICA, S.L.;932,01;195,72;932,01
;7125005977;02/06/2025;4634;CIFRE CERAMICA, S.L.;70,81;14,87;70,81
;7125006893;23/06/2025;4634;CIFRE CERAMICA, S.L.;325,74;68,41;325,74
;7499/25;03/04/2025;13989;NAU ARAN, S.C.P.;120;25,2;120
;7523/25;14/05/2025;13989;NAU ARAN, S.C.P.;275;57,75;275
;7925000074;31/03/2025;14634;CIFRE CERAMICA, S.L.;-2230,79;-468,47;-2230,79
;7DS0128930;01/01/2025;18474;TELEFONICA DE ESPA•A, S.A.;345;72,45;345
;7DS0128931;01/01/2025;18474;TELEFONICA DE ESPA•A, S.A.;534,53;112,25;534,53
;7H60001885;01/04/2025;18474;TELEFONICA DE ESPA•A, S.A.;-447,11;-93,89;-447,11
;7H70126532;01/05/2025;18474;TELEFONICA DE ESPA•A, S.A.;213,1;44,75;213,1
;7H80126413;01/06/2025;18474;TELEFONICA DE ESPA•A, S.A.;213,1;44,75;213,1
;812206ZIN1;20/01/2025;1269;CEMEX ESPA•A OPERACIONES, S.L.U.;2945,23;618,5;2945,23
;FV2250640;13/05/2025;8029;INDUSTRIAS MAS SALVADO Y SUC., S.L.;1308,4;274,76;1308,4
;FV2250819;17/06/2025;8029;INDUSTRIAS MAS SALVADO Y SUC., S.L.;6104,25;1281,89;6104,25
;1/00655;31/03/2025;9679;CERAMICA LA COMA, S.A.;2297,1;482,39;2297,1
;1/01054;15/05/2025;9679;CERAMICA LA COMA, S.A.;1996;419,16;1996
;1/01171;31/05/2025;9679;CERAMICA LA COMA, S.A.;2123,3;445,89;2123,3
;100006404;28/05/2025;1913;BARIPERFIL, S.L.;115,62;24,28;115,62
;100280425;28/04/2025;10013;BANCO SANTANDER, S.A.;16,87;3,54;16,87
;1003330;12/06/2025;17962;SANTOS MORILLAS, S.L.;2901,87;609,39;2901,87
;1005;21/04/2025;1556;MANUFACTURAS LUMA, S.L.;5684,6;1193,77;5684,6
;100767;13/02/2025;9411;SUMINISTROS CEM, S.L.;245,41;51,54;245,41
;1010089047;24/03/2025;9753;ABSARA INDUSTRIAL, S.L.;548,1;115,1;548,1
;1010089641;10/04/2025;9753;ABSARA INDUSTRIAL, S.L.;219,24;46,04;219,24
;1010089840;16/04/2025;9753;ABSARA INDUSTRIAL, S.L.;160,92;33,79;160,92
;1010090640;19/05/2025;9753;ABSARA INDUSTRIAL, S.L.;247,86;52,05;247,86
;1010091206;05/06/2025;9753;ABSARA INDUSTRIAL, S.L.U.;157,68;33,11;157,68
;1020186620;10/03/2025;4862;ROTHENBERGER, S.A.;358,54;75,29;358,54
;10211;20/03/2025;8794;PISSARRA NEGRA DEL MONTSENY, S.L.;855;179,55;855
;102141;07/05/2025;9411;SUMINISTROS CEM, S.L.;347,23;72,92;347,23
;10282;21/05/2025;5330;BRONPI CALEFACCION, S.L.;82,89;17,41;82,89
;1070100311;20/01/2025;3633;CERAMICAS GALA, S.A.;97,8;20,54;97,8
;111349247;02/01/2025;2566;FLEX EQUIPOS DE DESCANSO, S.A.;264,8;55,61;264,8
;111361390;29/01/2025;2566;FLEX EQUIPOS DE DESCANSO, S.A.;1738,8;365,15;1738,8
;1633183585;31/01/2025;800;HOLCIM ESPA•A, S.A.U.;2758;579,18;2758
;1633186455;10/03/2025;800;HOLCIM ESPA•A, S.A.U.;2145,6;450,58;2145,6
;1633187220;20/03/2025;800;HOLCIM ESPA•A, S.A.U.;2908,4;610,76;2908,4
;571524;18/03/2025;6472;DAKE FREGADEROS,S.L.U.;22,6;4,75;22,6
;6820345455;28/03/2025;4862;ROTHENBERGER, S.A.;105,38;22,13;105,38
;685;01/06/2025;18159;MARCO INVEST, S.A.;125;26,25;125
;9500372677;28/01/2025;9619;SIMON BRICO S.L;368,8;77,45;368,8
;9500373328;06/02/2025;9619;SIMON BRICO S.L;66,63;13,99;66,63
;9500373912;14/02/2025;9619;SIMON BRICO S.L;57,4;12,05;57,4
;9500378413;22/04/2025;9619;SIMON BRICO S.L;100,72;21,15;100,72
;9500378416;22/04/2025;9619;SIMON BRICO S.L;85,9;18,04;85,9
;9500379104;02/05/2025;9619;SIMON BRICO S.L;267,15;56,1;267,15
;9500381515;04/06/2025;9619;SIMON BRICO S.L;493,79;103,7;493,79
;9520251089;25/03/2025;2767;CHEHOMA ATELIER D'AMBIANCES, S.A.;915,7;192,3;915,7
;9810125240;11/03/2025;5419;CUPA STONE IBERIA, S.L.;2061,86;432,99;2061,86
;9810127556;16/04/2025;5419;CUPA STONE IBERIA, S.L.;5778,86;1213,56;5778,86
;9840009877;12/06/2025;5419;CUPA STONE IBERIA, S.L.;-4912,61;-1031,65;-4912,61
;9900500015;22/01/2025;5890;TRES COMERCIAL, S.L.;103,68;21,77;103,68
;9900501075;29/01/2025;5890;TRES COMERCIAL, S.L.;172,8;36,29;172,8
;9900520534;09/06/2025;5890;TRES COMERCIAL, S.L.;170,4;35,78;170,4
;A/14;05/01/2025;14293;VIELHA COMPUTER,SCP;1260;264,6;1260
;A/180;31/03/2025;3972;CALOR NATURAL ARAN, SL;419,32;88,06;419,32
;A/248;31/05/2025;3972;CALOR NATURAL ARAN, SL;198;41,58;198
;A/284;08/04/2025;14293;VIELHA COMPUTER,SCP;800;168;800
;A/3429;22/05/2025;1060;NATUCER, S.L.;250,17;52,54;250,17
;A000093455;31/01/2025;17970;SOLRED, S.A.;1852,32;388,99;1852,32
;A000328104;31/03/2025;17970;SOLRED, S.A.;2046,84;429,83;2046,84
;A030733422;09/06/2025;2030;NILFISK-ADVANCE, S.A.;-860,25;-180,65;-860,25
;A25/040294;03/03/2025;15191;NABALIA ENERGIA 2000, SA;-1083,07;-227,44;-1083,07
;A25000008;23/01/2025;12366;CONSTRUCCIONS DEL PIRINEU 2001, S.L.;735;154,35;735
;A250000156;31/03/2025;6004;MORTERO BENSEC SL;-2085;-437,85;-2085
;A25000080;30/04/2025;12366;CONSTRUCCIONS DEL PIRINEU 2001, S.L.;480;100,8;480
;A250013695;15/04/2025;7048;MAKITA, S.A.;-519,6;-109,12;-519,6
;A25005390;20/06/2025;5194;INOXPAN, S.L.;341,55;71,73;341,55
;A25006156;04/04/2025;144;JMA ALEJANDRO ALTUNA, S.L.;-148,91;-31,27;-148,91
;A250300094;17/03/2025;1235;COMERCIAL SANYC CES, S.L.;-55,55;-11,67;-55,55
;A-25035210;01/05/2025;18410;E-PORTS AMPLE DE BANDA I INTERNET, SL;94,88;19,92;94,88
;AV2250016;07/03/2025;8029;INDUSTRIAS MAS SALVADO Y SUC., S.L.;-260,4;-54,68;-260,4
;B598403958;28/02/2025;18474;TELEFONICA DE ESPA•A, S.A.;90,81;19,07;90,81
;C5-240712;17/02/2025;12858;APARCA & GO S.L.;44,44;9,33;44,44
;C598403930;28/03/2025;18474;TELEFONICA DE ESPA•A, S.A.;427,75;89,83;427,75
;C598403931;28/03/2025;18474;TELEFONICA DE ESPA•A, S.A.;89,34;18,76;89,34
;E598403877;28/05/2025;18474;TELEFONICA DE ESPA•A, S.A.;392,7;82,47;392,7
;E598403878;28/05/2025;18474;TELEFONICA DE ESPA•A, S.A.;75,21;15,79;75,21
;E807674228;24/03/2025;8158;AKZO NOBEL COATINGS, S.L.;931,7;195,66;931,7
;E807676379;01/04/2025;8158;AKZO NOBEL COATINGS, S.L.;921,73;193,56;921,73
;E807688543;31/05/2025;8158;AKZO NOBEL COATINGS, S.L.;2232,66;468,86;2232,66
;E807691988;16/06/2025;8158;AKZO NOBEL COATINGS, S.L.;295,49;62,05;295,49
;EF36;24/02/2025;16845;CAMENGO ESPA•A, S.L.;220;46,2;220
;F/25/0506;06/05/2025;9225;TIGRE 1945, S.L.;471,8;99,08;471,8
;F028022363;17/02/2025;11866;RODI ARAN, S.L.;421,35;88,48;421,35
;F161893;31/03/2025;15920;COORDONNê, S.L.;85,5;17,96;85,5
;7639;13/02/2025;5330;BRONPI CALEFACCION, S.L.;859,95;180,59;859,95
;7850;06/04/2025;16753;JUAN LUIS NU•EZ ARMERO;36,89;7,75;36,89
;7925000082;31/03/2025;14634;CIFRE CERAMICA, S.L.;-192,05;-40,33;-192,05
;7H80126412;01/06/2025;18474;TELEFONICA DE ESPA•A, S.A.;444,61;93,37;444,61
;800950;05/03/2025;5574;BRIKTE, S.L.;598,75;125,74;598,75
;802486;10/06/2025;5574;BRIKTE, S.L.;1044,7;219,39;1044,7
;811;25/02/2025;484;SOBIME, S.A.;168,04;35,29;168,04
;8190216189;28/04/2025;2886;BEISSIER,S.A.U.;270,59;56,82;270,59
;FV2250762;04/06/2025;8029;INDUSTRIAS MAS SALVADO Y SUC., S.L.;16,41;3,45;16,41
;FV2250768;05/06/2025;8029;INDUSTRIAS MAS SALVADO Y SUC., S.L.;1298,45;272,67;1298,45
;FV25/09687;21/05/2025;825;IDATERM, S.L.;56,21;11,8;56,21
;FV25001563;15/06/2025;2580;GLS CONSORCIO DEL HORMIGON, S.L.U.;143,2;30,07;143,2
;FV2500298;14/01/2025;3711;BRINOX S.A;326,5;68,57;326,5
;FV25-00378;13/01/2025;2905;OBREROL, S.A.;404,83;85,01;404,83
;FV25010707;13/01/2025;11627;JULI∑ GRUP FURNITURE SOLUTIONS, SL;1069,5;224,6;1069,5
;FV2501528;06/03/2025;5576;THERMOGREEN, S.L.;4584,48;962,74;4584,48
;FV2501659;26/02/2025;2441;ESTRELIZIA BATH, SL;191,04;40,12;191,04
;FV25-02679;28/02/2025;2905;OBREROL, S.A.;1820,52;382,31;1820,52
;FV25-03349;14/03/2025;2905;OBREROL, S.A.;28,36;5,96;28,36
;FV25-04526;04/04/2025;2905;OBREROL, S.A.;256,87;53,94;256,87
;FV25-04935;28/04/2025;7690;GRIFERIAS GROBER, S.L.;381,32;80,08;381,32
;FV25-05955;20/05/2025;7690;GRIFERIAS GROBER, S.L.;72,64;15,25;72,64
;FV25-08837;27/06/2025;2905;OBREROL, S.A.;282,76;59,38;282,76
;FV2511135;12/03/2025;5900;JUBA PERSONAL PROTECT. EQUIP.. S.L.;65,13;13,68;65,13
;FV2517407;22/04/2025;5900;JUBA PERSONAL PROTECT. EQUIP.. S.L.;28,31;5,95;28,31
;FV367;31/03/2025;6364;VIGAS COSME, S.L.;631,35;132,58;631,35
;GEN/92;13/01/2025;6084;ANDREU BARBERA, S.L.;329,17;69,13;329,17
;GN25000015;14/01/2025;6065;MONTANA COLORS, S.L.;-234,4;-49,22;-246,59
;HM250032;10/02/2025;15367;NORPRINT, S.A.;1485;311,85;1485
;I/91;16/04/2025;3259;PIZARRAS JBERNARDOS, SL;6830,09;1434,32;6830,09
;1633187221;20/03/2025;800;HOLCIM ESPA•A, S.A.U.;3546;744,66;3546
;1633188004;31/03/2025;800;HOLCIM ESPA•A, S.A.U.;1966,8;413,03;1966,8
;1633191075;10/05/2025;800;HOLCIM ESPA•A, S.A.U.;2324,4;488,12;2324,4
;1633192812;31/05/2025;800;HOLCIM ESPA•A, S.A.U.;2397,2;503,41;2397,2
;1633194596;20/06/2025;800;HOLCIM ESPA•A, S.A.U.;1788;375,48;1788
;1644047139;31/01/2025;800;HOLCIM ESPA•A, S.A.U.;1892;397,32;1892
;1644047686;20/02/2025;800;HOLCIM ESPA•A, S.A.U.;4409,44;925,98;4409,44
;1644048152;10/03/2025;800;HOLCIM ESPA•A, S.A.U.;2922,24;613,67;2922,24
;1644048391;20/03/2025;800;HOLCIM ESPA•A, S.A.U.;882;185,22;882
;1644048684;31/03/2025;800;HOLCIM ESPA•A, S.A.U.;2262,32;475,09;2262,32
;1644050404;31/05/2025;800;HOLCIM ESPA•A, S.A.U.;1461,12;306,84;1461,12
;1644050405;31/05/2025;800;HOLCIM ESPA•A, S.A.U.;2580,96;542;2580,96
;1644051132;20/06/2025;800;HOLCIM ESPA•A, S.A.U.;3331,48;699,61;3331,48
;17.969;05/06/2025;2062;DISTRIBUIDORA BOSCH HNOS.,S.A.;243,62;51,16;243,62
;17005659;21/02/2025;721;ARISTON THERMO ESPA•A, S.L.U.;371,1;77,93;371,1
;1775;25/04/2025;484;SOBIME, S.A.;952,26;199,97;952,26
;2025/00883;19/02/2025;7635;ARBE STOLANIC, S.L.;828,75;174,04;828,75
;2025/03215;16/04/2025;6439;JARDI POND, S.L.;547;114,87;547
;2025/04586;21/05/2025;6439;JARDI POND, S.L.;533,12;111,96;533,12
;2025/04844;27/05/2025;6439;JARDI POND, S.L.;1064,28;223,5;1064,28
;2025/388;24/03/2025;4600;COCINAS CARBEL, S.L.;129,88;27,27;129,88
;2025/468;25/02/2025;3875;BROQUETAS, SL;916;192,36;916
;2025/6559;20/05/2025;18424;ROSICH ROMEU, Carmen;30,8;6,47;30,8
;2025000666;14/02/2025;2007;EDILKAMIN IBERICA, S.L.;73,6;15,46;73,6
;2025000780;21/02/2025;2007;EDILKAMIN IBERICA, S.L.;460;96,6;460
;2025000875;28/02/2025;2007;EDILKAMIN IBERICA, S.L.;113,2;23,77;113,2
;2025001085;14/03/2025;2007;EDILKAMIN IBERICA, S.L.;41,2;8,65;41,2
;2025001412;10/01/2025;491;TECNICAS EXPANSIVAS,S.L.;52,67;11,06;52,67
;2025001412;04/04/2025;2007;EDILKAMIN IBERICA, S.L.;84,4;17,72;84,4
;2025001793;23/05/2025;2007;EDILKAMIN IBERICA, S.L.;2992;628,32;2992
;2025001855;30/05/2025;2007;EDILKAMIN IBERICA, S.L.;2217,6;465,7;2217,6
;2025002028;27/06/2025;2007;EDILKAMIN IBERICA, S.L.;3780,81;793,97;3780,81
;202500226;15/01/2025;1530;GRUPO EMP. DAKOTA PENINSULA IBERICA SLU;378,25;79,43;378,25
;2025007046;11/02/2025;5808;LOREFAR S.L;240,48;50,5;240,48
;2025-017;07/03/2025;2552;PINATER, SL;510;107,1;510
;2025029904;20/05/2025;491;TECNICAS EXPANSIVAS,S.L.;163,83;34,4;163,83
;2025031331;13/03/2025;4792;ATUSA GRUPO EMPRESARIAL, S.A.;257;53,97;257
;20251470;15/05/2025;2284;TARROS PINTURES I DECORACI‡, S.L.;624,73;131,19;624,73
;20251531;24/04/2025;1408;PROFESIONAL DE SUMINISTROS, S.A;658,67;138,32;658,67
;20252208;12/06/2025;1408;PROFESIONAL DE SUMINISTROS, S.A;810,92;170,29;810,92
;2025250124;21/04/2025;12359;HERMUTRAEX, S.L.;1102,5;231,53;1102,5
;2025-266;28/02/2025;2823;VIDRES LA NOGUERA S.L.;654,19;137,38;654,19
;2025746380;28/02/2025;502;ELEKTRA CATALUNYA XXI SL;987,9;207,46;987,9
;2025752348;15/04/2025;502;ELEKTRA CATALUNYA XXI SL;743,9;156,22;743,9
;2025757547;31/05/2025;502;ELEKTRA CATALUNYA XXI SL;51,2;10,75;51,2
;2025-788;30/05/2025;2823;VIDRES LA NOGUERA S.L.;151,92;31,9;151,92
;2025-95;31/01/2025;2823;VIDRES LA NOGUERA S.L.;483,24;101,48;483,24
;2080431606;28/02/2025;809;FRANKE ESPA•A, S.A.U.;438,8;92,15;438,8
;2360927661;07/01/2025;8247;VELUX SPAIN, S.A.;200,78;42,16;200,78
;2360929126;20/01/2025;8247;VELUX SPAIN, S.A.;68,54;14,39;68,54
;2360929640;24/01/2025;8247;VELUX SPAIN, S.A.;3009,81;632,06;3009,81
;2360929910;28/01/2025;8247;VELUX SPAIN, S.A.;89,39;18,77;89,39
;2360932647;24/02/2025;8247;VELUX SPAIN, S.A.;4733,58;994,05;4733,58
;2360933089;28/02/2025;8247;VELUX SPAIN, S.A.;703,69;147,77;703,69
;2360933945;07/03/2025;8247;VELUX SPAIN, S.A.;338,26;71,03;338,26
;2360934618;14/03/2025;8247;VELUX SPAIN, S.A.;2645,97;555,66;2645,97
;2360936495;03/04/2025;8247;VELUX SPAIN, S.A.;193,67;40,67;193,67
;2360938536;25/04/2025;8247;VELUX SPAIN, S.A.;543,34;114,1;543,34
;2360941662;27/05/2025;8247;VELUX SPAIN, S.A.;527,45;110,76;527,45
;2360941959;28/05/2025;8247;VELUX SPAIN, S.A.;9143,73;1920,19;9143,73
;2360942902;04/06/2025;8247;VELUX SPAIN, S.A.;111,74;23,47;111,74
;2360943856;11/06/2025;8247;VELUX SPAIN, S.A.;1628,47;341,98;1628,47
;2360944108;13/06/2025;8247;VELUX SPAIN, S.A.;519,23;109,04;519,23
;2360946304;27/06/2025;8247;VELUX SPAIN, S.A.;2389,55;501,8;2389,55
;2400036879;01/01/2025;11602;DE LAGE LANDEN INTERNATIONAL V.V.;158,55;33,3;158,55
;3025001285;24/01/2025;7987;PLADUR GYPSUM, S.A.U.;12284,08;2579,66;12284,08
;3025001639;30/01/2025;7987;PLADUR GYPSUM, S.A.U.;10453,51;2195,24;10453,51
;3025004356;13/03/2025;7987;PLADUR GYPSUM, S.A.U.;13695,6;2876,08;13695,6
;3025010602;27/06/2025;7987;PLADUR GYPSUM, S.A.U.;9469,43;1988,58;9469,43
;3025101041;13/01/2025;7191;AC MARCA ADHESIVES, SAU;457,22;96,02;457,22
;3025106261;07/02/2025;7191;AC MARCA ADHESIVES, SAU;427,85;89,85;427,85
;3025106262;07/02/2025;7191;AC MARCA ADHESIVES, SAU;299,2;62,83;299,2
;3025120811;30/04/2025;7191;AC MARCA ADHESIVES, SAU;3980,1;835,82;3980,1
;3025125342;23/05/2025;7191;AC MARCA ADHESIVES, SAU;92,02;19,32;92,02
;3025131435;26/06/2025;7191;AC MARCA ADHESIVES, SAU;1209,42;253,98;1209,42
;3096152;10/03/2025;533;ADI HOGAR Y HOSTELERIA IBERIA, S.L.;277,19;58,21;277,19
;3250079;24/02/2025;7906;SUCESORES DE FALIP NAVARRO, S.A;617,5;129,68;617,5
;3250255;26/06/2025;7906;SUCESORES DE FALIP NAVARRO, S.A;617,5;129,68;617,5
;L25000099;24/01/2025;5082;DELTA COCINAS, S.L.;152,29;31,98;152,29
;L25000805;21/03/2025;5082;DELTA COCINAS, S.L.;345,51;72,56;345,51
;L25001203;11/04/2025;5082;DELTA COCINAS, S.L.;3170,05;665,71;3170,05
;L25001928;30/05/2025;5082;DELTA COCINAS, S.L.;4369,25;917,54;4369,25
;M1207;30/04/2025;9452;ARENES BELLPUIG, S.L.;-356,24;-74,81;-356,24
;M423;15/02/2025;9452;ARENES BELLPUIG, S.L.;921,86;193,59;921,86
;M733;15/03/2025;9452;ARENES BELLPUIG, S.L.;962,96;202,22;962,96
;MA25012782;15/05/2025;193;AD MASANES, S.A.;196,1;41,18;196,1
;N016508786;09/04/2025;18077;ENDESA ENERGIA, SA;204,8;43,01;204,8
;N020319953;29/04/2025;18077;ENDESA ENERGIA, SA;188,55;39,6;188,55
;N025679225;29/05/2025;18077;ENDESA ENERGIA, SA;177;37,17;177
;N026366650;04/06/2025;18077;ENDESA ENERGIA, SA;136,94;28,76;136,94
;N028585027;13/06/2025;18077;ENDESA ENERGIA, SA;1647,26;345,92;1647,26
;N030804013;27/06/2025;18077;ENDESA ENERGIA, SA;140,64;29,53;140,64
;NA184162;29/04/2025;2056;ULMA HORMIGON POLIMERO, S. Coop,;769,72;161,64;769,72
;NA4.480;15/04/2025;1173;MANILLONS TORRENT SL;112,15;23,55;112,15
;NC00051686;27/03/2025;18077;ENDESA ENERGIA, SA;14,35;3,01;14,35
;250891812;31/05/2025;12407;SOC. ESTATAL CORREOS Y TELEGRAFOS, S.A.;30,26;;58,97
;28022363;17/02/2025;11866;RODI ARAN, S.L.;4,18;;425,53
;20250213;31/03/2025;17018;AUTOMOVILES AUTORIUTOR, S.L.;39,38;;392,05
;250218;19/05/2025;11735;VIATGES TOCASONS S.L.;3986;;3986
;250269;09/06/2025;11735;VIATGES TOCASONS S.L.;3516;;3516
;251391927;26/02/2025;18435;AIGöES DE BARCELONA S.A.;41,23;;86,22
;254413447;26/06/2025;18435;AIGöES DE BARCELONA S.A.;53,41;;120,62
;304000005;31/03/2025;12407;SOC. ESTATAL CORREOS Y TELEGRAFOS, S.A.;10,79;;10,79
;AN00004026;31/03/2025;17970;SOLRED, S.A.;40,26;0;40,26
;F25-305544;15/01/2025;17629;PREVENACTIVA, S.L.U.;272,49;;709,74
;F25-319198;01/04/2025;17629;PREVENACTIVA, S.L.U.;272,49;;709,74
;FA012767;04/02/2025;14091;BAOFENG;289,27;;289,27
;GN25000015;14/01/2025;6065;MONTANA COLORS, S.L.;-12,19;;-246,59
;40;05/03/2025;11030;ELECTRICITAT R. GIRON, S.L.;28,6;6,01;28,6
;220;25/03/2025;12060;RADIO SYSTEMS EQUIP.ELECTRONICOS S.L.;605,88;127,23;605,88
;1576004;11/06/2025;6472;DAKE FREGADEROS,S.L.U.;262,2;55,06;262,2
;2223541;26/06/2025;5693;SAS DELTA PLUS;138,3;29,04;138,3
;151200325;20/03/2025;10013;BANCO SANTANDER, S.A.;12,01;2,52;12,01
;1521408239;03/04/2025;10800;HOLCIM ESPA•A, S.A.U.;-421,2;-88,45;-421,2
;1531670701;02/05/2025;9079;KARCHER, S.A.;92,56;19,44;92,56
;1541031340;31/03/2025;800;HOLCIM ESPA•A, S.A.U.;-1404;-294,84;-1404
;1541031370;30/03/2025;800;HOLCIM ESPA•A, S.A.U.;-280;-58,8;-280
;1544015572;31/05/2025;800;HOLCIM ESPA•A, S.A.U.;-91;-19,11;-91
;16230201;05/06/2025;14708;BIGMAT LOGISTICA, S.A.;5,2;1,09;5,2
;2000009816;27/05/2025;10143;BANCO SABADELL, S.A.;331,5;69,62;331,5
;2010125634;19/05/2025;5427;CUPA PIZARRAS S.A;8349,37;1753,37;8349,37
;3737;26/01/2025;6139;SALTOKI LLEIDA, S.A.;147,64;31;147,64
;395050;07/01/2025;15995;MATERIALES Y DISE•OS, S.A.;-109,02;-22,89;-109,02
;396145;05/02/2025;5995;MATERIALES Y DISE•OS, S.A.;757,32;159,04;757,32
;408000028;08/04/2025;12407;SOC. ESTATAL CORREOS Y TELEGRAFOS, S.A.;331,82;69,68;331,82
;410053;18/02/2025;6472;DAKE FREGADEROS,S.L.U.;345,95;72,65;345,95
;411871;26/02/2025;5140;PREFABRICADOS PUJOL, S.A.;129,8;27,26;129,8
;412085;15/01/2025;8184;ALYCO TOOLS, SA;129,88;27,27;129,88
;412892;23/01/2025;8184;ALYCO TOOLS, SA;137,42;28,86;137,42
;413101;24/01/2025;8184;ALYCO TOOLS, SA;178,32;37,45;178,32
;4164;07/05/2025;8051;NUEVAS LINEAS DE EXTINCION, SL;206,47;43,36;206,47
;416707;13/06/2025;5140;PREFABRICADOS PUJOL, S.A.;2596,65;545,3;2596,65
;419573;14/03/2025;8184;ALYCO TOOLS, SA;118,93;24,98;118,93
;420348;21/03/2025;8184;ALYCO TOOLS, SA;158,15;33,21;158,15
;421097;27/03/2025;8184;ALYCO TOOLS, SA;103,12;21,66;103,12
;422586;08/04/2025;8184;ALYCO TOOLS, SA;112,79;23,69;112,79
;4250001233;20/02/2025;525;AMILIBIA Y DE LA IGLESIA,S.A.;-90,44;-18,99;-90,44
;427546;22/05/2025;8184;ALYCO TOOLS, SA;159,35;33,46;159,35
;427894;26/05/2025;8184;ALYCO TOOLS, SA;232,74;48,88;232,74
;429749;09/06/2025;8184;ALYCO TOOLS, SA;130,91;27,49;130,91
;430723;13/06/2025;8184;ALYCO TOOLS, SA;165,47;34,75;165,47
;834058ZIN1;10/05/2025;1269;CEMEX ESPA•A OPERACIONES, S.L.U.;2995,63;629,08;2995,63
;843479ZIN1;20/06/2025;1269;CEMEX ESPA•A OPERACIONES, S.L.U.;3162,06;664,03;3162,06
;85978430;30/01/2025;666;FISCHER IBERICA, S.A.U.;319,92;67,18;319,92
;85986529;05/03/2025;666;FISCHER IBERICA, S.A.U.;53,23;11,18;53,23
;85988648;14/03/2025;666;FISCHER IBERICA, S.A.U.;109,89;23,08;109,89
;883029;23/01/2025;6169;REFREL, S.L.;419,25;88,04;419,25
;884629;05/02/2025;6169;REFREL, S.L.;598,1;125,6;598,1
;887341;03/03/2025;6169;REFREL, S.L.;302,41;63,51;302,41
;888698;13/03/2025;6169;REFREL, S.L.;65,19;13,69;65,19
;889353;19/03/2025;6169;REFREL, S.L.;397,92;83,56;397,92
;892806;22/04/2025;6169;REFREL, S.L.;439,55;92,31;439,55
;894286;06/05/2025;6169;REFREL, S.L.;416,4;87,44;416,4
;sep-25;09/01/2025;14828;JOSE ANTONIO PUEYO CALIZ;195;40,95;195
;9010293494;24/02/2025;7579;ALIAXIS IBERIA, S.A.U.;607,78;127,63;607,78
;9010307892;19/05/2025;7579;ALIAXIS IBERIA, S.A.U.;18,17;3,82;18,17
;9010310562;30/05/2025;7579;ALIAXIS IBERIA, S.A.U.;309,17;64,93;309,17
;9020019114;10/03/2025;17579;JIMTEN, S.A.;-321,94;-67,61;-321,94
;9151975173;22/01/2025;8890;COMERCIAL DE LAMINADOS, S.A.;2797,94;587,57;2797,94
;33/65900;17/04/2025;7774;PACAL SHOES, S.L.U.;350,88;73,68;350,88
;33/68536;17/06/2025;7774;PACAL SHOES, S.L.U.;343,58;72,15;343,58
;3320487068;25/06/2025;1518;SAINT GOBAIN PLACO IBERICA, S.A.;3517,25;738,62;3517,25
;3425100417;07/02/2025;2737;PORCELANOSA BATIMAT, S.A.U.;734,27;154,2;734,27
;3425100627;14/02/2025;2737;PORCELANOSA BATIMAT, S.A.U.;920,27;193,26;920,27
;3425100645;21/02/2025;2737;PORCELANOSA BATIMAT, S.A.U.;1287,2;270,31;1287,2
;3425100971;14/03/2025;2737;PORCELANOSA BATIMAT, S.A.U.;116,09;24,38;116,09
;3425101334;04/04/2025;2737;PORCELANOSA BATIMAT, S.A.;330,87;69,48;330,87
;3425101787;30/04/2025;2737;PORCELANOSA BATIMAT, S.A.;10,85;2,28;10,85
;3425102248;30/05/2025;2737;PORCELANOSA BATIMAT, S.A.;126,42;26,55;126,42
;3425102626;20/06/2025;2737;PORCELANOSA BATIMAT, S.A.;158,41;33,27;158,41
;3484;10/04/2025;8051;NUEVAS LINEAS DE EXTINCION, SL;798,4;167,66;798,4
;3600992194;28/02/2025;2842;SIKA , S.A.U.;754,31;158,41;754,31
;3601003046;31/03/2025;2842;SIKA , S.A.U.;778,86;163,56;778,86
;5508987;16/06/2025;4709;GENEXIA DISTRIBUCIONES, S.L.;354,6;74,47;354,6
;559;01/05/2025;18159;MARCO INVEST, S.A.;125;26,25;125
;599;12/03/2025;13947;BALUE JUSTO ADVOCATS, S.L.;110;23,1;110
;06/01/2025;20/03/2025;4970;GRANITOS LEON, C.B.;3816,96;801,56;3816,96
;6152;13/03/2025;3069;CUCINE OGGI, SL;61;12,81;61
;6500259141;05/02/2025;2804;URSA IBERICA AISLANTES, S.A.;8294,89;1741,93;8294,89
;6500261637;16/05/2025;2804;URSA IBERICA AISLANTES, S.A.;4940,6;1037,53;4940,6
;6500261827;23/05/2025;2804;URSA IBERICA AISLANTES, S.A.;7751,52;1627,82;7751,52
;67;21/02/2025;6277;MARMOLES ROYES, S.C.;1129;237,09;1129
;67;02/01/2025;18159;MARCO INVEST, S.A.;125;26,25;125
;9500371101;02/01/2025;9619;SIMON BRICO S.L;283,66;59,57;283,66
;9500372340;22/01/2025;9619;SIMON BRICO S.L;317,36;66,65;317,36
;9500373329;06/02/2025;9619;SIMON BRICO S.L;304,18;63,88;304,18
;9500374096;18/02/2025;9619;SIMON BRICO S.L;6667,05;1400,08;6667,05
;9500374322;21/02/2025;9619;SIMON BRICO S.L;272,63;57,25;272,63
;9500375068;04/03/2025;9619;SIMON BRICO S.L;49,86;10,47;49,86
;9500379105;03/05/2025;9619;SIMON BRICO S.L;36,8;7,73;36,8
;9500433389;12/05/2025;835;MEDICLINICS, S.A.;12;2,52;33,6
;9506006106;31/01/2025;6414;ISOLANA AISLAMIENTOS, S.L.;275,85;57,93;275,85
;96574;26/06/2025;8007;KRATKI PL MAREK BAL;2539,4;533,27;2539,4
;9900500644;27/01/2025;5890;TRES COMERCIAL, S.L.;50,4;10,58;50,4
;9900501563;31/01/2025;5890;TRES COMERCIAL, S.L.;54;11,34;54
;9900509975;27/03/2025;5890;TRES COMERCIAL, S.L.;40,8;8,57;40,8
;9900522584;25/06/2025;5890;TRES COMERCIAL, S.L.;598,56;125,7;598,56
;A/1001;24/04/2025;11180;MIGUEL ANGEL JORGE PI•ERO;5,37;1,13;83,55
;A/12;04/01/2025;14293;VIELHA COMPUTER,SCP;119,83;25,16;119,83
;A/14;10/01/2025;13495;JAIRO PI•EIRO S.L.;661,16;138,84;661,16
;A/174;24/02/2025;14293;VIELHA COMPUTER,SCP;553,73;116,28;553,73
;A/2257;04/04/2025;1060;NATUCER, S.L.;542,28;113,88;542,28
;A/239;05/05/2025;14293;VIELHA COMPUTER,SCP;4481,05;941,02;4481,05
;A/27;31/01/2025;7671;FRANCISCO JAVIER SANTIAGO PEREZ;3132;657,72;3132
;A000468554;30/04/2025;17970;SOLRED, S.A.;2715,15;570,18;2715,15
;25011933;07/05/2025;583;PLASTICOS TA-TAY,S.A.;219,9;46,18;219,9
;25102506;07/01/2025;7246;ROYO SPAIN, S.L.;89,73;18,84;89,73
;90059310;31/01/2025;6693;CEMENTOS MOLINS INDUSTRIAL, S.A.;1419,44;298,08;1419,44
;01/00041;03/01/2025;2621;COFAN LA MANCHA, S.A.;172,63;36,25;172,63
;01/00091;19/03/2025;12387;MARIA CRISTINA HERNANDEZ RUIZ;60,72;12,75;60,72
;01/06740;04/02/2025;2621;COFAN LA MANCHA, S.A.;414,96;87,15;414,96
;01/07771;14/02/2025;2621;COFAN LA MANCHA, S.A.;155,37;32,62;155,37
;01/14627;20/03/2025;2621;COFAN LA MANCHA, S.A.;158,31;33,25;158,31
;01/20718;09/04/2025;2621;COFAN LA MANCHA, S.A.;173,41;36,42;173,41
;01/20855;10/04/2025;2621;COFAN LA MANCHA, S.A.;171,06;35,92;171,06
;01/21309;15/04/2025;2621;COFAN LA MANCHA, S.A.;153,33;32,19;153,33
;01/21821;25/04/2025;2621;COFAN LA MANCHA, S.A.;141,05;29,62;141,05
;01/26786;06/05/2025;2621;COFAN LA MANCHA, S.A.;187,57;39,39;187,57
;01/34836;11/06/2025;2621;COFAN LA MANCHA, S.A.;195,62;41,08;195,62
;01/35322;17/06/2025;2621;COFAN LA MANCHA, S.A.;157,65;33,1;157,65
;115080425;08/04/2025;10013;BANCO SANTANDER, S.A.;10,87;2,28;10,87
;133397258;13/01/2025;10013;BANCO SANTANDER, S.A.;155,4;32,63;155,4
;133397260;13/01/2025;10013;BANCO SANTANDER, S.A.;9;1,89;9
;210594259;24/02/2025;7529;BENITO URBAN, SLU;223,5;46,94;223,5
;223451359;22/01/2025;10013;BANCO SANTANDER, S.A.;48,6;10,21;48,6
;28022205;17/02/2025;11866;RODI ARAN, S.L.;1858,73;390,33;1858,73
;28022682;14/03/2025;11866;RODI ARAN, S.L.;82,26;17,27;82,26
;28023521;30/04/2025;11866;RODI ARAN, S.L.;334,39;70,22;334,39
;28024171;05/06/2025;11866;RODI ARAN, S.L.;464,27;97,5;464,27
;29894;31/03/2025;1908;TUBS 1313, S.A.;117,12;24,6;117,12
;1365;25/03/2025;484;SOBIME, S.A.;342,11;71,84;342,11
;19/25;16/01/2025;14828;JOSE ANTONIO PUEYO CALIZ;74,38;15,62;74,38
;2250104124;31/01/2025;1840;GRUPO ELECTRO STOCK, SLU;-172;-36,12;-172
;2250202740;05/02/2025;8302;VELILLA CONFECCI‡N INDUSTRIAL,S.A.;287,26;60,32;287,26
;22502689;22/01/2025;7494;GRUPODESA FASTENERS, S.A.U.;161,14;33,84;161,14
;22504364;31/01/2025;7494;GRUPODESA FASTENERS, S.A.U.;230,5;48,41;230,5
;22507899;25/02/2025;7494;GRUPODESA FASTENERS, S.A.U.;98,72;20,73;98,72
;225101582;14/02/2025;6340;MARAZZI IBERIA, S.A.U.;731,61;153,64;731,61
;225103589;04/04/2025;6340;MARAZZI IBERIA, S.A.U.;98,86;20,76;98,86
;22515760;17/04/2025;7494;GRUPODESA FASTENERS, S.A.U.;134,34;28,21;134,34
;22518333;08/05/2025;7494;GRUPODESA FASTENERS, S.A.U.;329,73;69,24;329,73
;22518535;09/05/2025;7494;GRUPODESA FASTENERS, S.A.U.;139,49;29,29;139,49
;22523834;11/06/2025;7494;GRUPODESA FASTENERS, S.A.U.;187,6;39,4;187,6
;229070525;07/05/2025;10013;BANCO SANTANDER, S.A.;152,16;31,95;152,16
;252299;09/04/2025;4256;MECANO CAMP, S.A.;5,47;1,15;5,47
;252500794;14/04/2025;6793;PLABELL COMERCIAL,S.L.;389,16;81,72;389,16
;252501226;25/06/2025;6793;PLABELL COMERCIAL,S.L.;397,5;83,48;397,5
;2532000209;05/01/2025;14708;BIGMAT LOGISTICA, S.A.;100;21;100
;253873;18/06/2025;4256;MECANO CAMP, S.A.;428,91;90,07;428,91
;2540002261;27/01/2025;4708;BIGMAT LOGISTICA, S.A.;1640,55;344,52;1640,55
;25-4000253;08/05/2025;9813;BIGMAT IBERIA, S.A.;-62,4;-13,1;-62,4
;2540002677;30/01/2025;4708;BIGMAT LOGISTICA, S.A.;4898,53;1028,69;4898,53
;2540003232;04/02/2025;14708;BIGMAT LOGISTICA, S.A.;3,11;0,65;3,11
;2540006507;06/03/2025;4708;BIGMAT LOGISTICA, S.A.;1142,01;239,82;1142,01
;2540007459;17/03/2025;4708;BIGMAT LOGISTICA, S.A.;2686,96;564,26;2686,96
;2540009628;07/04/2025;4708;BIGMAT LOGISTICA, S.A.;3646,77;765,82;3646,77
;2540010045;10/04/2025;4708;BIGMAT LOGISTICA, S.A.;9622,2;2020,66;9622,2
;2540011144;23/04/2025;4708;BIGMAT LOGISTICA, S.A.;5243,04;1101,04;5243,04
;2540013771;19/05/2025;4708;BIGMAT LOGISTICA, S.A.;3818,74;801,94;3818,74
;2540014935;29/05/2025;4708;BIGMAT LOGISTICA, S.A.;7464;1567,44;7464
;2540015231;01/06/2025;14708;BIGMAT LOGISTICA, S.A.;25,17;5,29;25,17
;2540015564;04/02/2025;15662;LEASYS S.P.A. Sucursal Espa§a;435,29;91,41;435,29
;2540017167;17/06/2025;4708;BIGMAT LOGISTICA, S.A.;-31,14;-6,54;-31,14
;2540041462;03/03/2025;15662;LEASYS S.P.A. Sucursal Espa§a;435,29;91,41;435,29
;25400805;04/04/2025;7733;SAKYDU, S.L.;591,57;124,23;591,57
;2540088992;03/06/2025;15662;LEASYS S.P.A. Sucursal Espa§a;435,29;91,41;435,29
;25-401889;09/04/2025;9813;BIGMAT IBERIA, S.A.;238,82;50,15;238,82
;25-402133;21/04/2025;9813;BIGMAT IBERIA, S.A.;401,94;84,41;401,94
;25-402493;09/05/2025;9813;BIGMAT IBERIA, S.A.;108,51;22,79;108,51
;25-403176;05/06/2025;9813;BIGMAT IBERIA, S.A.;72,34;15,19;72,34
;25-407;31/01/2025;4450;VALENPLAS, S.L.;661,62;138,94;661,62
;255;06/06/2025;6277;MARMOLES ROYES, S.C.;1394,5;292,85;1394,5
;2550002108;03/04/2025;14708;BIGMAT LOGISTICA, S.A.;1538,73;323,13;1538,73
;2550003148;04/06/2025;14708;BIGMAT LOGISTICA, S.A.;537;112,77;537
;2550170365;31/05/2025;19892;PETROPRIX ENERGIA S.L.;61,26;12,87;61,26
;25688336;12/02/2025;7455;GRESPANIA, S.A.;298,82;62,75;298,82
;25694145;22/04/2025;7455;GRESPANIA, S.A.;92,82;19,49;92,82
;25697285;27/05/2025;7455;GRESPANIA, S.A.;211,9;44,5;211,9
;25698181;05/06/2025;7455;GRESPANIA, S.A.;269,07;56,5;269,07
;25-800429;25/02/2025;19813;BIGMAT IBERIA, S.A.;1105,74;232,21;1105,74
;25-800963;25/04/2025;19813;BIGMAT IBERIA, S.A.;1080,31;226,87;1080,31
;25-830001;30/01/2025;19813;BIGMAT IBERIA, S.A.;-6437,88;-1351,95;-6437,88
;2590066;09/05/2025;4969;BUR 2000, S.A.;-1239,32;-260,26;-1239,32
;25A000019;01/01/2025;12568;GESTION EMPRES. GLOBALTA MULTIS. S.L.;370;77,7;370
;25A0012929;30/05/2025;3441;ALFA DYSER, S.L.;-2,63;-0,55;-2,63
;25F001019;15/05/2025;4306;INVAPAL, SA;1766,34;370,93;1766,34
;25F0023108;31/03/2025;3441;ALFA DYSER, S.L.;3304,43;693,93;3304,43
;25F0200226;03/03/2025;2162;INDUSTRIAS DEL CEMENTO AGLOMERADO, SL;2051,32;430,78;2051,32
;25FC007096;07/03/2025;5495;IBERMAPEI, S.A.;7404,3;1554,9;7404,3
;25FC009799;31/03/2025;5495;IBERMAPEI, S.A.;1372,15;288,15;1372,15
;25FC011853;16/04/2025;5495;IBERMAPEI, S.A.;1687,8;354,44;1687,8
;25FC013777;08/05/2025;5495;IBERMAPEI, S.A.;67,68;14,21;67,68
;25FC014501;14/05/2025;5495;IBERMAPEI, S.A.;985,34;206,92;985,34
;25FC017315;03/06/2025;5495;IBERMAPEI, S.A.;63,88;13,41;63,88
;25FC019974;25/06/2025;5495;IBERMAPEI, S.A.;1002,68;210,57;1002,68
;25FV00283;13/01/2025;4641;SCHLöTER-SYSTEMS S.L.;67,05;14,08;67,05
;25FV00350;14/01/2025;4641;SCHLöTER-SYSTEMS S.L.;254,23;53,39;254,23
;25FV00823;22/01/2025;4641;SCHLöTER-SYSTEMS S.L.;529,18;111,13;529,18
;25FV01290;27/02/2025;20168;EXOJO, S.L.;84,71;17,79;84,71
;25FV06613;26/05/2025;4641;SCHLöTER-SYSTEMS S.L.;497,04;104,38;497,04
;25FV06942;30/05/2025;4641;SCHLöTER-SYSTEMS S.L.;1357,8;285,14;1357,8
;25FV08213;26/06/2025;4641;SCHLöTER-SYSTEMS S.L.;787,71;165,42;787,71
;280410;11/02/2025;5358;I&E FOREST PANELS, S.L.;123,65;25,97;123,65
;280578;27/02/2025;5358;I&E FOREST PANELS, S.L.;1038,64;218,11;1038,64
;280691;11/03/2025;5358;I&E FOREST PANELS, S.L.;9169,32;1925,56;9169,32
;281373;20/05/2025;5358;I&E FOREST PANELS, S.L.;305,36;64,13;305,36
;466970;01/04/2025;7079;PREFABRICADOS CASTELLBISBAL SL;1631,11;342,53;1631,11
;4712501170;14/05/2025;9313;ZENON BATH & SPC SURFACES S.L.;622,5;130,73;622,5
;4712501267;22/05/2025;9313;ZENON BATH & SPC SURFACES S.L.;698,25;146,63;698,25
;480.305;20/05/2025;7005;NOFER, S.L.;134,12;28,17;134,12
;482286;01/04/2025;9173;IRPEN, S.A.U.;383,4;80,51;383,4
;4900208855;07/03/2025;19045;GAS NATURAL REDES GLP, S.A.;105,07;22,06;105,07
;500223;09/01/2025;4709;GENEXIA DISTRIBUCIONES, S.L.;400,81;84,17;400,81
;5-014.719;08/04/2025;7669;IRONLUX GROUP 2003, S.A.;688,26;144,53;688,26
;5060550770;28/02/2025;2032;TECHTRONIC INDUSTRIES IBERIA, SL;176,4;37,04;176,4
;5067033450;28/02/2025;2032;TECHTRONIC INDUSTRIES IBERIA, SL;-237,46;-49,87;-237,46
;508100510;01/03/2025;10228;CLIMA-AINê, SCCL;1200;252;1200
;508100586;01/04/2025;10228;CLIMA-AINê, SCCL;1200;252;1200
;9151978837;31/01/2025;8890;COMERCIAL DE LAMINADOS, S.A.;130,9;27,49;130,9
;9151978960;31/01/2025;18890;COMERCIAL DE LAMINADOS, S.A.;52,8;11,09;52,8
;9151984198;12/02/2025;8890;COMERCIAL DE LAMINADOS, S.A.;495;103,95;495
;9151991133;27/02/2025;8890;COMERCIAL DE LAMINADOS, S.A.;337,56;70,89;337,56
;9152003274;27/03/2025;8890;COMERCIAL DE LAMINADOS, S.A.;218,34;45,85;218,34
;9152007225;03/04/2025;8890;COMERCIAL DE LAMINADOS, S.A.;1015,4;213,23;1015,4
;9152012960;16/04/2025;8890;COMERCIAL DE LAMINADOS, S.A.;56,8;11,93;56,8
;9152014244;23/04/2025;8890;COMERCIAL DE LAMINADOS, S.A.;342,95;72,02;342,95
;9152017779;02/05/2025;8890;COMERCIAL DE LAMINADOS, S.A.;6727,75;1412,82;6727,75
;9300656755;18/01/2025;7392;ROCA SANITARIO, S.A.;47,12;9,9;47,12
;9300657074;20/01/2025;7392;ROCA SANITARIO, S.A.;83,35;17,5;83,35
;9300657860;22/01/2025;7392;ROCA SANITARIO, S.A.;701,59;147,33;701,59
;9300658272;23/01/2025;7392;ROCA SANITARIO, S.A.;23,42;4,92;23,42
;9300662269;06/02/2025;7392;ROCA SANITARIO, S.A.;102,79;21,59;102,79
;9300664960;15/02/2025;7392;ROCA SANITARIO, S.A.;470,44;98,79;470,44
;9300670609;07/03/2025;7392;ROCA SANITARIO, S.A.;263,17;55,27;263,17
;9300674081;19/03/2025;7392;ROCA SANITARIO, S.A.;2120,89;445,39;2120,89
;9300675786;25/03/2025;7392;ROCA SANITARIO, S.A.;13,47;2,83;13,47
;9300676911;28/03/2025;7392;ROCA SANITARIO, S.A.;30,05;6,31;30,05
;9300680554;10/04/2025;7392;ROCA SANITARIO, S.A.;29,19;6,13;29,19
;9300681921;16/04/2025;7392;ROCA SANITARIO, S.A.;515,82;108,32;515,82
;9300682844;23/04/2025;7392;ROCA SANITARIO, S.A.;53,97;11,33;53,97
;9300689891;21/05/2025;7392;ROCA SANITARIO, S.A.;5339,17;1121,23;5339,17
;9300690220;22/05/2025;7392;ROCA SANITARIO, S.A.;72,63;15,25;72,63
;9300690221;22/05/2025;7392;ROCA SANITARIO, S.A.;437,35;91,84;437,35
;9300692212;29/05/2025;7392;ROCA SANITARIO, S.A.;78,95;16,58;78,95
;9311068691;12/02/2025;7392;ROCA SANITARIO, S.A.;-352,18;-73,96;-352,18
;93622205;22/05/2025;4531;WOLFCRAFT GMBH;681,05;143,02;681,05
;93637251;25/06/2025;4531;WOLFCRAFT GMBH;368,49;77,38;368,49
;F25/019461;31/05/2025;5499;CATALONIA CERAMIC, S.A.;527,4;110,75;527,4
;F25/16712;06/02/2025;9675;ELEKTRO-3, S.C.C.L.;221,91;46,6;221,91
;F25/54135;30/04/2025;9675;ELEKTRO-3, S.C.C.L.;2369,07;497,5;2369,07
;F25/66263;21/05/2025;9675;ELEKTRO-3, S.C.C.L.;202,59;42,54;202,59
;F25000664;05/06/2025;3160;LACUNZA, S.A.;1312,55;275,64;1312,55
;F250032;16/05/2025;2309;FLOORING MANAGEMENT S.L.;25618,62;5379,91;25618,62
;F25-305544;15/01/2025;17629;PREVENACTIVA, S.L.U.;437,25;91,82;709,74
;F25-319198;01/04/2025;17629;PREVENACTIVA, S.L.U.;437,25;91,82;709,74
;F25DR00164;13/03/2025;8037;RIVISA IND. CERRAMIENTOS METALICOS, SA;869,4;182,57;869,4
;F25DR00390;30/05/2025;8037;RIVISA IND. CERRAMIENTOS METALICOS, SA;339,64;71,32;339,64
;FA1/011059;30/04/2025;3853;PLASTICOS FERRO, S.L.;1507,88;316,65;1507,88
;FA25002995;31/05/2025;5453;BRUC JARDI, S.L.U.;209,56;44,01;209,56
;FA25251095;15/04/2025;1931;JUAN CORTES S.L;220,63;46,33;220,63
;FAC711488;31/05/2025;761;DUSCHOLUX IBERICA, S.A.;42,15;8,85;42,15
;FAC712106;15/06/2025;761;DUSCHOLUX IBERICA, S.A.;901,86;189,39;901,86
;FAR39.486;31/05/2025;10761;DUSCHOLUX IBERICA, S.A.;-2,11;-0,44;-2,11
;FE166;31/05/2025;11262;TERESA PARISI DAVIU;8,37;1,76;8,37
;FE7665;31/01/2025;14374;HUGUET HUGUET, JAUME;22,62;4,75;22,62
;FER159;20/02/2025;2171;INYERASP, S.L.;19,8;4,16;19,8
;FKP/2505;28/02/2025;13500;SOCIEDAD ANONIMA KP;5;1,05;5
;FKP/4702;09/04/2025;13500;SOCIEDAD ANONIMA KP;25;5,25;25
;FKP/6714;26/05/2025;13500;SOCIEDAD ANONIMA KP;23,59;4,95;23,59
;FLB85509;05/04/2025;13547;BNP PARIBAS LEASE GROUP, S.A.;160,57;33,72;160,57
;FN25004815;27/03/2025;6065;MONTANA COLORS, S.L.;222,54;46,73;222,54
;FTF-12181;15/02/2025;9355;AGHASA TURIS, S.A.;1683,66;353,57;1784,57
;FTF-13961;15/03/2025;9355;AGHASA TURIS, S.A.;440,15;92,43;440,15
;FTF-13962;15/03/2025;9355;AGHASA TURIS, S.A.;2338,74;491,14;2338,74
;FTF-14823;31/03/2025;9355;AGHASA TURIS, S.A.;1246,29;261,72;1246,29
;FTF-17368;15/05/2025;9355;AGHASA TURIS, S.A.;1280,86;268,98;1280,86
;FTF-18227;31/05/2025;9355;AGHASA TURIS, S.A.;2674,01;561,54;2674,01
;FTS/1105;28/02/2025;909;SCRIGNO ESPA•A, S.L.;202;42,42;202
;F-V/18108;31/03/2025;9077;RETAMERO ELECTROTALLER, SLU;261,24;54,86;261,24
;FV-039357;25/03/2025;6230;LOFES 90, S.L.;433,09;90,95;433,09
;FV-039358;25/03/2025;6230;LOFES 90, S.L.;401,13;84,24;401,13
;FV-039899;10/04/2025;6230;LOFES 90, S.L.;284,67;59,78;284,67
;FV-040293;20/04/2025;6230;LOFES 90, S.L.;336,86;70,74;336,86
;FV-041963;15/06/2025;6230;LOFES 90, S.L.;449,08;94,31;449,08
;A252.611;15/04/2025;4402;INDUSTRIAL BLANSOL, SA;1800,86;378,18;1800,86
;A252.641;16/04/2025;4402;INDUSTRIAL BLANSOL, SA;1247,54;261,98;1247,54
;A252.851;29/04/2025;4402;INDUSTRIAL BLANSOL, SA;589,42;123,78;589,42
;PE25000726;21/01/2025;6717;COMERCIAL OJA, SLU;617,43;129,66;617,43
;PE25002036;18/02/2025;6717;COMERCIAL OJA, SLU;194,4;40,82;194,4
;PE25002247;20/02/2025;6717;COMERCIAL OJA, SLU;211,19;44,35;211,19
;PE25003460;19/03/2025;6717;COMERCIAL OJA, SLU;2341,27;491,67;2341,27
;PE25003683;21/03/2025;6717;COMERCIAL OJA, SLU;922,4;193,7;922,4
;PE25004845;11/04/2025;6717;COMERCIAL OJA, SLU;318,45;66,87;318,45
;PE25005665;30/04/2025;6717;COMERCIAL OJA, SLU;397,76;83,53;397,76
;R/2500154;03/03/2025;8438;DINAK, S.A.;890,14;186,93;890,14
;R/2500209;25/03/2025;8438;DINAK, S.A.;512,32;107,59;512,32
;R/2500291;25/04/2025;8438;DINAK, S.A.;819,39;172,07;819,39
;5097131321;31/01/2025;4538;FRIGICOLL, S.A.;-1136,12;-238,59;-1136,12
;510002220;20/03/2025;4983;CATA ELECTRODOMESTICOS, S.L.;-187,21;-39,31;-187,21
;5196127;08/04/2025;7918;DERIVADOS ASFALTICOS NORMALIZADOS, S.A.;270,02;56,7;270,02
;520231881;02/04/2025;1928;SOLER & PALAU SIST. DE VENTILACI‡N,S.L.U;544,51;114,35;544,51
;A48961;03/02/2025;2361;BATH INNOVATIONS, S.L.U.;177;37,17;177
;A49003;10/02/2025;2361;BATH INNOVATIONS, S.L.U.;543,24;114,08;543,24
;A49088;19/02/2025;2361;BATH INNOVATIONS, S.L.U.;39;8,19;39
;A49914;28/05/2025;2361;BATH INNOVATIONS, S.L.U.;508,68;106,82;508,68
;A5/3111;21/04/2025;1645;BARBOSA, S.L.;514,68;108,08;514,68
;A5/38;02/01/2025;1645;BARBOSA, S.L.;766,73;161,01;766,73
;A5/4553;12/06/2025;1645;BARBOSA, S.L.;359,68;75,53;359,68
;A50061;16/06/2025;2361;BATH INNOVATIONS, S.L.U.;223,56;46,95;223,56
;A5U1054336;01/01/2025;13125;TELEFONICA MOVILES ESPA•A, S.A.;11,5;2,42;11,5
;A9525/1089;25/03/2025;2767;CHEHOMA ATELIER D'AMBIANCES, S.A.;-915,7;-192,3;-915,7
;AC-000001;31/03/2025;19466;BIGMAT STORES, SL;0,89;0,19;0,89
;AC-0002;30/04/2025;19466;BIGMAT STORES, SL;-6,65;-1,4;-6,65
;ALPEX-1214;31/03/2025;2980;ALPEX, S.A.;2734,2;574,18;2734,2
;ALPEX-2120;21/05/2025;2980;ALPEX, S.A.;471,24;98,96;471,24
;AV/120260;02/01/2025;9675;ELEKTRO-3, S.C.C.L.;405,08;85,07;405,08
;D598403903;28/04/2025;18474;TELEFONICA DE ESPA•A, S.A.;75,21;15,79;75,21
;D5M0000840;01/04/2025;13125;TELEFONICA MOVILES ESPA•A, S.A.;447,5;93,98;447,5
;E5M0000716;01/05/2025;13125;TELEFONICA MOVILES ESPA•A, S.A.;495,73;104,11;495,73
;E807665528;07/02/2025;8158;AKZO NOBEL COATINGS, S.L.;1641,29;344,67;1641,29
;E807668808;25/02/2025;8158;AKZO NOBEL COATINGS, S.L.;480,07;100,81;480,07
;E807671042;06/03/2025;8158;AKZO NOBEL COATINGS, S.L.;9392,68;1972,46;9392,68
;E807680230;22/04/2025;8158;AKZO NOBEL COATINGS, S.L.;1990,36;417,98;1990,36
;E807683458;08/05/2025;8158;AKZO NOBEL COATINGS, S.L.;595,32;125,02;595,32
;E807692591;19/06/2025;8158;AKZO NOBEL COATINGS, S.L.;1051,44;220,8;1051,44
;E807693347;23/06/2025;8158;AKZO NOBEL COATINGS, S.L.;1327,75;278,83;1327,75
;EF369524;10/03/2025;16845;CAMENGO ESPA•A, S.L.;60;12,6;60
;2541000106;31/03/2025;14708;BIGMAT LOGISTICA, S.A.;19,95;0,8;19,95
;FV25002635;22/01/2025;4773;GARSACO IMPORT, S.L.;27,99;5,88;27,99
;FV2500603;28/01/2025;5576;THERMOGREEN, S.L.;4893,07;1027,54;4893,07
;FV25011932;08/04/2025;4773;GARSACO IMPORT, S.L.;89,53;18,8;89,53
;FV25-03460;24/03/2025;7690;GRIFERIAS GROBER, S.L.;172,48;36,22;172,48
;FV25-03725;21/03/2025;2905;OBREROL, S.A.;388,46;81,58;388,46
;FV2503837;10/04/2025;3711;BRINOX S.A;343,75;72,19;343,75
;FV25-04875;11/04/2025;2905;OBREROL, S.A.;56,36;11,84;56,36
;FV2510609;10/03/2025;5900;JUBA PERSONAL PROTECT. EQUIP.. S.L.;312,91;65,71;312,91
;FV456299;07/03/2025;368;ARREGUI BUZONES Y SISTEMAS DE SEGURIDAD;500,4;105,08;500,4
;FV465300;13/06/2025;368;ARREGUI BUZONES Y SISTEMAS DE SEGURIDAD;112,46;23,62;112,46
;L25000362;21/02/2025;5082;DELTA COCINAS, S.L.;4696,7;986,31;4696,7
;M1373;15/05/2025;9452;ARENES BELLPUIG, S.L.;1079;226,59;1079
;N018284027;16/04/2025;18077;ENDESA ENERGIA, SA;676,7;142,11;676,7
;N020922553;06/05/2025;18077;ENDESA ENERGIA, SA;124,28;26,1;124,28
;N023005188;14/05/2025;18077;ENDESA ENERGIA, SA;579,59;121,71;579,59
;NC00054899;30/04/2025;18077;ENDESA ENERGIA, SA;13,39;2,81;13,39
;NC00055607;04/04/2025;18077;ENDESA ENERGIA, SA;9,95;2,09;9,95
;NC00055939;04/04/2025;18077;ENDESA ENERGIA, SA;13,39;2,81;13,39
;NC00056424;13/06/2025;18077;ENDESA ENERGIA, SA;25;5,25;25
;NC00074869;13/06/2025;18077;ENDESA ENERGIA, SA;25;5,25;25
;NC00089479;27/06/2025;18077;ENDESA ENERGIA, SA;13,39;2,81;13,39
;NO2501387;30/04/2025;4969;BUR 2000, S.A.;3225,92;677,45;3225,92
;2500091923;17/01/2025;11444;APPLUS ITEUVE TECHNOLOGY, S.L.;4,18;;46,16
;2500267429;12/06/2025;15169;BANCO BILBAO VIZCAYA ARGENTARIA, S.A.;3,09;;9,09
;250097;13/03/2025;11735;VIATGES TOCASONS S.L.;758;;758
;250389159;28/02/2025;12407;SOC. ESTATAL CORREOS Y TELEGRAFOS, S.A.;24,92;;24,92
;250723981;30/04/2025;12407;SOC. ESTATAL CORREOS Y TELEGRAFOS, S.A.;33,15;;119,28
;252921310;29/04/2025;18435;AIGöES DE BARCELONA S.A.;56,83;;125,05
;0/2751;25/03/2025;4518;FUNDICION DUCTIL FABREGAS,S.A.;59,8;12,56;59,8
;216;27/01/2025;12060;RADIO SYSTEMS EQUIP.ELECTRONICOS S.L.;439,65;92,33;439,65
;218;03/03/2025;12060;RADIO SYSTEMS EQUIP.ELECTRONICOS S.L.;439,65;92,33;439,65
;2500142;31/03/2025;18317;LLEIDA MANUTENCIO, S.L.;701,9;147,4;701,9
;2500196;15/05/2025;18317;LLEIDA MANUTENCIO, S.L.;1521,14;319,44;1521,14
;1275;27/01/2025;6145;PERFUM&BEAUTY INNOVA, SL;287,57;60,39;287,57
;1572538;04/04/2025;6472;DAKE FREGADEROS,S.L.U.;137,4;28,85;137,4
;1576134;13/06/2025;6472;DAKE FREGADEROS,S.L.U.;237,6;49,9;237,6
;1732;12/06/2025;846;SODITEC SPAIN CAUCHO Y PVC, SL;585;122,85;585
;2222362;19/06/2025;5693;SAS DELTA PLUS;370,64;77,83;370,64
;1541032416;31/05/2025;800;HOLCIM ESPA•A, S.A.U.;-312;-65,52;-312
;1544014561;31/01/2025;800;HOLCIM ESPA•A, S.A.U.;-72;-15,12;-72
;1566;26/02/2025;9790;INDUSTRIAS GONAL HISPANIA, S.L.;229,99;48,3;229,99
;159;14/04/2025;6277;MARMOLES ROYES, S.C.;3624,5;761,15;3624,5
;16229166;06/03/2025;14708;BIGMAT LOGISTICA, S.A.;13,5;2,84;13,5
;16229167;06/03/2025;14708;BIGMAT LOGISTICA, S.A.;1,78;0,37;1,78
;20052025;20/05/2025;10013;BANCO SANTANDER, S.A.;16,86;3,55;16,86
;2010125331;02/05/2025;5427;CUPA PIZARRAS S.A;23372,06;4908,13;23372,06
;2010126050;09/06/2025;5427;CUPA PIZARRAS S.A;11096,33;2330,23;11096,33
;11374;14/01/2025;14915;GERMANS BOADA S.A.;-61,55;-12,93;-61,55
;1145111399;10/01/2025;3550;BSH ELECTRODOMESTICOS ESPA•A, S.A.;479,26;100,64;479,26
;1145122163;17/01/2025;3550;BSH ELECTRODOMESTICOS ESPA•A, S.A.;828,45;173,97;828,45
;1146516062;13/01/2025;13550;BSH ELECTRODOMESTICOS ESPA•A, S.A.;-49,07;-10,3;-49,07
;1146517631;13/01/2025;13550;BSH ELECTRODOMESTICOS ESPA•A, S.A.;-187,99;-39,48;-187,99
;1148086746;24/01/2025;13550;BSH ELECTRODOMESTICOS ESPA•A, S.A.;-330;-69,3;-330
;1148086747;24/01/2025;13550;BSH ELECTRODOMESTICOS ESPA•A, S.A.;-495;-103,95;-495
;1148089937;25/03/2025;13550;BSH ELECTRODOMESTICOS ESPA•A, S.A.;-230;-48,3;-230
;124090625;09/06/2025;10013;BANCO SANTANDER, S.A.;11,29;2,37;11,29
;125000173;23/01/2025;11586;BINSOFT INFORMATICA, S.L.;475;99,75;475
;1250001788;10/01/2025;525;AMILIBIA Y DE LA IGLESIA,S.A.;245,38;51,53;245,38
;1250002514;14/01/2025;525;AMILIBIA Y DE LA IGLESIA,S.A.;197,06;41,38;197,06
;1250003838;17/01/2025;525;AMILIBIA Y DE LA IGLESIA,S.A.;204,38;42,92;204,38
;1250007692;31/01/2025;525;AMILIBIA Y DE LA IGLESIA,S.A.;298,29;62,64;298,29
;1250009514;07/02/2025;525;AMILIBIA Y DE LA IGLESIA,S.A.;271,16;56,94;271,16
;1250010490;12/02/2025;525;AMILIBIA Y DE LA IGLESIA,S.A.;742,6;155,95;742,6
;1250010777;13/02/2025;525;AMILIBIA Y DE LA IGLESIA,S.A.;30,38;6,38;30,38
;1250011597;17/02/2025;525;AMILIBIA Y DE LA IGLESIA,S.A.;521,74;109,57;521,74
;1250019895;19/03/2025;525;AMILIBIA Y DE LA IGLESIA,S.A.;218,54;45,89;218,54
;1250020921;21/03/2025;525;AMILIBIA Y DE LA IGLESIA,S.A.;158,6;33,31;158,6
;1250022313;27/03/2025;525;AMILIBIA Y DE LA IGLESIA,S.A.;220,8;46,37;220,8
;1250023773;02/04/2025;525;AMILIBIA Y DE LA IGLESIA,S.A.;371,6;78,04;371,6
;1250023961;02/04/2025;525;AMILIBIA Y DE LA IGLESIA,S.A.;249,8;52,46;249,8
;1250024676;04/04/2025;525;AMILIBIA Y DE LA IGLESIA,S.A.;234,89;49,33;234,89
;1250027321;15/04/2025;525;AMILIBIA Y DE LA IGLESIA,S.A.;265,5;55,76;265,5
;1250027728;16/04/2025;525;AMILIBIA Y DE LA IGLESIA,S.A.;251,96;52,91;251,96
;1250028047;22/04/2025;525;AMILIBIA Y DE LA IGLESIA,S.A.;262;55,02;262
;1250030376;12/05/2025;525;AMILIBIA Y DE LA IGLESIA,S.A.;519,89;109,18;519,89
;1250030655;12/05/2025;525;AMILIBIA Y DE LA IGLESIA,S.A.;105,8;22,22;105,8
;1250036163;27/05/2025;525;AMILIBIA Y DE LA IGLESIA,S.A.;254,34;53,41;254,34
;1250037604;30/05/2025;525;AMILIBIA Y DE LA IGLESIA,S.A.;312,04;65,53;312,04
;1250042424;18/06/2025;525;AMILIBIA Y DE LA IGLESIA,S.A.;79;16,59;79
;1250043404;23/06/2025;525;AMILIBIA Y DE LA IGLESIA,S.A.;513,47;107,83;513,47
;1250043728;24/06/2025;525;AMILIBIA Y DE LA IGLESIA,S.A.;191,69;40,25;191,69
;1250043729;24/06/2025;525;AMILIBIA Y DE LA IGLESIA,S.A.;169;35,49;169
;12503575;17/02/2025;1201;KERABEN GRUPO, S.A.;361,17;75,85;361,17
;1251403427;31/01/2025;264;DIADORA SPORT, S.R.L.;420,73;88,35;420,73
;1251405540;17/02/2025;264;DIADORA SPORT, S.R.L.;818,71;171,93;818,71
;1251409395;20/03/2025;264;DIADORA SPORT, S.R.L.;705,16;148,08;705,16
;1251413036;17/04/2025;264;DIADORA SPORT, S.R.L.;235,4;49,43;235,4
;1251419595;26/06/2025;264;DIADORA SPORT, S.R.L.;565,23;118,7;565,23
;1255078;09/05/2025;7009;SAMARRETTA 1981 SLU;200;42;200
;1255079;09/05/2025;10972;SAMARRETTA 1981 SLU;972;204,12;972
;132240625;24/06/2025;10013;BANCO SANTANDER, S.A.;11,29;2,37;11,29
;1333517122;14/02/2025;3550;BSH ELECTRODOMESTICOS ESPA•A, S.A.;115,41;24,24;115,41
;1333521731;18/02/2025;3550;BSH ELECTRODOMESTICOS ESPA•A, S.A.;332,55;69,84;332,55
;1333526200;20/02/2025;3550;BSH ELECTRODOMESTICOS ESPA•A, S.A.;1012,31;212,59;1012,31
;1333615487;05/05/2025;3550;BSH ELECTRODOMESTICOS ESPA•A, S.A.;422,19;88,66;422,19
;1333620162;07/05/2025;3550;BSH ELECTRODOMESTICOS ESPA•A, S.A.;393,73;82,68;393,73
;1333634420;16/05/2025;3550;BSH ELECTRODOMESTICOS ESPA•A, S.A.;324,72;68,19;324,72
;1333647038;27/05/2025;3550;BSH ELECTRODOMESTICOS ESPA•A, S.A.;176,06;36,97;176,06
;1333674828;16/06/2025;3550;BSH ELECTRODOMESTICOS ESPA•A, S.A.;298,31;62,65;298,31
;1333689656;27/06/2025;3550;BSH ELECTRODOMESTICOS ESPA•A, S.A.;736,49;154,66;736,49
;1908267586;14/04/2025;7218;FERRETERIES CATALONIA, S.A.;3,05;0,64;3,05
;1914035566;15/01/2025;3273;FUSTES LLEIDA, S.L.;51,83;10,88;51,83
;1914035710;31/01/2025;3273;FUSTES LLEIDA, S.L.;813,13;170,76;813,13
;1914035711;31/01/2025;13273;FUSTES LLEIDA, S.L.;166,37;34,94;166,37
;1914035904;15/02/2025;3273;FUSTES LLEIDA, S.L.;1032,21;216,76;1032,21
;1914036055;28/02/2025;3273;FUSTES LLEIDA, S.L.;186,22;39,11;186,22
;1914036389;31/03/2025;3273;FUSTES LLEIDA, S.L.;1028,23;215,93;1028,23
;1914036873;15/05/2025;3273;FUSTES LLEIDA, S.L.;683,38;143,51;683,38
;1914037038;31/05/2025;3273;FUSTES LLEIDA, S.L.;935,17;196,39;935,17
;1914037211;14/06/2025;3273;FUSTES LLEIDA, S.L.;307,33;64,54;307,33
;2.500.388;14/03/2025;9039;PREFABRICADOS FRAGA, S.A.;2918,7;612,93;2918,7
;2/46828;06/06/2025;7301;ROLLGUM CORP S.L.;2198,92;461,77;2198,92
;210724921;27/01/2025;472;BOLTZE GRUPPE GmbH;1663,01;349,23;1663,01
;24-022615;02/01/2025;841;SOC.ANON.SERVEI I COMERÄ ELECTRODOMESTIC;2131,13;447,54;2190,38
;2409;30/04/2025;6555;INNOVACION BA•O, S.L.;242,8;50,99;242,8
;241.756;31/01/2025;8830;ESCAYOLAS VILLAR, S.L.;97,78;20,53;97,78
;24131110;27/02/2025;7048;MAKITA, S.A.;278,39;58,46;278,39
;24132621;04/03/2025;7048;MAKITA, S.A.;32,98;6,93;32,98
;25/011732;14/01/2025;15191;NABALIA ENERGIA 2000, SA;976,14;204,99;976,14
;25/017017;23/01/2025;15191;NABALIA ENERGIA 2000, SA;416,55;87,48;416,55
;25/036201;21/02/2025;15191;NABALIA ENERGIA 2000, SA;325,77;68,41;325,77
;25/040294;03/03/2025;15191;NABALIA ENERGIA 2000, SA;1083,07;227,44;1083,07
;23/453742;25/04/2025;6623;TUCAI, S.A.;9,31;1,96;9,31
;23/C85236;26/03/2025;13842;UNECOL ADHESIVE IDEAS, SL.;-16,56;-3,48;-16,56
;23005265;07/03/2025;7632;FERRETER÷A Y PRENSAS, S.L.;150,22;31,55;150,22
;383552439;07/02/2025;10013;BANCO SANTANDER, S.A.;121,5;25,52;121,5
;396838;24/02/2025;5995;MATERIALES Y DISE•OS, S.A.;130,67;27,44;130,67
;410022;14/01/2025;3013;PUJOL ELEMENTS, S.A.;293,88;61,71;293,88
;410829;08/01/2025;8184;ALYCO TOOLS, SA;240,05;50,41;240,05
;411537;14/01/2025;8184;ALYCO TOOLS, SA;120,75;25,36;120,75
;413961;14/04/2025;5140;PREFABRICADOS PUJOL, S.A.;-1139,5;-239,3;-1139,5
;414616;04/02/2025;8184;ALYCO TOOLS, SA;176,85;37,14;176,85
;414855;05/02/2025;8184;ALYCO TOOLS, SA;115,79;24,32;115,79
;415719;28/05/2025;5140;PREFABRICADOS PUJOL, S.A.;119,56;25,11;119,56
;417252;26/06/2025;5140;PREFABRICADOS PUJOL, S.A.;215,92;45,34;215,92
;418955;11/03/2025;8184;ALYCO TOOLS, SA;133,04;27,94;133,04
;424263;23/04/2025;8184;ALYCO TOOLS, SA;159,58;33,51;159,58
;4250001473;10/03/2025;525;AMILIBIA Y DE LA IGLESIA,S.A.;-18;-3,78;-18
;425195;30/04/2025;8184;ALYCO TOOLS, SA;172,22;36,17;172,22
;425597;08/05/2025;8184;ALYCO TOOLS, SA;118,41;24,87;118,41
;430249;12/06/2025;8184;ALYCO TOOLS, SA;141,24;29,66;141,24
;438;01/04/2025;18159;MARCO INVEST, S.A.;125;26,25;125
;4423541753;18/06/2025;3015;HANSGROHE, S.A.;52,36;11;52,36
;834044ZIN1;10/05/2025;1269;CEMEX ESPA•A OPERACIONES, S.L.U.;2995,63;629,08;2995,63
;838918ZIN1;31/05/2025;1269;CEMEX ESPA•A OPERACIONES, S.L.U.;2995,63;629,08;2995,63
;853;15/04/2025;13947;BALUE JUSTO ADVOCATS, S.L.;220;46,2;220
;85988647;14/03/2025;666;FISCHER IBERICA, S.A.U.;143,72;30,18;143,72
;85989298;18/03/2025;666;FISCHER IBERICA, S.A.U.;714,95;150,14;714,95
;880815;07/01/2025;6169;REFREL, S.L.;436,11;91,58;436,11
;882645;21/01/2025;6169;REFREL, S.L.;-419,25;-88,04;-419,25
;883516;28/01/2025;6169;REFREL, S.L.;414,7;87,09;414,7
;892038;10/04/2025;6169;REFREL, S.L.;225,32;47,32;225,32
;900541;18/06/2025;6169;REFREL, S.L.;550,27;115,56;550,27
;9010295374;06/03/2025;7579;ALIAXIS IBERIA, S.A.U.;143,07;30,04;143,07
;9010299935;31/03/2025;7579;ALIAXIS IBERIA, S.A.U.;91,96;19,31;91,96
;9010300870;07/04/2025;7579;ALIAXIS IBERIA, S.A.U.;54,4;11,42;54,4
;9010306346;12/05/2025;7579;ALIAXIS IBERIA, S.A.U.;1338,43;281,07;1338,43
;9010307288;15/05/2025;7579;ALIAXIS IBERIA, S.A.U.;359,61;75,52;359,61
;9010308371;22/05/2025;7579;ALIAXIS IBERIA, S.A.U.;111,98;23,52;111,98
;901402;25/06/2025;6169;REFREL, S.L.;411,45;86,4;411,45
;901485;25/06/2025;6169;REFREL, S.L.;370,3;77,76;370,3
;90150887;03/03/2025;1771;PANELES DECORATIVOS PANELPIEDRA, S.L.;211,37;44,39;211,37
;90151403;03/04/2025;1771;PANELES DECORATIVOS PANELPIEDRA, S.L.;178,12;37,41;178,12
;90151665;30/04/2025;1771;PANELES DECORATIVOS PANELPIEDRA, S.L.;196,17;41,2;196,17
;9126416;05/02/2025;871;SALVADOR ESCODA, S.A.;149,76;31,45;149,76
;9151976971;27/01/2025;8890;COMERCIAL DE LAMINADOS, S.A.;199,75;41,95;199,75
;9152007226;03/04/2025;8890;COMERCIAL DE LAMINADOS, S.A.;57;11,97;57
;9300658688;24/01/2025;7392;ROCA SANITARIO, S.A.;17,03;3,58;17,03
;9300659547;28/01/2025;7392;ROCA SANITARIO, S.A.;467,96;98,27;467,96
;9300665653;18/02/2025;7392;ROCA SANITARIO, S.A.;39,33;8,26;39,33
;9300671477;11/03/2025;7392;ROCA SANITARIO, S.A.;319,73;67,14;319,73
;9300672307;13/03/2025;7392;ROCA SANITARIO, S.A.;29,19;6,13;29,19
;9300673616;18/03/2025;7392;ROCA SANITARIO, S.A.;2120,24;445,25;2120,24
;9300676036;26/03/2025;7392;ROCA SANITARIO, S.A.;198,96;41,78;198,96
;9300678054;02/04/2025;7392;ROCA SANITARIO, S.A.;3537,41;742,86;3537,41
;9300684997;05/05/2025;7392;ROCA SANITARIO, S.A.;433,07;90,94;433,07
;9300687334;13/05/2025;7392;ROCA SANITARIO, S.A.;782,54;164,33;782,54
;9300688928;19/05/2025;7392;ROCA SANITARIO, S.A.;386,05;81,07;386,05
;9300689890;21/05/2025;7392;ROCA SANITARIO, S.A.;13,72;2,88;13,72
;9300692737;30/05/2025;7392;ROCA SANITARIO, S.A.;11,77;2,47;11,77
;9300693309;03/06/2025;7392;ROCA SANITARIO, S.A.;1664,57;349,56;1664,57
;9300694492;06/06/2025;7392;ROCA SANITARIO, S.A.;293,8;61,7;293,8
;9300694762;09/06/2025;7392;ROCA SANITARIO, S.A.;244,99;51,45;244,99
;93590296;20/03/2025;4531;WOLFCRAFT GMBH;357,74;75,13;357,74
;93613513;06/05/2025;4531;WOLFCRAFT GMBH;321,59;67,53;321,59
;F242/25;13/05/2025;18404;IMPORT EXPORT-COMARCA DEL MARMOL S.L.;1700;357;1700
;F25/27034;28/02/2025;9675;ELEKTRO-3, S.C.C.L.;1601,57;336,33;1601,57
;F25/40931;31/03/2025;9675;ELEKTRO-3, S.C.C.L.;2254,14;473,37;2254,14
;F25/44467;08/04/2025;9675;ELEKTRO-3, S.C.C.L.;199,64;41,92;199,64
;F25/71547;31/05/2025;9675;ELEKTRO-3, S.C.C.L.;2972,06;624,13;2972,06
;F250115551;31/01/2025;19120;CORREOS EXPRES PAQUETER÷A URGENTE, S.A.;10,3;2,16;10,3
;F257442;18/02/2025;5900;JUBA PERSONAL PROTECT. EQUIP.. S.L.;108,56;22,8;108,56
;F25DR00159;13/03/2025;8037;RIVISA IND. CERRAMIENTOS METALICOS, SA;1104,92;232,03;1104,92
;F25DR00291;16/04/2025;8037;RIVISA IND. CERRAMIENTOS METALICOS, SA;1147,45;240,96;1147,45
;FA1/008242;31/03/2025;3853;PLASTICOS FERRO, S.L.;351,73;73,86;351,73
;FAC2502548;16/04/2025;7548;ACO PRODUCTOS POLIMEROS, S.A.;251,26;52,76;251,26
;FAC362;28/04/2025;2911;SUMINISTROS RECOVAL, S.L.;118,15;24,81;118,15
;FAC710601;15/05/2025;761;DUSCHOLUX IBERICA, S.A.;32,93;6,92;32,93
;FACT-45236;23/01/2025;13780;MOTOR AND BLINDS TECH SOLUTIONS, SL;1320,5;277,31;1320,5
;FANR-21717;26/06/2025;6765;VISOBATH, SL;237,12;49,8;237,12
;FAR39.303;30/04/2025;10761;DUSCHOLUX IBERICA, S.A.;-16,14;-3,39;-16,14
;R-250005;27/01/2025;15576;THERMOGREEN, S.L.;-763,86;-160,41;-763,86
;SA6;13/02/2025;11927;GABRIEL CHELARU;3112,5;653,63;3112,5
;ZA-2502728;11/06/2025;5036;IMER DISTRIBUCION DE MAQUINARIA, S.A.;60,79;12,77;60,79
;1.323;16/01/2025;2062;DISTRIBUIDORA BOSCH HNOS.,S.A.;40,32;4,03;213,04
;15532211;19/03/2025;18189;RENFE VIAJEROS S.M.E, SA;44,55;4,45;44,55
;15652470;11/04/2025;18189;RENFE VIAJEROS S.M.E, SA;40,91;4,09;40,91
;15652475;11/04/2025;18189;RENFE VIAJEROS S.M.E, SA;40,91;4,09;40,91
;15652476;11/04/2025;18189;RENFE VIAJEROS S.M.E, SA;40,91;4,09;40,91
;15652530;11/04/2025;18189;RENFE VIAJEROS S.M.E, SA;40,91;4,09;40,91
;251391927;26/02/2025;18435;AIGöES DE BARCELONA S.A.;44,99;4,5;86,22
;2540014516;26/05/2025;4708;BIGMAT LOGISTICA, S.A.;54,27;5,43;4016,42
;254413447;26/06/2025;18435;AIGöES DE BARCELONA S.A.;67,21;6,72;120,62
;29406;28/02/2025;12530;ALQUILER VENTA MAQUINA ARAN RIBAGORZA SL;465,44;46,54;465,44
;5.765;20/02/2025;2062;DISTRIBUIDORA BOSCH HNOS.,S.A.;13,44;1,34;32,94
;A/2651;04/06/2025;13870;BERGE SOLE, M¶ Antonia;354,58;35,46;354,58
;FTF-12181;15/02/2025;9355;AGHASA TURIS, S.A.;100,91;10,09;1784,57
;25/052690;14/03/2025;15191;NABALIA ENERGIA 2000, SA;716,16;150,39;716,16
;25/055058;19/03/2025;15191;NABALIA ENERGIA 2000, SA;908,22;190,73;908,22
;25/055059;19/03/2025;15191;NABALIA ENERGIA 2000, SA;104,8;22,01;104,8
;25/178;30/04/2025;6277;MARMOLES ROYES, S.C.;2071,5;435,02;2071,5
;25-feb;22/01/2025;14822;BENJAMIN ABADIA MOGA;2790;585,9;2790
;25/222;27/05/2025;6277;MARMOLES ROYES, S.C.;1394,5;292,85;1394,5
;25/403;20/02/2025;13947;BALUE JUSTO ADVOCATS, S.L.;750;157,5;750
;2500000143;02/01/2025;4813;EHLIS, S.A.;409,53;86;409,53
;2500000623;01/02/2025;11602;DE LAGE LANDEN INTERNATIONAL V.V.;158,55;33,3;158,55
;25-000007;10/01/2025;10536;HIDRO LLEIDA S.A.;-216,26;-45,42;-216,26
;2500001301;07/01/2025;4813;EHLIS, S.A.;352,7;74,07;352,7
;2500001330;15/03/2025;6004;MORTERO BENSEC SL;1816,48;381,46;1816,48
;2500001655;31/03/2025;6004;MORTERO BENSEC SL;2067,04;434,08;2067,04
;2500001929;15/04/2025;6004;MORTERO BENSEC SL;3831,2;804,55;3831,2
;2500002876;31/05/2025;6004;MORTERO BENSEC SL;5472,96;1149,32;5472,96
;2500003022;09/01/2025;4813;EHLIS, S.A.;292,72;61,47;292,72
;2500003420;09/01/2025;4813;EHLIS, S.A.;87,67;18,41;87,67
;2500005805;25/02/2025;18590;ACUMBAMAIL S.L.;54,55;11,45;54,55
;2500008311;15/01/2025;4813;EHLIS, S.A.;119,2;25,03;119,2
;2500009234;15/01/2025;4813;EHLIS, S.A.;493,63;103,66;493,63
;2500015814;21/01/2025;4813;EHLIS, S.A.;-740;-155,4;-740
;2500016339;22/01/2025;4813;EHLIS, S.A.;167,94;35,27;167,94
;250001677;02/06/2025;2748;GME DIVISION DE BA•OS SL;-133,76;-28,09;-133,76
;2500018902;23/01/2025;4813;EHLIS, S.A.;290,73;61,05;290,73
;2500019587;24/01/2025;4813;EHLIS, S.A.;289,65;60,83;289,65
;2500020009;24/01/2025;4813;EHLIS, S.A.;266,4;55,94;266,4
;250002002;15/01/2025;2748;GME DIVISION DE BA•OS SL;171,34;35,98;171,34
;2500023769;28/01/2025;4813;EHLIS, S.A.;134,57;28,26;134,57
;2500027255;31/01/2025;4813;EHLIS, S.A.;177,88;37,35;177,88
;25000281;22/01/2025;2142;IMCOINSA 1985, S.L.;203,84;42,81;203,84
;250003283;22/01/2025;2748;GME DIVISION DE BA•OS SL;168,58;35,4;168,58
;2500035978;06/02/2025;4813;EHLIS, S.A.;84,2;17,68;84,2
;250003760;23/05/2025;9091;CERAMICA LA ESCANDELLA, S.A.;2339,4;491,27;2339,4
;250004641;30/01/2025;2748;GME DIVISION DE BA•OS SL;158,63;33,31;158,63
;2500049454;20/02/2025;4813;EHLIS, S.A.;225,86;47,43;225,86
;25-000531;07/03/2025;1460;AFFINI BATH, SL;515,85;108,33;515,85
;2500054164;25/02/2025;4813;EHLIS, S.A.;44,46;9,34;44,46
;25000558;18/06/2025;964;MCF HIDRO LIGHTNING S.L.;228,84;48,06;228,84
;25000613;07/02/2025;1034;OTM SISTEMAS CONSTRUCTIVOS, S.L.U.;506,18;106,3;506,18
;25000677;03/02/2025;2142;IMCOINSA 1985, S.L.;216,37;45,44;216,37
;250007508;14/02/2025;2748;GME DIVISION DE BA•OS SL;330,53;69,41;330,53
;2500078884;06/03/2025;4813;EHLIS, S.A.;220,22;46,25;220,22
;2500080571;07/03/2025;4813;EHLIS, S.A.;486,92;102,25;486,92
;25000873;27/03/2025;6672;FALMEC IBERIA, SL;1662;349,02;1662
;2500091874;17/03/2025;4813;EHLIS, S.A.;516,21;108,4;516,21
;2500097160;19/03/2025;4813;EHLIS, S.A.;1386,68;291,2;1386,68
;2500097169;19/03/2025;4813;EHLIS, S.A.;84;17,64;84
;2500097368;19/03/2025;4813;EHLIS, S.A.;-487,18;-102,31;-487,18
;2500103157;21/03/2025;4813;EHLIS, S.A.;53,04;11,14;53,04
;2500107144;26/03/2025;4813;EHLIS, S.A.;227,86;47,85;227,86
;2500108186;26/03/2025;4813;EHLIS, S.A.;13;2,73;13
;250011164;07/03/2025;2748;GME DIVISION DE BA•OS SL;173,55;36,45;173,55
;25-001130;19/02/2025;841;SOC.ANON.SERVEI I COMERÄ ELECTRODOMESTIC;575,64;120,88;575,64
;2500113186;28/03/2025;4813;EHLIS, S.A.;669,04;140,5;669,04
;2500114441;31/03/2025;4813;EHLIS, S.A.;-279;-58,59;-279
;2500116977;01/04/2025;4813;EHLIS, S.A.;225;47,25;225
;2500117981;01/04/2025;4813;EHLIS, S.A.;230,92;48,49;230,92
;2500125230;07/04/2025;4813;EHLIS, S.A.;399,98;84;399,98
;25001273;28/01/2025;8191;MICEL-VEGA, S.L.;321,68;67,55;321,68
;250013103;20/03/2025;2748;GME DIVISION DE BA•OS SL;556,59;116,88;556,59
;250013536;24/03/2025;2748;GME DIVISION DE BA•OS SL;30,98;6,51;30,98
;2500140614;16/04/2025;4813;EHLIS, S.A.;126,87;26,64;126,87
;2500141070;17/04/2025;4813;EHLIS, S.A.;81,6;17,14;81,6
;250014259;26/03/2025;2748;GME DIVISION DE BA•OS SL;245,96;51,65;245,96
;2500144266;23/04/2025;4813;EHLIS, S.A.;68,88;14,46;68,88
;2500144760;23/04/2025;4813;EHLIS, S.A.;378,43;79,47;378,43
;2500150505;29/04/2025;4813;EHLIS, S.A.;103,89;21,82;103,89
;250015894;03/04/2025;2748;GME DIVISION DE BA•OS SL;207,82;43,64;207,82
;25001735;28/01/2025;7676;FABRICACION DE MATERIAL ELECTRICO, S.A.;298,94;62,78;298,94
;2500187395;28/05/2025;4813;EHLIS, S.A.;51,38;10,79;51,38
;2500189616;29/05/2025;4813;EHLIS, S.A.;381,53;80,12;381,53
;2500198627;04/06/2025;4813;EHLIS, S.A.;54,32;11,41;54,32
;25-002038;20/05/2025;8040;ALTADEX, S.A.;1022,79;214,79;1022,79
;25002044;31/03/2025;7243;BOSCH MARIN, S.L.;70,19;14,74;70,19
;250020613;06/05/2025;2748;GME DIVISION DE BA•OS SL;212,8;44,69;212,8
;2500207713;11/06/2025;4813;EHLIS, S.A.;413,96;86,93;413,96
;2500209444;12/06/2025;4813;EHLIS, S.A.;304,68;63,98;304,68
;25002105;30/04/2025;1034;OTM SISTEMAS CONSTRUCTIVOS, S.L.U.;303,1;63,65;303,1
;2500218018;19/06/2025;4813;EHLIS, S.A.;266,57;55,98;266,57
;2500226976;26/06/2025;4813;EHLIS, S.A.;341,28;71,67;341,28
;2500226987;26/06/2025;4813;EHLIS, S.A.;440;92,4;440
;250024895;29/05/2025;2748;GME DIVISION DE BA•OS SL;241,54;50,72;241,54
;2500251397;15/06/2025;20024;RIBE ENERGY MACHINERY,S.L.;47;9,87;47
;250025461;02/06/2025;2748;GME DIVISION DE BA•OS SL;224,96;47,24;224,96
;25002913;15/06/2025;1034;OTM SISTEMAS CONSTRUCTIVOS, S.L.U.;244,78;51,4;244,78
;25-002997;20/06/2025;8040;ALTADEX, S.A.;472,14;99,15;472,14
;25-0031996;30/04/2025;3441;ALFA DYSER, S.L.;3456,8;725,93;3456,8
;25003316;31/01/2025;5983;GABARRO HERMANOS, S.A.;1048,77;220,24;1048,77
;25-003610;31/03/2025;536;HIDRO LLEIDA S.A.;1236,02;259,56;1236,02
;25-0040009;30/05/2025;3441;ALFA DYSER, S.L.;3378,52;709,49;3378,52
;2500466;12/02/2025;9588;DUCASA CLIMA, S.A.;366,25;76,91;366,25
;25006557;30/04/2025;8191;MICEL-VEGA, S.L.;83,9;17,62;83,9
;25-00667;19/03/2025;10841;SOC.ANON.SERVEI I COMERÄ ELECTRODOMESTIC;-15,59;-3,27;-15,59
;2500701;07/03/2025;9588;DUCASA CLIMA, S.A.;2545,78;534,61;2545,78
;25-00722;19/03/2025;10841;SOC.ANON.SERVEI I COMERÄ ELECTRODOMESTIC;-71,76;-15,07;-71,76
;25-007547;15/06/2025;536;HIDRO LLEIDA S.A.;2598,03;545,58;2598,03
;2500845;31/03/2025;15946;GERMANS ALEGRET, S.L.;70,25;14,75;70,25
;2501000280;13/01/2025;20055;POALGI, S.L.;70,4;14,78;70,4
;2501000579;15/04/2025;2118;CUBIERTAS Y ACCESORIOS VITORIA, S.L;1195,3;251,01;1195,3
;2501000785;21/05/2025;2118;CUBIERTAS Y ACCESORIOS VITORIA, S.L;179,04;37,6;179,04
;2501010109;11/03/2025;4983;CATA ELECTRODOMESTICOS, S.L.;228,1;47,9;228,1
;2501013043;27/03/2025;4983;CATA ELECTRODOMESTICOS, S.L.;223,13;46,86;223,13
;2501016358;15/04/2025;4983;CATA ELECTRODOMESTICOS, S.L.;256,04;53,77;256,04
;2501017265;24/04/2025;4983;CATA ELECTRODOMESTICOS, S.L.;706,86;148,44;706,86
;2501022339;22/05/2025;4983;CATA ELECTRODOMESTICOS, S.L.;16,98;3,57;16,98
;2501023138;27/05/2025;4983;CATA ELECTRODOMESTICOS, S.L.;772,11;162,14;772,11
;25-01036;09/04/2025;11973;STANDARD HIDRµULICA, S.A.U.;-293,92;-61,72;-293,92
;2501040904;08/01/2025;12006;MOVISTAR PROSEGUR ALARMAS, S.L.;62,06;13,03;62,06
;2501045;12/02/2025;6080;WIRQUIN CALAF, S.L.;232,33;48,79;232,33
;2501097;13/02/2025;6080;WIRQUIN CALAF, S.L.;159,55;33,51;159,55
;25011143;28/02/2025;8826;COMERCIAL SALGAR, S.A.;756,72;158,91;756,72
;250114;26/02/2025;8005;TORNILLERIA VERGARESA, S.L.;144,99;30,45;144,99
;250129;07/03/2025;8005;TORNILLERIA VERGARESA, S.L.;221,71;46,56;221,71
;2501422405;31/01/2025;12006;MOVISTAR PROSEGUR ALARMAS, S.L.;53,77;11,29;53,77
;2501444;28/02/2025;6080;WIRQUIN CALAF, S.L.;349,05;73,3;349,05
;25017353;31/03/2025;8826;COMERCIAL SALGAR, S.A.;1333,53;280,04;1333,53
;2501823;27/03/2025;3954;BATHCO;107,95;22,67;107,95
;25018537;31/03/2025;8826;COMERCIAL SALGAR, S.A.;-756,72;-158,91;-756,72
;25019672;02/06/2025;7048;MAKITA, S.A.;201,78;42,37;201,78
;2502-00082;03/02/2025;50044;SPAX TORNILLER÷A, S.A.U.;282,2;59,26;282,2
;250201067;14/02/2025;1235;COMERCIAL SANYC CES, S.L.;1720,4;361,28;1720,4
;25020516;15/04/2025;8826;COMERCIAL SALGAR, S.A.;1264,65;265,58;1264,65
;2502054613;06/02/2025;12006;MOVISTAR PROSEGUR ALARMAS, S.L.;62,06;13,03;62,06
;25022120;15/04/2025;8826;COMERCIAL SALGAR, S.A.;-268,2;-56,32;-268,2
;25023778;30/04/2025;8826;COMERCIAL SALGAR, S.A.;3129,3;657,15;3129,3
;2502425140;28/02/2025;12006;MOVISTAR PROSEGUR ALARMAS, S.L.;53,77;11,29;53,77
;2502745;31/05/2025;3180;GRONPES, S.L.;751,63;157,84;751,63
;250300091;17/03/2025;7426;ARIDS CATALUNYA, S.A.;330,26;69,35;330,26
;25030043;31/05/2025;8826;COMERCIAL SALGAR, S.A.;205,2;43,09;205,2
;2503-02084;31/03/2025;50044;SPAX TORNILLER÷A, S.A.U.;1520,86;319,38;1520,86
;250303362;15/05/2025;4360;MATERIALS PER LA CONSTRUCCIO I REFORMA;318,4;66,86;318,4
;25034690;05/06/2025;491;TECNICAS EXPANSIVAS,S.L.;187,73;39,42;187,73
;2504-01900;29/04/2025;50044;SPAX TORNILLER÷A, S.A.U.;425,2;89,29;425,2
;2504530;20/05/2025;8235;MADERAS PLANES, S.L.;116,21;24,4;116,21
;2505002013;09/05/2025;12448;ECOTISA UNA TINTA DE IMPRESION SLU;149,9;31,48;149,9
;250500533;02/06/2025;7426;ARIDS CATALUNYA, S.A.;432;90,72;432
;250501911;23/05/2025;1235;COMERCIAL SANYC CES, S.L.;908;190,68;908
;2505846;30/04/2025;2137;ALTRAD PLETTAC IBERICA, S.L.;915;192,15;915
;250600978;13/06/2025;1235;COMERCIAL SANYC CES, S.L.;1019,7;214,14;1019,7
;250600979;13/06/2025;1235;COMERCIAL SANYC CES, S.L.;713,35;149,8;713,35
;250601729;20/06/2025;1235;COMERCIAL SANYC CES, S.L.;428,45;89,97;428,45
;2506070376;06/06/2025;12006;MOVISTAR PROSEGUR ALARMAS, S.L.;62,06;13,03;62,06
;250755;11/04/2025;16167;ACG PROJECTES INFORMATICS, SL.;1031;216,51;1031
;250785;14/03/2025;9332;INDUSTRIAS LASSER, S.A.;1584;332,64;1584
;250953;31/03/2025;9332;INDUSTRIAS LASSER, S.A.;26,4;5,54;26,4
;251000139;31/01/2025;10778;PRETENSADOS RIBERA, S.L.;884,44;185,73;884,44
;251000312;28/02/2025;10778;PRETENSADOS RIBERA, S.L.;26,37;5,54;26,37
;251000313;28/02/2025;10778;PRETENSADOS RIBERA, S.L.;31,31;6,58;31,31
;251000568;31/03/2025;10778;PRETENSADOS RIBERA, S.L.;9,06;1,9;9,06
;251000569;31/03/2025;10778;PRETENSADOS RIBERA, S.L.;111,13;23,34;111,13
;251000748;30/04/2025;10778;PRETENSADOS RIBERA, S.L.;61,84;12,99;61,84
;251000751;30/04/2025;10778;PRETENSADOS RIBERA, S.L.;10,75;2,26;10,75
;2510027557;11/06/2025;4813;EHLIS, S.A.;6,83;1,43;6,83
;2510060674;01/02/2025;11438;ALPHABET ESPA•A FLEET MANAGEMENT, S.A.U.;927,16;194,7;927,16
;25101121;07/03/2025;2339;BUJIOL S.L.;751,82;157,88;751,82
;2510126;31/01/2025;3913;POLIESPOR, S.A.;3026,16;635,49;3026,16
;25101625;11/04/2025;2955;GRIFERIA SANITARIA ROVIRA, S.A.;201,2;42,25;201,2
;25102329;09/05/2025;2339;BUJIOL S.L.;345,55;72,57;345,55
;25103047;20/06/2025;2955;GRIFERIA SANITARIA ROVIRA, S.A.;380,6;79,93;380,6
;25106338;20/02/2025;7687;SOPREMA IBERIA, S.L.U.;302,7;63,57;302,7
;FC250318;13/02/2025;9200;AUBRY GASPARD;2023,36;424,91;2023,36
;FE7750;28/02/2025;14374;HUGUET HUGUET, JAUME;60,94;12,8;60,94
;FE7835;01/03/2025;14374;HUGUET HUGUET, JAUME;116,74;24,52;116,74
;FL2025/59;18/03/2025;9567;COMAPRES, S.L.;67,06;14,08;67,06
;FLC96622;05/06/2025;13547;BNP PARIBAS LEASE GROUP, S.A.;141,8;29,77;141,8
;FN25000517;14/01/2025;6065;MONTANA COLORS, S.L.;234,4;49,22;234,4
;FN25000704;17/01/2025;6065;MONTANA COLORS, S.L.;345,28;72,51;345,28
;FTF-10394;15/01/2025;9355;AGHASA TURIS, S.A.;730,06;153,31;730,06
;FTF-11310;31/01/2025;9355;AGHASA TURIS, S.A.;1028;215,88;1028
;FTF-16531;30/04/2025;9355;AGHASA TURIS, S.A.;867,76;182,23;867,76
;FTS/1383;14/03/2025;909;SCRIGNO ESPA•A, S.L.;1540;323,4;1540
;F-V/216055;31/01/2025;5959;LUZ NEGRA, S.L;211;44,31;211
;FV-039193;20/03/2025;6230;LOFES 90, S.L.;390,28;81,96;390,28
;FV-041284;25/05/2025;6230;LOFES 90, S.L.;927,55;194,79;927,55
;FV-041650;05/06/2025;6230;LOFES 90, S.L.;537,6;112,9;537,6
;A250000079;17/02/2025;6004;MORTERO BENSEC SL;-48;-10,08;-48
;A25000079;30/04/2025;12366;CONSTRUCCIONS DEL PIRINEU 2001, S.L.;3900;819;3900
;A25004376;23/05/2025;5194;INOXPAN, S.L.;561,33;117,88;561,33
;A-25004879;01/01/2025;18410;E-PORTS AMPLE DE BANDA I INTERNET, SL;94,88;19,92;94,88
;A250202740;05/02/2025;8302;VELILLA CONFECCI‡N INDUSTRIAL,S.A.;-287,26;-60,32;-287,26
;A250302195;07/03/2025;19120;CORREOS EXPRES PAQUETER÷A URGENTE, S.A.;-12;-2,52;-12
;A251.494;22/05/2025;17809;VALE Y TINO S.L.;602,96;126,62;602,96
;A253.182;13/05/2025;4402;INDUSTRIAL BLANSOL, SA;341,58;71,73;341,58
;A258300005;30/04/2025;14708;BIGMAT LOGISTICA, S.A.;4973,9;1044,52;4973,9
;PE25000122;08/01/2025;6717;COMERCIAL OJA, SLU;5951,98;1249,92;5951,98
;PE25000384;14/01/2025;6717;COMERCIAL OJA, SLU;1548,85;325,26;1548,85
;PE25001005;27/01/2025;6717;COMERCIAL OJA, SLU;921,9;193,6;921,9
;PE25001399;31/01/2025;6717;COMERCIAL OJA, SLU;1568,04;329,29;1568,04
;PE25003064;10/03/2025;6717;COMERCIAL OJA, SLU;1035,7;217,5;1035,7
;PE25005293;25/04/2025;6717;COMERCIAL OJA, SLU;1156,19;242,8;1156,19
;PE25005971;12/05/2025;6717;COMERCIAL OJA, SLU;268,23;56,33;268,23
;PE25006383;19/05/2025;6717;COMERCIAL OJA, SLU;1045,87;219,63;1045,87
;PE25007983;17/06/2025;6717;COMERCIAL OJA, SLU;327,78;68,83;327,78
;PJ25001117;31/05/2025;5542;PANOTS JIMENEZ, S.L.;-579,62;-121,72;-579,62
;PV278324;10/01/2025;6758;ORKLI S.COOP.;1191,49;250,21;1191,49
;PV283348;23/05/2025;6758;ORKLI S.COOP.;771,74;162,07;771,74
;R/2500088;07/02/2025;8438;DINAK, S.A.;49,18;10,33;49,18
;R/2500325;07/05/2025;8438;DINAK, S.A.;1741,36;365,69;1741,36
;R/2500353;15/05/2025;8438;DINAK, S.A.;719,24;151,04;719,24
;R/2500440;15/06/2025;8438;DINAK, S.A.;1391,47;292,21;1391,47
;SA13;10/04/2025;11927;GABRIEL CHELARU;1895;397,95;1895
;VF2501/801;09/01/2025;6463;ESTANTERIAS SIMON,S.L.;324,49;68,14;324,49
;VF25022034;13/02/2025;6463;ESTANTERIAS SIMON,S.L.;121,95;25,61;121,95
;VN/2502048;30/05/2025;5286;NULACVI S.L;140,98;29,61;140,98
;VN/2502431;27/06/2025;5286;NULACVI S.L;168,62;35,41;168,62
;ZA-2502609;30/05/2025;5036;IMER DISTRIBUCION DE MAQUINARIA, S.A.;211,68;44,45;211,68
;1310029953;05/02/2025;18275;PETIT PALACE TRIBALL;332,27;33,23;332,27
;15532210;19/03/2025;18189;RENFE VIAJEROS S.M.E, SA;44,55;4,45;44,55
;15652472;11/04/2025;18189;RENFE VIAJEROS S.M.E, SA;40,91;4,09;40,91
;15652524;11/04/2025;18189;RENFE VIAJEROS S.M.E, SA;40,91;4,09;40,91
;15652528;11/04/2025;18189;RENFE VIAJEROS S.M.E, SA;40,91;4,09;40,91
;2025/625;12/05/2025;9290;PAMBE NATURAL GROUP, S.L.;864;86,4;864
;25-001617;26/02/2025;841;SOC.ANON.SERVEI I COMERÄ ELECTRODOMESTIC;11,85;1,19;3410,3
;25-005891;30/04/2025;841;SOC.ANON.SERVEI I COMERÄ ELECTRODOMESTIC;48,84;4,88;2250,49
;252921310;29/04/2025;18435;AIGöES DE BARCELONA S.A.;68,22;6,82;125,05
;25-300049;03/01/2025;19813;BIGMAT IBERIA, S.A.;430;43;430
;29376;31/01/2025;12530;ALQUILER VENTA MAQUINA ARAN RIBAGORZA SL;209,64;20,96;209,64
;9500433389;12/05/2025;835;MEDICLINICS, S.A.;21,6;2,16;33,6
;A/1001;24/04/2025;11180;MIGUEL ANGEL JORGE PI•ERO;78,18;7,82;83,55
;DEISH25035;01/03/2025;10011;CONSELH GENERAU D'ARAN;62,02;6,2;62,02
;25-11027;17/03/2025;1973;STANDARD HIDRµULICA, S.A.U.;20,11;4,22;20,11
;25-13398;03/04/2025;1973;STANDARD HIDRµULICA, S.A.U.;169,08;35,51;169,08
;25-18551;19/05/2025;1973;STANDARD HIDRµULICA, S.A.U.;2,99;0,63;2,99
;251907;15/03/2025;4256;MECANO CAMP, S.A.;664,75;139,6;664,75
;252000598;31/01/2025;10778;PRETENSADOS RIBERA, S.L.;177,88;37,35;177,88
;252000599;31/01/2025;10778;PRETENSADOS RIBERA, S.L.;192,51;40,43;192,51
;252000863;28/02/2025;10778;PRETENSADOS RIBERA, S.L.;140,54;29,51;140,54
;252001338;31/03/2025;10778;PRETENSADOS RIBERA, S.L.;360,59;75,72;360,59
;252002103;30/04/2025;10778;PRETENSADOS RIBERA, S.L.;23,43;4,92;23,43
;252002104;30/04/2025;10778;PRETENSADOS RIBERA, S.L.;3,1;0,65;3,1
;252002747;31/05/2025;10778;PRETENSADOS RIBERA, S.L.;2,53;0,53;2,53
;252002755;31/05/2025;10778;PRETENSADOS RIBERA, S.L.;100,64;21,13;100,64
;252002758;31/05/2025;10778;PRETENSADOS RIBERA, S.L.;75,65;15,89;75,65
;70;20/05/2025;10484;SOBIME, S.A.;-513,8;-107,9;-513,8
;7002509628;31/05/2025;5842;ASCABLE RECAEL, S.A.;1529;321,09;1529
;701045040;15/01/2025;20183;LEDVANCE LIGHTING, S.A.U.;344,24;72,29;344,24
;710004;30/04/2025;761;DUSCHOLUX IBERICA, S.A.;322,81;67,79;322,81
;7125000640;21/01/2025;4634;CIFRE CERAMICA, S.L.;56,91;11,95;56,91
;7125000853;27/01/2025;4634;CIFRE CERAMICA, S.L.;731,9;153,7;731,9
;7125000949;29/01/2025;4634;CIFRE CERAMICA, S.L.;361,22;75,86;361,22
;7125001644;14/02/2025;4634;CIFRE CERAMICA, S.L.;5302,6;1113,55;5302,6
;7125001958;21/02/2025;4634;CIFRE CERAMICA, S.L.;261,06;54,82;261,06
;7125002447;05/03/2025;4634;CIFRE CERAMICA, S.L.;282,58;59,34;282,58
;7125002705;12/03/2025;4634;CIFRE CERAMICA, S.L.;879,84;184,77;879,84
;7125002706;12/03/2025;4634;CIFRE CERAMICA, S.L.;177,06;37,18;177,06
;7125003084;21/03/2025;4634;CIFRE CERAMICA, S.L.;70,11;14,72;70,11
;7125004517;29/04/2025;4634;CIFRE CERAMICA, S.L.;407,93;85,67;407,93
;7125005088;13/05/2025;4634;CIFRE CERAMICA, S.L.;217,96;45,77;217,96
;7125005264;16/05/2025;4634;CIFRE CERAMICA, S.L.;71,8;15,08;71,8
;7125005327;19/05/2025;4634;CIFRE CERAMICA, S.L.;36,34;7,63;36,34
;7125006420;11/06/2025;4634;CIFRE CERAMICA, S.L.;366,84;77,04;366,84
;7125006503;12/06/2025;4634;CIFRE CERAMICA, S.L.;378,31;79,45;378,31
;7125006563;13/06/2025;4634;CIFRE CERAMICA, S.L.;417,87;87,75;417,87
;7125007012;25/06/2025;4634;CIFRE CERAMICA, S.L.;276,3;58,02;276,3
;7125007085;26/06/2025;4634;CIFRE CERAMICA, S.L.;146,49;30,76;146,49
;7125007131;27/06/2025;4634;CIFRE CERAMICA, S.L.;198,04;41,59;198,04
;7251214145;20/03/2025;10275;PIXARTPRINTING, SRL;259;54,39;259
;7452/25;26/02/2025;13989;NAU ARAN, S.C.P.;160;33,6;160
;7491;08/02/2025;6139;SALTOKI LLEIDA, S.A.;76,97;16,16;76,97
;7600202040;15/05/2025;192;PROMOTORA MEDITERRANEA-2, S.A.;1795,5;377,06;1795,5
;7H50126814;01/03/2025;18474;TELEFONICA DE ESPA•A, S.A.;534,55;112,26;534,55
;7H60126454;01/04/2025;18474;TELEFONICA DE ESPA•A, S.A.;389,33;81,76;389,33
;7H70126531;01/05/2025;18474;TELEFONICA DE ESPA•A, S.A.;445,17;93,48;445,17
;801018;10/03/2025;5574;BRIKTE, S.L.;43,86;9,21;43,86
;801617;15/04/2025;5574;BRIKTE, S.L.;672,03;141,13;672,03
;801914;10/05/2025;5574;BRIKTE, S.L.;625,49;131,35;625,49
;802438;05/06/2025;5574;BRIKTE, S.L.;1329,49;279,19;1329,49
;FV2250072;22/01/2025;8029;INDUSTRIAS MAS SALVADO Y SUC., S.L.;763,86;160,41;763,86
;FV2250309;07/03/2025;8029;INDUSTRIAS MAS SALVADO Y SUC., S.L.;3753,35;788,2;3753,35
;FV2250600;06/05/2025;8029;INDUSTRIAS MAS SALVADO Y SUC., S.L.;1552,85;326,1;1552,85
;FV2250849;26/06/2025;8029;INDUSTRIAS MAS SALVADO Y SUC., S.L.;341,88;71,79;341,88
;FV25/00388;11/02/2025;6294;BASMAT MATTING SYSTEMS, S.L.;271,04;56,92;271,04
;FV2500108;09/01/2025;5576;THERMOGREEN, S.L.;3914,45;822,03;3914,45
;FV25-00377;13/01/2025;2905;OBREROL, S.A.;1166,73;245,01;1166,73
;FV25-00466;07/02/2025;9877;DECO, DISTRIBUCI‡ DE GUIX LAMINAT, S.L.;803,87;168,81;803,87
;FV2500712;23/01/2025;3711;BRINOX S.A;800,05;168,01;800,05
;FV25016765;16/01/2025;11627;JULI∑ GRUP FURNITURE SOLUTIONS, SL;839,73;176,34;839,73
;25001311;17/01/2025;583;PLASTICOS TA-TAY,S.A.;329,35;69,16;329,35
;25003562;12/02/2025;583;PLASTICOS TA-TAY,S.A.;441,3;92,67;441,3
;25005195;26/02/2025;583;PLASTICOS TA-TAY,S.A.;206,4;43,34;206,4
;25006807;13/03/2025;583;PLASTICOS TA-TAY,S.A.;268,42;56,37;268,42
;25013964;26/05/2025;583;PLASTICOS TA-TAY,S.A.;269,24;56,54;269,24
;25017338;25/06/2025;583;PLASTICOS TA-TAY,S.A.;228,89;48,07;228,89
;25106066;22/01/2025;7246;ROYO SPAIN, S.L.;503,06;105,64;503,06
;01/00673;14/01/2025;2621;COFAN LA MANCHA, S.A.;184,29;38,7;184,29
;01/13548;06/03/2025;2621;COFAN LA MANCHA, S.A.;164,42;34,52;164,42
;01/14060;12/03/2025;2621;COFAN LA MANCHA, S.A.;121,19;25,45;121,19
;01/15205;27/03/2025;2621;COFAN LA MANCHA, S.A.;158,13;33,21;158,13
;01/20363;04/04/2025;2621;COFAN LA MANCHA, S.A.;151,98;31,91;151,98
;01/26673;05/05/2025;2621;COFAN LA MANCHA, S.A.;259,41;54,47;259,41
;01/34284;05/06/2025;2621;COFAN LA MANCHA, S.A.;155,72;32,7;155,72
;1024010;29/04/2025;2621;COFAN LA MANCHA, S.A.;210,86;44,28;210,86
;28024153;05/06/2025;11866;RODI ARAN, S.L.;34,65;7,28;34,65
;05VFN00284;13/05/2025;9638;DIMOS;2029;426,09;2029
;0A-007912;16/05/2025;8072;HEPOLUZ, S.L.;261,4;54,89;261,4
;1399;17/06/2025;13947;BALUE JUSTO ADVOCATS, S.L.;750;157,5;750
;14.861;08/05/2025;2062;DISTRIBUIDORA BOSCH HNOS.,S.A.;138,41;29,07;138,41
;19000578;05/03/2025;721;ARISTON THERMO ESPA•A, S.L.U.;-35,32;-7,42;-35,32
;22500545;08/01/2025;7494;GRUPODESA FASTENERS, S.A.U.;227,58;47,79;227,58
;22500849;28/01/2025;1675;EMAC COMPLEMENTOS, S.L.;107,09;22,49;107,09
;22502509;21/01/2025;7494;GRUPODESA FASTENERS, S.A.U.;115,68;24,29;115,68
;22506392;14/02/2025;7494;GRUPODESA FASTENERS, S.A.U.;428,62;90,01;428,62
;225100468;17/01/2025;6340;MARAZZI IBERIA, S.A.U.;908,45;190,77;908,45
;225101865;21/02/2025;6340;MARAZZI IBERIA, S.A.U.;1305,02;274,05;1305,02
;225106924;27/06/2025;6340;MARAZZI IBERIA, S.A.U.;149;31,29;149
;22513190;31/03/2025;7494;GRUPODESA FASTENERS, S.A.U.;73,98;15,54;73,98
;22513431;01/04/2025;7494;GRUPODESA FASTENERS, S.A.U.;122,68;25,76;122,68
;22514200;07/04/2025;7494;GRUPODESA FASTENERS, S.A.U.;242,72;50,97;242,72
;225200060;06/02/2025;16340;MARAZZI IBERIA, S.A.U.;-202,23;-42,47;-202,23
;22521321;28/05/2025;7494;GRUPODESA FASTENERS, S.A.U.;869,42;182,58;869,42
;22525770;25/06/2025;7494;GRUPODESA FASTENERS, S.A.U.;325,68;68,39;325,68
;25200688;20/03/2025;2911;SUMINISTROS RECOVAL, S.L.;237,16;49,8;237,16
;2523/A3182;20/03/2025;3553;VICAL HOME S.L.;1512,14;317,55;1512,14
;2523/A5140;09/05/2025;3553;VICAL HOME S.L.;197,96;41,57;197,96
;25-23399;23/06/2025;1973;STANDARD HIDRµULICA, S.A.U.;250,35;52,57;250,35
;253017;15/05/2025;4256;MECANO CAMP, S.A.;134,36;28,22;134,36
;2531000076;14/01/2025;14708;BIGMAT LOGISTICA, S.A.;228,05;47,89;228,05
;2531000827;04/06/2025;14708;BIGMAT LOGISTICA, S.A.;486;102,06;486
;253203407;30/05/2025;6595;CMT, S.L.;715,8;150,32;715,8
;253483;31/05/2025;4256;MECANO CAMP, S.A.;237,75;49,93;237,75
;253613;15/06/2025;4256;MECANO CAMP, S.A.;56,7;11,91;56,7
;2540000492;21/05/2025;4708;BIGMAT LOGISTICA, S.A.;-26,3;-5,52;-26,3
;2540002869;03/02/2025;4708;BIGMAT LOGISTICA, S.A.;6342,65;1331,96;6342,65
;2540003504;06/02/2025;4708;BIGMAT LOGISTICA, S.A.;2002,35;420,49;2002,35
;2540005844;03/03/2025;4708;BIGMAT LOGISTICA, S.A.;1495,93;314,15;1495,93
;2540007181;13/03/2025;4708;BIGMAT LOGISTICA, S.A.;8084,71;1697,79;8084,71
;2540008248;25/03/2025;4708;BIGMAT LOGISTICA, S.A.;3407,72;715,62;3407,72
;2540008798;31/03/2025;4708;BIGMAT LOGISTICA, S.A.;6284,36;1319,72;6284,36
;2540010908;21/04/2025;4708;BIGMAT LOGISTICA, S.A.;3583,9;752,62;3583,9
;2540012032;05/05/2025;14708;BIGMAT LOGISTICA, S.A.;13,76;2,89;13,76
;2540013570;16/05/2025;4708;BIGMAT LOGISTICA, S.A.;833,76;175,09;833,76
;2540016712;12/06/2025;4708;BIGMAT LOGISTICA, S.A.;2949;619,29;2949
;25-400214;15/01/2025;9813;BIGMAT IBERIA, S.A.;23,04;4,84;23,04
;25400275;07/02/2025;7733;SAKYDU, S.L.;380,06;79,81;380,06
;2540057326;03/04/2025;15662;LEASYS S.P.A. Sucursal Espa§a;435,29;91,41;435,29
;25-400612;05/02/2025;9813;BIGMAT IBERIA, S.A.;114,28;24;114,28
;2540072769;04/05/2025;15662;LEASYS S.P.A. Sucursal Espa§a;435,29;91,41;435,29
;25-400955;21/02/2025;9813;BIGMAT IBERIA, S.A.;106,29;22,32;106,29
;25-401319;12/03/2025;9813;BIGMAT IBERIA, S.A.;77,75;16,33;77,75
;2543005025;27/05/2025;19645;SYSTEM OFIPRIX, S.L.;195,87;41,13;195,87
;2550000011;09/01/2025;14708;BIGMAT LOGISTICA, S.A.;1274,83;267,71;1274,83
;2550002622;06/05/2025;14708;BIGMAT LOGISTICA, S.A.;500;105;500
;256016313;19/06/2025;2748;GME DIVISION DE BA•OS SL;196,22;41,21;196,22
;256016360;20/06/2025;2748;GME DIVISION DE BA•OS SL;25,45;5,34;25,45
;256016385;20/06/2025;2748;GME DIVISION DE BA•OS SL;66,35;13,93;66,35
;25686343;21/01/2025;7455;GRESPANIA, S.A.;367,02;77,07;367,02
;25691331;18/03/2025;7455;GRESPANIA, S.A.;154,58;32,46;154,58
;25696602;20/05/2025;7455;GRESPANIA, S.A.;244,49;51,34;244,49
;25697286;27/05/2025;7455;GRESPANIA, S.A.;999,34;209,86;999,34
;25-800729;25/03/2025;19813;BIGMAT IBERIA, S.A.;1080,31;226,87;1080,31
;25-801402;25/06/2025;19813;BIGMAT IBERIA, S.A.;1080,31;226,87;1080,31
;25-8300002;24/02/2025;14708;BIGMAT LOGISTICA, S.A.;-1436,59;-301,68;-1436,59
;258300004;25/03/2025;14708;BIGMAT LOGISTICA, S.A.;-8802,9;-1848,61;-8802,9
;25-830003;26/03/2025;19813;BIGMAT IBERIA, S.A.;-1269,98;-266,7;-1269,98
;2583006022;01/06/2025;12667;AYVENS SPAIN MOVILITY SOLUTIONS, SAU;492,86;103,5;492,86
;2583006995;06/05/2025;12667;AYVENS SPAIN MOVILITY SOLUTIONS, SAU;492,86;103,5;492,86
;25A/121;10/02/2025;14293;VIELHA COMPUTER,SCP;90;18,9;90
;25F0300196;02/04/2025;2162;INDUSTRIAS DEL CEMENTO AGLOMERADO, SL;2821,64;592,54;2821,64
;25FC003489;04/02/2025;5495;IBERMAPEI, S.A.;1032,58;216,84;1032,58
;25FC007797;13/03/2025;5495;IBERMAPEI, S.A.;1230,2;258,34;1230,2
;25FC010223;02/04/2025;5495;IBERMAPEI, S.A.;296,54;62,28;296,54
;25FC010632;07/04/2025;5495;IBERMAPEI, S.A.;318,39;66,86;318,39
;25FC010651;07/04/2025;5495;IBERMAPEI, S.A.;144,76;30,4;144,76
;25FC012410;24/04/2025;5495;IBERMAPEI, S.A.;63,88;13,41;63,88
;25FC015912;23/05/2025;5495;IBERMAPEI, S.A.;2082;437,22;2082
;25FC017247;02/06/2025;5495;IBERMAPEI, S.A.;59,41;12,48;59,41
;25FV02513;25/02/2025;4641;SCHLöTER-SYSTEMS S.L.;173,18;36,37;173,18
;25FV02935;05/03/2025;4641;SCHLöTER-SYSTEMS S.L.;864,01;181,44;864,01
;25FV03373;14/03/2025;4641;SCHLöTER-SYSTEMS S.L.;1541,97;323,81;1541,97
;25FV04696;10/04/2025;4641;SCHLöTER-SYSTEMS S.L.;17,74;3,73;17,74
;25FV05740;07/05/2025;4641;SCHLöTER-SYSTEMS S.L.;232,14;48,75;232,14
;25FV07514;11/06/2025;4641;SCHLöTER-SYSTEMS S.L.;517,06;108,58;517,06
;2682;15/05/2025;2747;SAURMIDECOR S.L;130,24;27,35;130,24
;280031;07/01/2025;5358;I&E FOREST PANELS, S.L.;1435,86;301,53;1435,86
;281262;08/05/2025;5358;I&E FOREST PANELS, S.L.;2500,66;525,14;2500,66
;281352;19/05/2025;5358;I&E FOREST PANELS, S.L.;449,91;94,48;449,91
;281541;09/06/2025;5358;I&E FOREST PANELS, S.L.;95,16;19,98;95,16
;281656;19/06/2025;5358;I&E FOREST PANELS, S.L.;6629,11;1392,11;6629,11
;281677;20/06/2025;5358;I&E FOREST PANELS, S.L.;211,76;44,47;211,76
;4900075962;23/01/2025;19045;GAS NATURAL REDES GLP, S.A.;37,3;7,83;37,3
;4900395467;15/05/2025;19045;GAS NATURAL REDES GLP, S.A.;1039,63;218,32;1039,63
;5-014.795;16/04/2025;7669;IRONLUX GROUP 2003, S.A.;1166,92;245,05;1166,92
;501804;11/02/2025;4709;GENEXIA DISTRIBUCIONES, S.L.;129;27,09;129
;504200363;15/01/2025;361;GERSAL, S.A.;74,62;15,67;74,62
;5051240225;24/02/2025;10013;BANCO SANTANDER, S.A.;14,87;3,12;14,87
;505486;15/04/2025;4709;GENEXIA DISTRIBUCIONES, S.L.;85,2;17,89;85,2
;507100054;19/03/2025;228;CLIMA-AINê, SCCL;-112,74;-23,68;-112,74
;5075070225;07/02/2025;10013;BANCO SANTANDER, S.A.;10,29;2,16;10,29
;508100456;26/02/2025;228;CLIMA-AINê, SCCL;116,69;24,5;116,69
;5081200;20/02/2025;10013;BANCO SANTANDER, S.A.;11,07;2,32;11,07
;5097132135;07/03/2025;14538;FRIGICOLL, S.A.;-804,5;-168,95;-804,5
;5098534107;17/01/2025;4538;FRIGICOLL, S.A.;1136,12;238,59;1136,12
;5098542669;24/02/2025;4538;FRIGICOLL, S.A.;579,28;121,65;579,28
;5103060225;06/02/2025;10013;BANCO SANTANDER, S.A.;10,29;2,16;10,29
;5-127745;10/04/2025;1627;JULI∑ GRUP FURNITURE SOLUTIONS, SL;168,36;35,36;168,36
;5191875;28/02/2025;7918;DERIVADOS ASFALTICOS NORMALIZADOS, S.A.;253,83;53,3;253,83
;5192524;07/03/2025;7918;DERIVADOS ASFALTICOS NORMALIZADOS, S.A.;5126,43;1076,55;5126,43
;5197410;23/04/2025;7918;DERIVADOS ASFALTICOS NORMALIZADOS, S.A.;937,78;196,93;937,78
;5199639;14/05/2025;7918;DERIVADOS ASFALTICOS NORMALIZADOS, S.A.;739,78;155,35;739,78
;520237082;19/05/2025;1928;SOLER & PALAU SIST. DE VENTILACI‡N,S.L.U;789,15;165,72;789,15
;A48871;23/01/2025;2361;BATH INNOVATIONS, S.L.U.;193,32;40,6;193,32
;A48905;28/01/2025;2361;BATH INNOVATIONS, S.L.U.;202;42,42;202
;A5/804;30/01/2025;1645;BARBOSA, S.L.;431,65;90,65;431,65
;A598404043;28/01/2025;18474;TELEFONICA DE ESPA•A, S.A.;88,27;18,54;88,27
;A5M0001552;01/01/2025;13125;TELEFONICA MOVILES ESPA•A, S.A.;299,03;62,8;299,03
;AA25000732;17/03/2025;1715;EURO BOTTARI 2002 S.L;64,92;13,63;64,92
;ACNR-69;28/01/2025;16765;VISOBATH, SL;-20;-4,2;-20
;ALPEX-874;11/03/2025;2980;ALPEX, S.A.;20,53;4,31;20,53
;AVR2501689;27/05/2025;10841;SOC.ANON.SERVEI I COMERÄ ELECTRODOMESTIC;-75;-15,75;-75
;B598403957;28/02/2025;18474;TELEFONICA DE ESPA•A, S.A.;461,3;96,87;461,3
;B5M0001529;01/02/2025;13125;TELEFONICA MOVILES ESPA•A, S.A.;298,4;62,66;298,4
;B5U1087296;01/02/2025;13125;TELEFONICA MOVILES ESPA•A, S.A.;0,74;0,16;0,74
;C5M0000853;01/03/2025;13125;TELEFONICA MOVILES ESPA•A, S.A.;457,25;96,03;457,25
;E25000075;07/02/2025;5194;INOXPAN, S.L.;376,3;79,02;376,3
;E807660300;08/01/2025;8158;AKZO NOBEL COATINGS, S.L.;1143,54;240,14;1143,54
;E807689166;04/06/2025;8158;AKZO NOBEL COATINGS, S.L.;1861,23;390,86;1861,23
;E807690860;12/06/2025;8158;AKZO NOBEL COATINGS, S.L.;753,9;158,32;753,9
;E807693591;24/06/2025;8158;AKZO NOBEL COATINGS, S.L.;66,65;14;66,65
;E808304642;05/02/2025;8158;AKZO NOBEL COATINGS, S.L.;-35,27;-7,41;-35,27
;F166178;30/04/2025;5920;COORDONNê, S.L.;71,3;14,98;71,3
;2541000107;31/03/2025;14708;BIGMAT LOGISTICA, S.A.;19,95;0,8;19,95
;FV25018631;29/05/2025;4773;GARSACO IMPORT, S.L.;113,42;23,82;113,42
;FV25-03099;17/03/2025;7690;GRIFERIAS GROBER, S.L.;87,62;18,4;87,62
;FV25-03163;18/03/2025;7690;GRIFERIAS GROBER, S.L.;94,32;19,81;94,32
;FV2503805;17/06/2025;5576;THERMOGREEN, S.L.;1986,07;417,07;1986,07
;FV-2504400;11/04/2025;7690;GRIFERIAS GROBER, S.L.;570,46;119,8;570,46
;FV25-05807;15/05/2025;7690;GRIFERIAS GROBER, S.L.;256,27;53,82;256,27
;FV2506361;23/06/2025;3711;BRINOX S.A;285,63;59,98;285,63
;FV25-06385;28/05/2025;7690;GRIFERIAS GROBER, S.L.;269,31;56,56;269,31
;FV25-07801;27/06/2025;7690;GRIFERIAS GROBER, S.L.;188,79;39,65;188,79
;FV25112862;31/03/2025;1627;JULI∑ GRUP FURNITURE SOLUTIONS, SL;802,88;168,6;802,88
;FV25245602;04/03/2025;9206;AYERBE INDUSTRIAL DE MOTORES, S.A.;872,88;183,3;872,88
;FV440;15/04/2025;6364;VIGAS COSME, S.L.;136,83;28,73;136,83
;FV460321;16/04/2025;368;ARREGUI BUZONES Y SISTEMAS DE SEGURIDAD;227,43;47,76;227,43
;FVA2500087;28/02/2025;17367;CORTISA, S.L.;177,58;37,29;177,58
;G/1;17/02/2025;17765;GHEORGHE EMIL IONUT;5320;1117,2;5320
;GEN/784;10/02/2025;6084;ANDREU BARBERA, S.L.;407,28;85,53;407,28
;L25001486;30/04/2025;5082;DELTA COCINAS, S.L.;262,94;55,22;262,94
;L25002383;27/06/2025;5082;DELTA COCINAS, S.L.;1344,49;282,34;1344,49
;M1061;15/04/2025;9452;ARENES BELLPUIG, S.L.;1055,81;221,72;1055,81
;M734;15/03/2025;9452;ARENES BELLPUIG, S.L.;1144,65;240,38;1144,65
;MA25011413;30/04/2025;193;AD MASANES, S.A.;0;;0
;MA25015835;15/06/2025;193;AD MASANES, S.A.;56,09;11,78;56,09
;N013925422;24/03/2025;18077;ENDESA ENERGIA, SA;77,95;16,37;77,95
;N028585026;13/06/2025;18077;ENDESA ENERGIA, SA;1603,19;336,67;1603,19
;N028754016;23/06/2025;18077;ENDESA ENERGIA, SA;571,97;120,11;571,97
;NA7.204;15/06/2025;1173;MANILLONS TORRENT SL;87,53;18,38;87,53
;NC00051646;27/03/2025;18077;ENDESA ENERGIA, SA;13,39;2,81;13,39
;NC00051688;27/03/2025;18077;ENDESA ENERGIA, SA;26,79;5,63;26,79
;NC00071799;29/05/2025;18077;ENDESA ENERGIA, SA;13,39;2,81;13,39
;P/00044;25/03/2025;16875;MARIA DEL PILAR NAVARRO FRAILE;531,26;111,56;531,26
;250216228;31/01/2025;12407;SOC. ESTATAL CORREOS Y TELEGRAFOS, S.A.;40,61;;40,61
;0.384834;29/04/2025;4891;STAYER IBERICA, S.A.;301,95;63,41;301,95
;0/25000898;30/04/2025;214;CERAMICA FUSTE, S.A.;3115,31;654,22;3115,31
;0/25001232;16/06/2025;214;CERAMICA FUSTE, S.A.;2915,63;612,28;2915,63
;0/3243;31/03/2025;4518;FUNDICION DUCTIL FABREGAS,S.A.;1019,48;214,09;1019,48
;0/3964;25/04/2025;4518;FUNDICION DUCTIL FABREGAS,S.A.;522,36;109,7;522,36
;0/976;31/01/2025;4518;FUNDICION DUCTIL FABREGAS,S.A.;446,57;93,78;446,57
;238;10/04/2025;12060;RADIO SYSTEMS EQUIP.ELECTRONICOS S.L.;439,65;92,33;439,65
;2500218;15/05/2025;18317;LLEIDA MANUTENCIO, S.L.;1354,36;284,42;1354,36
;1573782;06/05/2025;6472;DAKE FREGADEROS,S.L.U.;499,2;104,83;499,2
;1531639244;07/01/2025;9079;KARCHER, S.A.;641,25;134,66;641,25
;1531683777;18/06/2025;9079;KARCHER, S.A.;381,64;80,14;381,64
;1541031234;30/03/2025;800;HOLCIM ESPA•A, S.A.U.;-259;-54,39;-259
;160;14/04/2025;6277;MARMOLES ROYES, S.C.;2302;483,42;2302
;16228912;09/01/2025;14708;BIGMAT LOGISTICA, S.A.;0,27;0,06;0,27
;16229416;06/03/2025;14708;BIGMAT LOGISTICA, S.A.;0,81;0,17;0,81
;16229667;03/04/2025;14708;BIGMAT LOGISTICA, S.A.;1,13;0,24;1,13
;16229931;07/05/2025;14708;BIGMAT LOGISTICA, S.A.;4,54;0,95;4,54
;16230200;05/06/2025;14708;BIGMAT LOGISTICA, S.A.;4,86;1,02;4,86
;2000009817;27/05/2025;10143;BANCO SABADELL, S.A.;165,75;34,81;165,75
;2010125047;21/04/2025;5427;CUPA PIZARRAS S.A;8247,71;1732,02;8247,71
;23/444020;17/01/2025;6623;TUCAI, S.A.;1573,92;330,52;1573,92
;23/454407;30/04/2025;6623;TUCAI, S.A.;568,97;119,48;568,97
;23005202;28/02/2025;7632;FERRETER÷A Y PRENSAS, S.L.;137,78;28,93;137,78
;231106612;11/03/2025;4578;ROCKWOOL PENINSULAR, S.A.U.;4938,52;1037,09;4938,52
;3911314375;14/01/2025;2305;WEBER CEMARKSA,S.A.U.;156,34;32,83;156,34
;395;30/01/2025;484;SOBIME, S.A.;471,48;99,01;471,48
;412898;30/04/2025;3013;PUJOL ELEMENTS, S.A.;573,34;120,4;573,34
;413349;15/05/2025;3013;PUJOL ELEMENTS, S.A.;-172,25;-36,17;-172,25
;413350;15/05/2025;3013;PUJOL ELEMENTS, S.A.;177,65;37,31;177,65
;413562;31/03/2025;5140;PREFABRICADOS PUJOL, S.A.;-385,3;-80,91;-385,3
;414127;30/01/2025;8184;ALYCO TOOLS, SA;164,53;34,55;164,53
;414689;29/04/2025;5140;PREFABRICADOS PUJOL, S.A.;6756,6;1418,89;6756,6
;414965;06/02/2025;8184;ALYCO TOOLS, SA;124,71;26,19;124,71
;415350;15/05/2025;5140;PREFABRICADOS PUJOL, S.A.;1060,2;222,64;1060,2
;415581;13/02/2025;8184;ALYCO TOOLS, SA;122,62;25,75;122,62
;415814;13/02/2025;8184;ALYCO TOOLS, SA;139,26;29,24;139,26
;417313;26/02/2025;8184;ALYCO TOOLS, SA;112,02;23,52;112,02
;420843;26/03/2025;8184;ALYCO TOOLS, SA;119,66;25,13;119,66
;424034;22/04/2025;8184;ALYCO TOOLS, SA;103,64;21,76;103,64
;424927;29/04/2025;8184;ALYCO TOOLS, SA;127;26,67;127
;425871;12/05/2025;8184;ALYCO TOOLS, SA;160,96;33,8;160,96
;428712;29/05/2025;8184;ALYCO TOOLS, SA;143,01;30,03;143,01
;429251;30/05/2025;8184;ALYCO TOOLS, SA;112,38;23,6;112,38
;430626;12/06/2025;8184;ALYCO TOOLS, SA;110,88;23,28;110,88
;432300;27/06/2025;8184;ALYCO TOOLS, SA;114,85;24,12;114,85
;8255;06/03/2025;5330;BRONPI CALEFACCION, S.L.;800,1;168,02;800,1
;83-00003;26/02/2025;14708;BIGMAT LOGISTICA, S.A.;-21088,79;-4428,65;-21088,79
;85990539;24/03/2025;666;FISCHER IBERICA, S.A.U.;980;205,8;980
;85990783;25/03/2025;666;FISCHER IBERICA, S.A.U.;1102,53;231,53;1102,53
;85990784;25/03/2025;666;FISCHER IBERICA, S.A.U.;210,04;44,11;210,04
;85994655;08/04/2025;666;FISCHER IBERICA, S.A.U.;30,26;6,35;30,26
;8600006936;26/02/2025;10192;PROMOTORA MEDITERRANEA-2, S.A.;-114,99;-24,15;-114,99
;8600007117;31/05/2025;192;PROMOTORA MEDITERRANEA-2, S.A.;-1380;-289,8;-1380
;882592;21/01/2025;6169;REFREL, S.L.;419,25;88,04;419,25
;883;16/04/2025;13947;BALUE JUSTO ADVOCATS, S.L.;750;157,5;750
;884743;06/02/2025;6169;REFREL, S.L.;403,67;84,77;403,67
;887905;06/03/2025;6169;REFREL, S.L.;85,5;17,96;85,5
;887931;06/03/2025;6169;REFREL, S.L.;22,36;4,7;22,36
;889971;25/03/2025;6169;REFREL, S.L.;217,75;45,73;217,75
;891313;04/04/2025;6169;REFREL, S.L.;-217,75;-45,73;-217,75
;895487;15/05/2025;6169;REFREL, S.L.;407,79;85,64;407,79
;899493;12/06/2025;6169;REFREL, S.L.;178,77;37,54;178,77
;90020604;04/04/2025;8184;ALYCO TOOLS, SA;-533,88;-112,11;-533,88
;9010286363;15/01/2025;7579;ALIAXIS IBERIA, S.A.U.;1292,99;271,53;1292,99
;9010296949;17/03/2025;7579;ALIAXIS IBERIA, S.A.U.;794,94;166,94;794,94
;9010305681;08/05/2025;7579;ALIAXIS IBERIA, S.A.U.;368,25;77,33;368,25
;9010307893;19/05/2025;7579;ALIAXIS IBERIA, S.A.U.;215,87;45,33;215,87
;9010308372;22/05/2025;7579;ALIAXIS IBERIA, S.A.U.;87,69;18,41;87,69
;90150248;21/01/2025;1771;PANELES DECORATIVOS PANELPIEDRA, S.L.;290;60,9;290
;90152103;04/06/2025;1771;PANELES DECORATIVOS PANELPIEDRA, S.L.;29,5;6,2;29,5
;9151971479;14/01/2025;8890;COMERCIAL DE LAMINADOS, S.A.;705,67;148,19;705,67
;9151989501;24/02/2025;8890;COMERCIAL DE LAMINADOS, S.A.;235,82;49,52;235,82
;9152002268;25/03/2025;8890;COMERCIAL DE LAMINADOS, S.A.;179,52;37,7;179,52
;9152030023;30/05/2025;8890;COMERCIAL DE LAMINADOS, S.A.;177,21;37,21;177,21
;9152036302;13/06/2025;8890;COMERCIAL DE LAMINADOS, S.A.;145,18;30,49;145,18
;9300654588;10/01/2025;7392;ROCA SANITARIO, S.A.;5235,11;1099,37;5235,11
;9300659190;27/01/2025;7392;ROCA SANITARIO, S.A.;34,74;7,3;34,74
;9300661945;05/02/2025;7392;ROCA SANITARIO, S.A.;504,44;105,93;504,44
;9300664391;13/02/2025;7392;ROCA SANITARIO, S.A.;820,52;172,31;820,52
;9300665652;18/02/2025;7392;ROCA SANITARIO, S.A.;3178,58;667,5;3178,58
;9300672833;14/03/2025;7392;ROCA SANITARIO, S.A.;317,82;66,74;317,82
;9300676035;26/03/2025;7392;ROCA SANITARIO, S.A.;354,27;74,4;354,27
;9300678445;03/04/2025;7392;ROCA SANITARIO, S.A.;432,23;90,77;432,23
;22503461;02/04/2025;1675;EMAC COMPLEMENTOS, S.L.;111,91;23,51;111,91
;2250408774;11/04/2025;7543;VELILLA GROUP EUROPE, SLU;205,55;43,17;205,55
;2250408775;11/04/2025;7543;VELILLA GROUP EUROPE, SLU;440,01;92,4;440,01
;22505558;10/02/2025;7494;GRUPODESA FASTENERS, S.A.U.;90,74;19,06;90,74
;22508270;27/02/2025;7494;GRUPODESA FASTENERS, S.A.U.;137,95;28,97;137,95
;22509370;06/03/2025;7494;GRUPODESA FASTENERS, S.A.U.;3087,81;648,44;3087,81
;22509601;07/03/2025;7494;GRUPODESA FASTENERS, S.A.U.;370,51;77,81;370,51
;225100706;24/01/2025;6340;MARAZZI IBERIA, S.A.U.;238,45;50,07;238,45
;225102409;07/03/2025;6340;MARAZZI IBERIA, S.A.U.;353,23;74,18;353,23
;225103240;28/03/2025;6340;MARAZZI IBERIA, S.A.U.;2149,64;451,42;2149,64
;22510505;13/03/2025;7494;GRUPODESA FASTENERS, S.A.U.;113,1;23,75;113,1
;225106628;20/06/2025;6340;MARAZZI IBERIA, S.A.U.;241,62;50,74;241,62
;22511965;24/03/2025;7494;GRUPODESA FASTENERS, S.A.U.;146,66;30,8;146,66
;22516340;24/04/2025;7494;GRUPODESA FASTENERS, S.A.U.;286,82;60,23;286,82
;22517313;30/04/2025;7494;GRUPODESA FASTENERS, S.A.U.;674,49;141,64;674,49
;22520717;23/05/2025;7494;GRUPODESA FASTENERS, S.A.U.;120,24;25,25;120,24
;22520945;26/05/2025;7494;GRUPODESA FASTENERS, S.A.U.;256,8;53,93;256,8
;22521514;29/05/2025;7494;GRUPODESA FASTENERS, S.A.U.;167,81;35,24;167,81
;22524700;16/06/2025;7494;GRUPODESA FASTENERS, S.A.U.;311,83;65,48;311,83
;25200823;27/03/2025;6145;PERFUM&BEAUTY INNOVA, SL;323,48;67,93;323,48
;252501153;11/06/2025;6793;PLABELL COMERCIAL,S.L.;592;124,32;592
;253565;31/05/2025;4256;MECANO CAMP, S.A.;145,03;30,46;145,03
;253876;18/06/2025;4256;MECANO CAMP, S.A.;95,83;20,12;95,83
;253889;18/06/2025;4256;MECANO CAMP, S.A.;20,2;4,24;20,2
;2540001545;20/01/2025;4708;BIGMAT LOGISTICA, S.A.;3211,51;674,42;3211,51
;2540001875;22/01/2025;4708;BIGMAT LOGISTICA, S.A.;3975,42;834,84;3975,42
;25-4000209;16/04/2025;9813;BIGMAT IBERIA, S.A.;-62,4;-13,1;-62,4
;25400021;07/03/2025;17733;SAKYDU, S.L.;-51,24;-10,76;-51,24
;2540004888;20/02/2025;4708;BIGMAT LOGISTICA, S.A.;3014,54;633,05;3014,54
;25400081;14/03/2025;17687;SOPREMA IBERIA, S.L.U.;-80,36;-16,88;-80,36
;2540010429;14/04/2025;4708;BIGMAT LOGISTICA, S.A.;6090,49;1279;6090,49
;2540012630;08/05/2025;4708;BIGMAT LOGISTICA, S.A.;9672,86;2031,3;9672,86
;2540013114;13/05/2025;4708;BIGMAT LOGISTICA, S.A.;744,94;156,44;744,94
;2540014227;22/05/2025;4708;BIGMAT LOGISTICA, S.A.;3877,11;814,19;3877,11
;2540017514;19/06/2025;4708;BIGMAT LOGISTICA, S.A.;5422,21;1138,66;5422,21
;25-400362;22/01/2025;9813;BIGMAT IBERIA, S.A.;57,56;12,09;57,56
;25-400497;29/01/2025;9813;BIGMAT IBERIA, S.A.;40,17;8,44;40,17
;25-400535;31/01/2025;9813;BIGMAT IBERIA, S.A.;58,96;12,38;58,96
;25400589;14/03/2025;7733;SAKYDU, S.L.;165,96;34,85;165,96
;25-401752;04/04/2025;9813;BIGMAT IBERIA, S.A.;20,04;4,21;20,04
;25-402425;07/05/2025;9813;BIGMAT IBERIA, S.A.;108,51;22,79;108,51
;25402671;16/05/2025;9813;BIGMAT IBERIA, S.A.;29,3;6,15;29,3
;25-402952;28/05/2025;9813;BIGMAT IBERIA, S.A.;271,15;56,94;271,15
;25-403067;02/06/2025;9813;BIGMAT IBERIA, S.A.;221,1;46,43;221,1
;2550000357;14/01/2025;14708;BIGMAT LOGISTICA, S.A.;358;75,18;358
;2550000742;13/02/2025;14708;BIGMAT LOGISTICA, S.A.;280;58,8;280
;2550001051;13/02/2025;14708;BIGMAT LOGISTICA, S.A.;1843,68;387,17;1843,68
;2550001553;05/03/2025;14708;BIGMAT LOGISTICA, S.A.;366;76,86;366
;2550001653;02/04/2025;14708;BIGMAT LOGISTICA, S.A.;529;111,09;529
;2550002401;06/05/2025;14708;BIGMAT LOGISTICA, S.A.;1292,82;271,49;1292,82
;2550002938;04/06/2025;14708;BIGMAT LOGISTICA, S.A.;1415,01;297,15;1415,01
;25-510000;28/03/2025;19813;BIGMAT IBERIA, S.A.;-2404,05;-504,85;-2404,05
;25686342;21/01/2025;7455;GRESPANIA, S.A.;322,88;67,8;322,88
;25692393;31/03/2025;7455;GRESPANIA, S.A.;502,96;105,62;502,96
;25693986;16/04/2025;7455;GRESPANIA, S.A.;456,03;95,77;456,03
;25694779;29/04/2025;7455;GRESPANIA, S.A.;285,24;59,9;285,24
;25697426;28/05/2025;7455;GRESPANIA, S.A.;69,57;14,61;69,57
;25-800212;24/01/2025;19813;BIGMAT IBERIA, S.A.;1105,74;232,21;1105,74
;25-801184;25/05/2025;19813;BIGMAT IBERIA, S.A.;1080,31;226,87;1080,31
;258300006;30/05/2025;14708;BIGMAT LOGISTICA, S.A.;-2531,11;-531,53;-2531,11
;258300007;26/06/2025;14708;BIGMAT LOGISTICA, S.A.;-276,05;-57,97;-276,05
;25-830002;27/02/2025;19813;BIGMAT IBERIA, S.A.;-102,66;-21,56;-102,66
;259100564;19/02/2025;16197;PRESTO IBERICA, S.A.;-2,33;-0,49;-2,33
;25911669;04/04/2025;5450;INDUSTRIAL ZAPATERA, S.A.;93,28;19,59;93,28
;25A0010640;05/05/2025;3441;ALFA DYSER, S.L.;-10,8;-2,27;-10,8
;25FC005140;18/02/2025;5495;IBERMAPEI, S.A.;1362,49;286,12;1362,49
;25FC011882;16/04/2025;5495;IBERMAPEI, S.A.;1060,1;222,62;1060,1
;25FC012008;22/04/2025;5495;IBERMAPEI, S.A.;56;11,77;56
;25FC013461;06/05/2025;5495;IBERMAPEI, S.A.;95,86;20,13;95,86
;25FC015736;22/05/2025;5495;IBERMAPEI, S.A.;47,73;10,03;47,73
;25FC016072;26/05/2025;5495;IBERMAPEI, S.A.;1046,4;219,74;1046,4
;25FV00988;27/01/2025;4641;SCHLöTER-SYSTEMS S.L.;456,27;95,82;456,27
;25FV01215;24/02/2025;20168;EXOJO, S.L.;390,01;81,9;390,01
;25FV02571;27/02/2025;4641;SCHLöTER-SYSTEMS S.L.;670,61;140,83;670,61
;25FV02672;28/02/2025;4641;SCHLöTER-SYSTEMS S.L.;913,57;191,85;913,57
;25FV04631;09/04/2025;4641;SCHLöTER-SYSTEMS S.L.;388,88;81,66;388,88
;25FV05139;23/04/2025;4641;SCHLöTER-SYSTEMS S.L.;260,25;54,65;260,25
;25FV05995;13/05/2025;4641;SCHLöTER-SYSTEMS S.L.;5,48;1,15;5,48
;25FV06674;27/05/2025;4641;SCHLöTER-SYSTEMS S.L.;768,9;161,47;768,9
;9300680553;10/04/2025;7392;ROCA SANITARIO, S.A.;733,07;153,94;733,07
;9300682335;22/04/2025;7392;ROCA SANITARIO, S.A.;311,6;65,44;311,6
;9300682336;22/04/2025;7392;ROCA SANITARIO, S.A.;24,06;5,05;24,06
;9300687867;14/05/2025;7392;ROCA SANITARIO, S.A.;23,42;4,92;23,42
;9300688685;16/05/2025;7392;ROCA SANITARIO, S.A.;4228,12;887,91;4228,12
;9300692979;02/06/2025;7392;ROCA SANITARIO, S.A.;21,15;4,44;21,15
;9300693730;04/06/2025;7392;ROCA SANITARIO, S.A.;5,22;1,1;5,22
;9300693731;04/06/2025;7392;ROCA SANITARIO, S.A.;360,79;75,77;360,79
;9300695459;11/06/2025;7392;ROCA SANITARIO, S.A.;38,28;8,04;38,28
;9300696667;17/06/2025;7392;ROCA SANITARIO, S.A.;935,18;196,39;935,18
;9311068980;04/03/2025;7392;ROCA SANITARIO, S.A.;-193,31;-40,6;-193,31
;F25/13947;31/01/2025;9675;ELEKTRO-3, S.C.C.L.;2286,44;480,15;2286,44
;F25/29624;06/03/2025;9675;ELEKTRO-3, S.C.C.L.;230,97;48,5;230,97
;F25/84866;26/06/2025;9675;ELEKTRO-3, S.C.C.L.;226,99;47,67;226,99
;F2503283;09/01/2025;4716;PRODUCTOS FLOWER S.A.;433,27;90,99;433,27
;F2504237;13/02/2025;4716;PRODUCTOS FLOWER S.A.;480,46;100,9;480,46
;F251125;20/01/2025;13992;FUTURELITE, S.L.;251,56;52,83;251,56
;FA1/005373;28/02/2025;3853;PLASTICOS FERRO, S.L.;793,53;166,64;793,53
;FA1/011851;12/05/2025;3853;PLASTICOS FERRO, S.L.;543,34;114,1;543,34
;FA25250842;31/03/2025;1931;JUAN CORTES S.L;1221,55;256,53;1221,55
;FANR-1562;18/01/2025;6765;VISOBATH, SL;147,24;30,92;147,24
;FAR39.580;15/06/2025;10761;DUSCHOLUX IBERICA, S.A.;-45,09;-9,47;-45,09
;FAR39393;15/05/2025;10761;DUSCHOLUX IBERICA, S.A.;-1,65;-0,35;-1,65
;FCAR231718;28/02/2025;7493;MATERIALES Y PROTECCI‡N ELêCTRICA, S.A.;62,7;13,17;62,7
;FCAR232398;31/03/2025;7493;MATERIALES Y PROTECCI‡N ELêCTRICA, S.A.;9,9;2,08;9,9
;FE60;30/04/2025;11262;TERESA PARISI DAVIU;19,16;4,02;19,16
;FKP/2853;06/03/2025;13500;SOCIEDAD ANONIMA KP;66,05;13,87;66,05
;FLC29972;01/05/2025;13547;BNP PARIBAS LEASE GROUP, S.A.;141,8;29,77;141,8
;FTF-15774;15/04/2025;9355;AGHASA TURIS, S.A.;634,56;133,26;634,56
;F-V/219819;26/05/2025;5959;LUZ NEGRA, S.L;143,95;30,23;143,95
;FV-038439;28/02/2025;6230;LOFES 90, S.L.;13318,66;2796,92;13318,66
;FV-039519;31/03/2025;6230;LOFES 90, S.L.;272,19;57,16;272,19
;FV-040386;25/04/2025;6230;LOFES 90, S.L.;780,86;163,98;780,86
;FV-040537;30/04/2025;6230;LOFES 90, S.L.;285,27;59,91;285,27
;FV-040952;15/05/2025;6230;LOFES 90, S.L.;479,15;100,62;479,15
;FV-041135;20/05/2025;6230;LOFES 90, S.L.;543,72;114,18;543,72
;1/00414;28/02/2025;9679;CERAMICA LA COMA, S.A.;1612;338,52;1612
;1/00796;15/04/2025;9679;CERAMICA LA COMA, S.A.;3393,18;712,57;3393,18
;100007430;18/06/2025;1913;BARIPERFIL, S.L.;32,46;6,82;32,46
;100571;04/02/2025;9411;SUMINISTROS CEM, S.L.;613,5;128,84;613,5
;1010086986;16/01/2025;9753;ABSARA INDUSTRIAL, S.L.;265,14;55,68;265,14
;1010088946;20/03/2025;9753;ABSARA INDUSTRIAL, S.L.;206,28;43,32;206,28
;1010090599;16/05/2025;9753;ABSARA INDUSTRIAL, S.L.;829,98;174,3;829,98
;1010091705;23/06/2025;9753;ABSARA INDUSTRIAL, S.L.U.;187,92;39,46;187,92
;102636;05/06/2025;9411;SUMINISTROS CEM, S.L.;535,42;112,44;535,42
;1035;21/05/2025;1556;MANUFACTURAS LUMA, S.L.;3936,32;826,63;3936,32
;1069;24/02/2025;6555;INNOVACION BA•O, S.L.;453,6;95,26;453,6
;1070101085;05/02/2025;3633;CERAMICAS GALA, S.A.;241,6;50,74;241,6
;107032;29/01/2025;5330;BRONPI CALEFACCION, S.L.;740,25;155,45;740,25
;11.086;03/04/2025;2062;DISTRIBUIDORA BOSCH HNOS.,S.A.;166,69;35;166,69
;11/02/2025;22/04/2025;4970;GRANITOS LEON, C.B.;3210;674,1;3210
;11085;03/04/2025;12062;DISTRIBUIDORA BOSCH HNOS.,S.A.;135,82;28,52;135,82
;111370317;14/02/2025;2566;FLEX EQUIPOS DE DESCANSO, S.A.;265,05;55,66;265,05
;1633188003;31/03/2025;800;HOLCIM ESPA•A, S.A.U.;2758;579,18;2758
;1633189565;20/04/2025;800;HOLCIM ESPA•A, S.A.U.;1773;372,33;1773
;1644049594;30/04/2025;800;HOLCIM ESPA•A, S.A.U.;974,08;204,56;974,08
;17007854;11/03/2025;721;ARISTON THERMO ESPA•A, S.L.U.;206,59;43,38;206,59
;17300895;01/02/2025;17473;LEASE PLAN SERVICIOS, SA;492,86;103,5;492,86
;173060225;06/02/2025;10013;BANCO SANTANDER, S.A.;12,62;2,65;12,62
;17334231;01/03/2025;17473;LEASE PLAN SERVICIOS, SA;492,86;103,5;492,86
;17367365;01/04/2025;17473;LEASE PLAN SERVICIOS, SA;492,86;103,5;492,86
;2025/00019;31/01/2025;17909;SISCO BELLART MOLINS;3500;735;3500
;2025/05646;12/06/2025;6439;JARDI POND, S.L.;215,6;45,28;215,6
;19/01/2025;01/06/2025;13373;ARANBROADCAST PUBLICITAT, S.L.;180;37,8;180
;03/01/2025;01/05/2025;13373;ARANBROADCAST PUBLICITAT, S.L.;210;44,1;210
;2025/6351;19/05/2025;18424;ROSICH ROMEU, Carmen;6,09;1,28;6,09
;2025/A/22;01/03/2025;15595;GUM TV SLU;210;44,1;210
;2025/A/31;01/04/2025;15595;GUM TV SLU;210;44,1;210
;2025000975;07/03/2025;2007;EDILKAMIN IBERICA, S.L.;278,37;58,46;278,37
;20250079;08/01/2025;17018;AUTOMOVILES AUTORIUTOR, S.L.;142,79;29,99;142,79
;2025010412;07/01/2025;14792;ATUSA GRUPO EMPRESARIAL, S.A.;-29,33;-6,16;-29,33
;2025013932;06/03/2025;4037;PROFILTEK SPAIN, S.L.;552,42;116,01;552,42
;2025022208;15/04/2025;4037;PROFILTEK SPAIN, S.L.;35,23;7,4;35,23
;2025024;11/02/2025;14892;CASASNOVAS CAPDEVILA, MARIA JOSEP;7012,76;1472,68;7012,76
;202503454;14/03/2025;1530;GRUPO EMP. DAKOTA PENINSULA IBERICA SLU;233,91;49,12;233,91
;20250559;28/02/2025;2284;TARROS PINTURES I DECORACI‡, S.L.;454,35;95,41;454,35
;20251866;14/06/2025;2284;TARROS PINTURES I DECORACI‡, S.L.;738,32;155,05;738,32
;2025250084;22/03/2025;12359;HERMUTRAEX, S.L.;1032;216,72;1032
;25FV07689;16/06/2025;4641;SCHLöTER-SYSTEMS S.L.;1709,92;359,08;1709,92
;25O000482;24/04/2025;10122;DISCAR VAL D'ARAN, SL;1552,73;326,07;1552,73
;276847;15/02/2025;629;ROAR, S.A.;124,42;26,13;124,42
;277349;31/05/2025;629;ROAR, S.A.;-940;-197,4;-940
;280158;17/01/2025;5358;I&E FOREST PANELS, S.L.;429,62;90,22;429,62
;280251;27/01/2025;5358;I&E FOREST PANELS, S.L.;1156,33;242,83;1156,33
;281058;15/04/2025;5358;I&E FOREST PANELS, S.L.;3664,92;769,63;3664,92
;281496;04/06/2025;5358;I&E FOREST PANELS, S.L.;738,99;155,19;738,99
;281558;10/06/2025;5358;I&E FOREST PANELS, S.L.;961,88;201,99;961,88
;281746;27/06/2025;5358;I&E FOREST PANELS, S.L.;780,36;163,88;780,36
;2850;20/06/2025;484;SOBIME, S.A.;718,95;150,98;718,95
;2914002860;31/01/2025;3273;FUSTES LLEIDA, S.L.;-57,45;-12,06;-57,45
;298;17/02/2025;13947;BALUE JUSTO ADVOCATS, S.L.;685;143,85;685
;3;22/01/2025;14822;BENJAMIN ABADIA MOGA;660;138,6;660
;3.084;30/01/2025;2062;DISTRIBUIDORA BOSCH HNOS.,S.A.;165,04;34,66;165,04
;3.991;06/02/2025;2062;DISTRIBUIDORA BOSCH HNOS.,S.A.;100,92;21,19;100,92
;30010160;09/04/2025;8737;OLI - SISTEMAS SANITARIOS, S.A.;942,96;198,02;942,96
;466873;15/02/2025;7079;PREFABRICADOS CASTELLBISBAL SL;815,56;171,27;815,56
;4712501600;23/06/2025;9313;ZENON BATH & SPC SURFACES S.L.;46;9,66;46
;484823;04/06/2025;9173;IRPEN, S.A.U.;519,53;109,1;519,53
;5062180225;18/02/2025;10013;BANCO SANTANDER, S.A.;10,29;2,16;10,29
;508100010;01/01/2025;10228;CLIMA-AINê, SCCL;1200;252;1200
;508100241;31/01/2025;228;CLIMA-AINê, SCCL;1;0,21;1
;508200208;10/01/2025;9524;FITTINGS ESTANDAR, SL;281,46;59,11;281,46
;5092200125;20/01/2025;10013;BANCO SANTANDER, S.A.;14,87;3,12;14,87
;520228915;11/03/2025;1928;SOLER & PALAU SIST. DE VENTILACI‡N,S.L.U;959,38;201,47;959,38
;520657915;16/05/2025;666;FISCHER IBERICA, S.A.U.;26,24;5,51;26,24
;A48713;07/01/2025;2361;BATH INNOVATIONS, S.L.U.;341,31;71,68;341,31
;A48960;03/02/2025;2361;BATH INNOVATIONS, S.L.U.;599,6;125,92;599,6
;A48977;05/02/2025;2361;BATH INNOVATIONS, S.L.U.;39;8,19;39
;A48994;07/02/2025;2361;BATH INNOVATIONS, S.L.U.;81;17,01;81
;A49085;18/02/2025;12361;BATH INNOVATIONS, S.L.;133,82;28,1;133,82
;A49117;21/02/2025;2361;BATH INNOVATIONS, S.L.U.;441,72;92,76;441,72
;A49541;11/04/2025;2361;BATH INNOVATIONS, S.L.U.;147;30,87;147
;A5/1431;21/02/2025;1645;BARBOSA, S.L.;488,16;102,51;488,16
;A5/2322;20/03/2025;1645;BARBOSA, S.L.;334,29;70,2;334,29
;A5/3956;23/05/2025;1645;BARBOSA, S.L.;359,03;75,4;359,03
;A598404042;28/01/2025;18474;TELEFONICA DE ESPA•A, S.A.;461,3;96,87;461,3
;AB-00002;30/04/2025;19466;BIGMAT STORES, SL;-6,65;-1,4;-6,65
;AB-287191;02/06/2025;5358;I&E FOREST PANELS, S.L.;-449,91;-94,48;-449,91
;AC-000002;30/04/2025;19466;BIGMAT STORES, SL;6,65;1,4;6,65
;ALPEX-2125;21/05/2025;2980;ALPEX, S.A.;45,46;9,55;45,46
;AV120260;02/01/2025;9675;ELEKTRO-3, S.C.C.L.;-405,08;-85,07;-405,08
;C4928;31/01/2025;12361;BATH INNOVATIONS, S.L.;-133,82;-28,1;-133,82
;E807660448;09/01/2025;8158;AKZO NOBEL COATINGS, S.L.;1134,16;238,17;1134,16
;E807661289;15/01/2025;8158;AKZO NOBEL COATINGS, S.L.;558,35;117,25;558,35
;E807663757;30/01/2025;8158;AKZO NOBEL COATINGS, S.L.;428,09;89,9;428,09
;E807664759;03/02/2025;8158;AKZO NOBEL COATINGS, S.L.;904,8;190,01;904,8
;E807665754;08/02/2025;8158;AKZO NOBEL COATINGS, S.L.;2295,07;481,96;2295,07
;E807673238;18/03/2025;8158;AKZO NOBEL COATINGS, S.L.;402,26;84,47;402,26
;E807686354;23/05/2025;8158;AKZO NOBEL COATINGS, S.L.;1177,25;247,22;1177,25
;EF370108;12/03/2025;16845;CAMENGO ESPA•A, S.L.;100;21;100
;EI25336376;22/05/2025;10865;BUREAU VERITAS INSPECCION Y TESTING, SLU;136,99;28,77;148,39
;F169073;30/05/2025;5920;COORDONNê, S.L.;80,96;17,01;80,96
;802138;20/05/2025;5574;BRIKTE, S.L.;995,2;208,99;995,2
;8046848;28/01/2025;16223;LYRECO ESPA•A, S.A.;-9,63;-2,02;-9,63
;8048313;13/06/2025;10143;BANCO SABADELL, S.A.;2,26;0,47;2,26
;807678287;10/04/2025;8158;AKZO NOBEL COATINGS, S.L.;428,99;90,09;428,99
;81;27/03/2025;14199;CONSTRUCCIONES V. FERNAGUEZ, S.L.;220;46,2;220
;8118119699;31/05/2025;843;GRES DE ARAGON, S.A.;37,99;7,98;37,99
;FV2250786;10/06/2025;8029;INDUSTRIAS MAS SALVADO Y SUC., S.L.;82,03;17,23;82,03
;FV25/08695;24/06/2025;50440;PRODUCTOS MCLAND S.L.;573,03;120,34;573,03
;FV25000029;15/01/2025;2580;GLS CONSORCIO DEL HORMIGON, S.L.U.;59,31;12,46;59,31
;FV25000663;15/03/2025;2580;GLS CONSORCIO DEL HORMIGON, S.L.U.;118,89;24,97;118,89
;FV25000992;15/04/2025;2580;GLS CONSORCIO DEL HORMIGON, S.L.U.;821,43;172,5;821,43
;FV2500109;09/01/2025;5576;THERMOGREEN, S.L.;1017,94;213,77;1017,94
;FV25001564;15/06/2025;2580;GLS CONSORCIO DEL HORMIGON, S.L.U.;469,35;98,56;469,35
;FV2500954;12/02/2025;5576;THERMOGREEN, S.L.;2687,22;564,32;2687,22
;FV25009881;21/03/2025;4773;GARSACO IMPORT, S.L.;125,82;26,42;125,82
;FV2501814;20/02/2025;3711;BRINOX S.A;368,69;77,42;368,69
;FV25-03726;21/03/2025;2905;OBREROL, S.A.;18,61;3,91;18,61
;FV2503804;17/06/2025;5576;THERMOGREEN, S.L.;3064,01;643,44;3064,01
;FV25-04096;04/04/2025;7690;GRIFERIAS GROBER, S.L.;120,45;25,29;120,45
;FV25-04107;07/04/2025;7690;GRIFERIAS GROBER, S.L.;231,35;48,58;231,35
;FV25-08836;27/06/2025;2905;OBREROL, S.A.;667,46;140,17;667,46
;FV25249656;12/05/2025;9206;AYERBE INDUSTRIAL DE MOTORES, S.A.;1375;288,75;1375
;FV252898;21/01/2025;5900;JUBA PERSONAL PROTECT. EQUIP.. S.L.;281,13;59,04;281,13
;FV253582;24/01/2025;5900;JUBA PERSONAL PROTECT. EQUIP.. S.L.;221,55;46,53;221,55
;2025-444;31/03/2025;2823;VIDRES LA NOGUERA S.L.;28,77;6,04;28,77
;2025754556;30/04/2025;502;ELEKTRA CATALUNYA XXI SL;283,59;59,55;283,59
;2080426938;31/01/2025;809;FRANKE ESPA•A, S.A.U.;256,2;53,8;256,2
;2080443466;15/05/2025;809;FRANKE ESPA•A, S.A.U.;463;97,24;463
;2090056405;29/04/2025;809;FRANKE ESPA•A, S.A.U.;-7,5;-1,58;-7,5
;2360930590;05/02/2025;8247;VELUX SPAIN, S.A.;545,86;114,63;545,86
;2360931136;10/02/2025;8247;VELUX SPAIN, S.A.;1732,07;363,73;1732,07
;2360931579;13/02/2025;8247;VELUX SPAIN, S.A.;80,45;16,89;80,45
;2360935142;20/03/2025;8247;VELUX SPAIN, S.A.;2527,65;530,81;2527,65
;2360938556;29/04/2025;8247;VELUX SPAIN, S.A.;3993,98;838,74;3993,98
;2360940339;15/05/2025;8247;VELUX SPAIN, S.A.;7,23;1,52;7,23
;2360940340;15/05/2025;8247;VELUX SPAIN, S.A.;3025,74;635,4;3025,74
;2360940596;16/05/2025;8247;VELUX SPAIN, S.A.;15635,53;3283,46;15635,53
;2360943469;09/06/2025;8247;VELUX SPAIN, S.A.;12676,49;2662,07;12676,49
;2360944107;13/06/2025;8247;VELUX SPAIN, S.A.;9046,91;1899,85;9046,91
;238995;04/03/2025;13065;ESTOLI, S.A.;-2,86;-0,6;-2,86
;3025000923;20/01/2025;7987;PLADUR GYPSUM, S.A.U.;14933,35;3136;14933,35
;3025002618;13/02/2025;7987;PLADUR GYPSUM, S.A.U.;10726,87;2252,64;10726,87
;3025003442;26/02/2025;7987;PLADUR GYPSUM, S.A.U.;7819,38;1642,07;7819,38
;3025008997;30/05/2025;7987;PLADUR GYPSUM, S.A.U.;8385,08;1760,87;8385,08
;3025103066;23/01/2025;7191;AC MARCA ADHESIVES, SAU;572,7;120,27;572,7
;3025106572;10/02/2025;7191;AC MARCA ADHESIVES, SAU;46,13;9,69;46,13
;3025110923;04/03/2025;7191;AC MARCA ADHESIVES, SAU;1377,47;289,27;1377,47
;3025119995;25/04/2025;7191;AC MARCA ADHESIVES, SAU;229,72;48,24;229,72
;3086546;20/01/2025;533;ADI HOGAR Y HOSTELERIA IBERIA, S.L.;432,52;90,83;432,52
;3125103573;15/05/2025;910;IRSAP-RHOSS CLIMA INTEGRAL, S.L.;97,55;20,49;97,55
;3125104175;31/05/2025;910;IRSAP-RHOSS CLIMA INTEGRAL, S.L.;294,66;61,88;294,66
;31641327;27/03/2025;5952;MOREDA RIVIERE TREFILERIAS, S.A.;119,85;25,17;119,85
;31641951;13/05/2025;5952;MOREDA RIVIERE TREFILERIAS, S.A.;364,14;76,47;364,14
;3250207;27/05/2025;7906;SUCESORES DE FALIP NAVARRO, S.A;877,25;184,22;877,25
;33/60151;08/01/2025;7774;PACAL SHOES, S.L.U.;89,68;18,83;89,68
;33/67234;20/05/2025;7774;PACAL SHOES, S.L.U.;1582,08;332,24;1582,08
;3348;28/04/2025;6499;LMT SUELOS TECNICOS, S.L.;2180,5;457,91;2180,5
;3374159;14/04/2025;8158;AKZO NOBEL COATINGS, S.L.;2322,94;487,82;2322,94
;3425100972;14/03/2025;2737;PORCELANOSA BATIMAT, S.A.U.;3950,08;829,52;3950,08
;3425101666;25/04/2025;2737;PORCELANOSA BATIMAT, S.A.;116,09;24,38;116,09
;3453;17/06/2025;2747;SAURMIDECOR S.L;1304,2;273,88;1304,2
;3600981850;31/01/2025;2842;SIKA , S.A.U.;808,59;169,8;808,59
;3601025926;30/05/2025;2842;SIKA , S.A.U.;2124,54;446,15;2124,54
;3601031768;13/06/2025;2842;SIKA , S.A.U.;933,6;196,06;933,6
;5603;31/01/2025;6139;SALTOKI LLEIDA, S.A.;122,76;25,78;122,76
;598403902;28/04/2025;18474;TELEFONICA DE ESPA•A, S.A.;399,54;83,9;399,54
;6.661;27/02/2025;2062;DISTRIBUIDORA BOSCH HNOS.,S.A.;92,56;19,44;92,56
;625;18/03/2025;13947;BALUE JUSTO ADVOCATS, S.L.;750;157,5;750
;6500261084;23/04/2025;2804;URSA IBERICA AISLANTES, S.A.;9965,81;2092,82;9965,81
;6820343876;10/03/2025;4862;ROTHENBERGER, S.A.;244,62;51,37;244,62
;9500371702;14/01/2025;9619;SIMON BRICO S.L;216,07;45,37;216,07
;9500374960;03/03/2025;9619;SIMON BRICO S.L;179,25;37,64;179,25
;9500374961;03/03/2025;9619;SIMON BRICO S.L;1858,99;390,39;1858,99
;9500378553;23/04/2025;9619;SIMON BRICO S.L;45,25;9,5;45,25
;9500379429;07/05/2025;9619;SIMON BRICO S.L;509,5;107;509,5
;9500382352;12/06/2025;9619;SIMON BRICO S.L;460,5;96,71;460,5
;95-2025/81;09/01/2025;1681;FC INTERIORS, SRL;1327;278,67;1327
;9810124603;27/02/2025;5419;CUPA STONE IBERIA, S.L.;726,97;152,66;726,97
;9810127491;16/04/2025;5419;CUPA STONE IBERIA, S.L.;60,38;12,68;60,38
;9816610865;11/03/2025;990;STANLEY BLACK & DECKER IBERICA SLU;241,82;50,78;241,82
;9900499643;20/01/2025;5890;TRES COMERCIAL, S.L.;53,76;11,29;53,76
;9900519758;03/06/2025;5890;TRES COMERCIAL, S.L.;329,28;69,15;329,28
;9900521552;16/06/2025;5890;TRES COMERCIAL, S.L.;141,12;29,64;141,12
;9900521791;17/06/2025;5890;TRES COMERCIAL, S.L.;265,92;55,84;265,92
;9900522183;19/06/2025;5890;TRES COMERCIAL, S.L.;216;45,36;216
;9900522362;20/06/2025;5890;TRES COMERCIAL, S.L.;164,16;34,47;164,16
;A/106;04/02/2025;14293;VIELHA COMPUTER,SCP;119,83;25,16;119,83
;A/216;04/03/2025;14293;VIELHA COMPUTER,SCP;119,83;25,16;119,83
;A/277;04/04/2025;14293;VIELHA COMPUTER,SCP;119,83;25,16;119,83
;A/344;10/05/2025;17460;VIELHA COMPUTER, SL;90;18,9;90
;A/357;26/05/2025;14293;VIELHA COMPUTER,SCP;15,7;3,3;15,7
;A/3920;09/06/2025;1060;NATUCER, S.L.;373,73;78,48;373,73
;A/64;30/01/2025;3972;CALOR NATURAL ARAN, SL;596,64;125,29;596,64
;A/87;30/03/2025;7671;FRANCISCO JAVIER SANTIAGO PEREZ;3208;673,68;3208
;A000218332;28/02/2025;17970;SOLRED, S.A.;2447,45;513,96;2447,45
;A000599066;31/05/2025;17970;SOLRED, S.A.;1817,71;381,71;1817,71
;A00301;30/05/2025;20189;COMERCIAL ILERDA DE AUTOMOCION;113,43;23,82;113,43
;A21/12309;30/01/2025;6509;CHAMA, LDA;975,73;204,9;975,73
;A21/13095;15/04/2025;6509;CHAMA, LDA;789,07;165,7;789,07
;A25/344;10/05/2025;14293;VIELHA COMPUTER,SCP;90;18,9;90
;A250.748;12/03/2025;17809;VALE Y TINO S.L.;63;13,23;63
;A25000038;29/04/2025;8737;OLI - SISTEMAS SANITARIOS, S.A.;-494,1;-103,76;-494,1
;A-25003848;12/03/2025;5970;TECNONOLOGIA DE AISLAM. Y CLIMAT., S.L.;247,27;51,93;247,27
;FV456298;07/03/2025;368;ARREGUI BUZONES Y SISTEMAS DE SEGURIDAD;84,25;17,69;84,25
;FV459311;04/04/2025;368;ARREGUI BUZONES Y SISTEMAS DE SEGURIDAD;290,18;60,94;290,18
;FVD-003128;28/02/2025;6230;LOFES 90, S.L.;-5466,95;-1148,06;-5466,95
;G250012658;17/03/2025;2748;GME DIVISION DE BA•OS SL;271,94;57,11;271,94
;L25000041;17/01/2025;5082;DELTA COCINAS, S.L.;6482,2;1361,26;6482,2
;L25001108;04/04/2025;5082;DELTA COCINAS, S.L.;221,48;46,51;221,48
;M1554;31/05/2025;9452;ARENES BELLPUIG, S.L.;387,38;81,35;387,38
;MA25014303;31/05/2025;193;AD MASANES, S.A.;84,34;17,71;84,34
;N015172827;01/04/2025;18077;ENDESA ENERGIA, SA;190,11;39,92;190,11
;N022465964;10/05/2025;18077;ENDESA ENERGIA, SA;1987,53;417,38;1987,53
;NA5.114;30/04/2025;1173;MANILLONS TORRENT SL;12,04;2,53;12,04
;NC00051701;27/03/2025;18077;ENDESA ENERGIA, SA;10,66;2,24;10,66
;NC00073895;23/06/2025;18077;ENDESA ENERGIA, SA;13,39;2,81;13,39
;NC00075182;04/06/2025;18077;ENDESA ENERGIA, SA;9,95;2,09;9,95
;ORDEN-14;21/05/2025;2980;ALPEX, S.A.;93,49;19,63;93,49
;1834140125;14/01/2025;10013;BANCO SANTANDER, S.A.;-320,89;;-319,39
;2500092142;14/03/2025;11444;APPLUS ITEUVE TECHNOLOGY, S.L.;4,18;;56,59
;2500092143;14/03/2025;11444;APPLUS ITEUVE TECHNOLOGY, S.L.;4,18;;38,27
;EI25336376;22/05/2025;10865;BUREAU VERITAS INSPECCION Y TESTING, SLU;11,4;;148,39
;SA23;20/06/2025;11927;GABRIEL CHELARU;2321,99;;2321,99
;0/25000682;31/03/2025;214;CERAMICA FUSTE, S.A.;-1116;-234,36;-1116
;0/5141;25/05/2025;4518;FUNDICION DUCTIL FABREGAS,S.A.;711,31;149,38;711,31
;0/6383;25/06/2025;4518;FUNDICION DUCTIL FABREGAS,S.A.;512,9;107,71;512,9
;0/977;31/01/2025;4518;FUNDICION DUCTIL FABREGAS,S.A.;1122,9;235,81;1122,9
;131;19/06/2025;11030;ELECTRICITAT R. GIRON, S.L.;59,16;12,42;59,16
;4724;17/04/2025;1913;BARIPERFIL, S.L.;429;90,09;429
;22102793;13/06/2025;6065;MONTANA COLORS, S.L.;179,08;37,61;179,08
;2211801;15/04/2025;15693;DELTA PLUS SAS;330,5;69,41;330,5
;2216673;15/05/2025;15693;DELTA PLUS SAS;612;128,52;612
;1541030504;31/01/2025;800;HOLCIM ESPA•A, S.A.U.;-429;-90,09;-429
;1541031233;30/03/2025;800;HOLCIM ESPA•A, S.A.U.;-14;-2,94;-14
;1541032256;20/05/2025;800;HOLCIM ESPA•A, S.A.U.;-429;-90,09;-429
;1544015494;20/05/2025;800;HOLCIM ESPA•A, S.A.U.;-208;-43,68;-208
;157008/;10/03/2025;9030;SOBOPLAC;1388,97;291,68;1388,97
;160190625;19/06/2025;10013;BANCO SANTANDER, S.A.;11,29;2,37;11,29
;16228913;09/01/2025;14708;BIGMAT LOGISTICA, S.A.;0,17;0,04;0,17
;16229932;07/05/2025;14708;BIGMAT LOGISTICA, S.A.;0,39;0,08;0,39
;2010124770;02/04/2025;5427;CUPA PIZARRAS S.A;10464,54;2197,55;10464,54
;2010125434;09/05/2025;5427;CUPA PIZARRAS S.A;9055,08;1901,57;9055,08
;23/455275;13/05/2025;6623;TUCAI, S.A.;1129,88;237,27;1129,88
;23/456006;20/05/2025;6623;TUCAI, S.A.;37,18;7,81;37,18
;23/459141;20/06/2025;6623;TUCAI, S.A.;1280,76;268,96;1280,76
;371;24/03/2025;6903;CASA CARACOL, SL;556,57;116,88;556,57
;373;18/02/2025;13947;BALUE JUSTO ADVOCATS, S.L.;110;23,1;110
;4.888;13/02/2025;2062;DISTRIBUIDORA BOSCH HNOS.,S.A.;342,18;71,86;342,18
;411381;13/01/2025;8184;ALYCO TOOLS, SA;90,24;18,95;90,24
;412054;31/03/2025;3013;PUJOL ELEMENTS, S.A.;262,79;55,19;262,79
;415102;10/02/2025;8184;ALYCO TOOLS, SA;104,97;22,04;104,97
;416711;21/02/2025;8184;ALYCO TOOLS, SA;137,23;28,82;137,23
;417481;26/02/2025;8184;ALYCO TOOLS, SA;166,23;34,91;166,23
;418602;07/03/2025;8184;ALYCO TOOLS, SA;118,35;24,85;118,35
;420504;24/03/2025;8184;ALYCO TOOLS, SA;101,75;21,37;101,75
;421970;31/03/2025;8184;ALYCO TOOLS, SA;136,94;28,76;136,94
;423464;14/04/2025;8184;ALYCO TOOLS, SA;128,4;26,96;128,4
;424396;25/04/2025;8184;ALYCO TOOLS, SA;117,88;24,75;117,88
;4250002113;09/04/2025;525;AMILIBIA Y DE LA IGLESIA,S.A.;-349,93;-73,49;-349,93
;4250002757;02/06/2025;525;AMILIBIA Y DE LA IGLESIA,S.A.;-90,44;-18,99;-90,44
;426269;13/05/2025;8184;ALYCO TOOLS, SA;126,26;26,51;126,26
;428542;28/05/2025;8184;ALYCO TOOLS, SA;95,8;20,12;95,8
;431917;25/06/2025;8184;ALYCO TOOLS, SA;164,35;34,51;164,35
;4461002025;30/05/2025;2096;POLIMARK, SRL;1248,16;262,11;1248,16
;447757;21/02/2025;6623;TUCAI, S.A.;262,17;55,06;262,17
;836621ZIN1;20/05/2025;1269;CEMEX ESPA•A OPERACIONES, S.L.U.;-1352;-283,92;-1352
;85986251;04/03/2025;666;FISCHER IBERICA, S.A.U.;586,26;123,11;586,26
;8621;15/04/2025;14696;ROMINSTAL SEGRIA, S.L.;161,51;33,92;161,51
;881707;13/01/2025;6169;REFREL, S.L.;23,21;4,87;23,21
;887971;06/03/2025;6169;REFREL, S.L.;94,4;19,82;94,4
;891544;07/04/2025;6169;REFREL, S.L.;229,03;48,1;229,03
;898322;05/06/2025;6169;REFREL, S.L.;411,38;86,39;411,38
;9010287528;23/01/2025;7579;ALIAXIS IBERIA, S.A.U.;52,91;11,11;52,91
;9010306347;12/05/2025;7579;ALIAXIS IBERIA, S.A.U.;159,98;33,6;159,98
;9010309071;27/05/2025;7579;ALIAXIS IBERIA, S.A.U.;95,38;20,03;95,38
;90151528;15/04/2025;1771;PANELES DECORATIVOS PANELPIEDRA, S.L.;428,92;90,07;428,92
;9151971467;14/01/2025;8890;COMERCIAL DE LAMINADOS, S.A.;980,23;205,85;980,23
;9151981744;06/02/2025;8890;COMERCIAL DE LAMINADOS, S.A.;3420,03;718,21;3420,03
;9151984197;12/02/2025;8890;COMERCIAL DE LAMINADOS, S.A.;6573,18;1380,36;6573,18
;9151995939;11/03/2025;8890;COMERCIAL DE LAMINADOS, S.A.;200,45;42,09;200,45
;9151999362;18/03/2025;8890;COMERCIAL DE LAMINADOS, S.A.;6601,41;1386,3;6601,41
;9152003275;27/03/2025;8890;COMERCIAL DE LAMINADOS, S.A.;72;15,12;72
;9152028378;27/05/2025;8890;COMERCIAL DE LAMINADOS, S.A.;1487,81;312,44;1487,81
;A-25019944;01/03/2025;18410;E-PORTS AMPLE DE BANDA I INTERNET, SL;94,88;19,92;94,88
;A25-026;30/05/2025;14659;RAIMUNDO DIGON SANTIN;4000;840;4000
;A-25027173;01/04/2025;18410;E-PORTS AMPLE DE BANDA I INTERNET, SL;94,88;19,92;94,88
;A250300142;25/03/2025;1235;COMERCIAL SANYC CES, S.L.;-55,55;-11,67;-55,55
;A251.118;10/04/2025;17809;VALE Y TINO S.L.;318,1;66,8;318,1
;A251.952;20/03/2025;4402;INDUSTRIAL BLANSOL, SA;436,79;91,73;436,79
;A251416299;22/05/2025;264;DIADORA SPORT, S.R.L.;-401,25;-84,26;-401,25
;A254.053;17/06/2025;4402;INDUSTRIAL BLANSOL, SA;397,2;83,41;397,2
;A25F001019;15/05/2025;20191;VALLSFUSTA, S.A.;-1766,34;-370,93;-1766,34
;PE25001616;07/02/2025;6717;COMERCIAL OJA, SLU;315;66,15;315
;PE25001774;11/02/2025;6717;COMERCIAL OJA, SLU;152,62;32,05;152,62
;PE25002744;28/02/2025;6717;COMERCIAL OJA, SLU;1410,8;296,27;1410,8
;PE25002765;28/02/2025;6717;COMERCIAL OJA, SLU;257,23;54,02;257,23
;PE25003821;25/03/2025;6717;COMERCIAL OJA, SLU;258,66;54,32;258,66
;PE25004462;04/04/2025;6717;COMERCIAL OJA, SLU;669,67;140,63;669,67
;PE25005115;23/04/2025;6717;COMERCIAL OJA, SLU;959,31;201,46;959,31
;PE25005458;29/04/2025;6717;COMERCIAL OJA, SLU;280,01;58,8;280,01
;PE25006897;28/05/2025;6717;COMERCIAL OJA, SLU;240,15;50,43;240,15
;PE25007041;30/05/2025;6717;COMERCIAL OJA, SLU;240,15;50,43;240,15
;PE25008415;24/06/2025;6717;COMERCIAL OJA, SLU;120,01;25,2;120,01
;PJ25001010;15/05/2025;5542;PANOTS JIMENEZ, S.L.;157,24;33,02;157,24
;R/2500024;14/01/2025;8438;DINAK, S.A.;1514,14;317,97;1514,14
;R/2500375;22/05/2025;8438;DINAK, S.A.;629,28;132,15;629,28
;VN/2501624;30/04/2025;5286;NULACVI S.L;28,22;5,93;28,22
;ZA-2502002;30/04/2025;5036;IMER DISTRIBUCION DE MAQUINARIA, S.A.;71,11;14,93;71,11
;ZA-2502632;30/05/2025;5036;IMER DISTRIBUCION DE MAQUINARIA, S.A.;252;52,92;252
;ZA-2502925;18/06/2025;5036;IMER DISTRIBUCION DE MAQUINARIA, S.A.;91,3;19,17;91,3
;15532207;19/03/2025;18189;RENFE VIAJEROS S.M.E, SA;34,09;3,41;34,09
;15652471;11/04/2025;18189;RENFE VIAJEROS S.M.E, SA;40,91;4,09;40,91
;15652473;11/04/2025;18189;RENFE VIAJEROS S.M.E, SA;40,91;4,09;40,91
;15652474;11/04/2025;18189;RENFE VIAJEROS S.M.E, SA;40,91;4,09;40,91
;15652522;11/04/2025;18189;RENFE VIAJEROS S.M.E, SA;40,91;4,09;40,91
;15652525;11/04/2025;18189;RENFE VIAJEROS S.M.E, SA;40,91;4,09;40,91
;24-022615;02/01/2025;841;SOC.ANON.SERVEI I COMERÄ ELECTRODOMESTIC;59,25;5,93;2190,38
;DEISH25060;01/04/2025;10011;CONSELH GENERAU D'ARAN;40,5;4,05;40,5
;DEISH25170;02/06/2025;10011;CONSELH GENERAU D'ARAN;26,98;2,7;26,98
;HBST254992;08/04/2025;10597;HOTEL BED4U SANTANDER;61,82;6,18;61,82
;N2651;04/06/2025;13870;BERGE SOLE, M? Antonia;354,58;35,46;354,58
;9152030022;30/05/2025;8890;COMERCIAL DE LAMINADOS, S.A.;181,3;38,07;181,3
;9152033500;06/06/2025;8890;COMERCIAL DE LAMINADOS, S.A.;10036,7;2107,71;10036,7
;9300662275;06/02/2025;7392;ROCA SANITARIO, S.A.;1528,43;320,97;1528,43
;9300662768;07/02/2025;7392;ROCA SANITARIO, S.A.;838,33;176,05;838,33
;9300663998;12/02/2025;7392;ROCA SANITARIO, S.A.;677,28;142,23;677,28
;9300664766;14/02/2025;7392;ROCA SANITARIO, S.A.;83,35;17,5;83,35
;9300668336;27/02/2025;7392;ROCA SANITARIO, S.A.;17,51;3,68;17,51
;9300668771;28/02/2025;7392;ROCA SANITARIO, S.A.;1721,24;361,46;1721,24
;9300671927;12/03/2025;7392;ROCA SANITARIO, S.A.;683,84;143,61;683,84
;9300673136;17/03/2025;7392;ROCA SANITARIO, S.A.;134,46;28,24;134,46
;9300674923;21/03/2025;7392;ROCA SANITARIO, S.A.;72,29;15,18;72,29
;9300676551;27/03/2025;7392;ROCA SANITARIO, S.A.;854,73;179,49;854,73
;9300679659;08/04/2025;7392;ROCA SANITARIO, S.A.;108,14;22,71;108,14
;9300680010;09/04/2025;7392;ROCA SANITARIO, S.A.;618,28;129,84;618,28
;9300684184;29/04/2025;7392;ROCA SANITARIO, S.A.;1066,95;224,06;1066,95
;9300685275;06/05/2025;7392;ROCA SANITARIO, S.A.;58,86;12,36;58,86
;9300686111;08/05/2025;7392;ROCA SANITARIO, S.A.;507,21;106,51;507,21
;9300687021;12/05/2025;7392;ROCA SANITARIO, S.A.;1167,5;245,18;1167,5
;9300690722;23/05/2025;7392;ROCA SANITARIO, S.A.;408,83;85,85;408,83
;9300692980;02/06/2025;7392;ROCA SANITARIO, S.A.;492,75;103,48;492,75
;9300694147;06/06/2025;7392;ROCA SANITARIO, S.A.;164,22;34,49;164,22
;9300694761;09/06/2025;7392;ROCA SANITARIO, S.A.;48,54;10,19;48,54
;93558863;20/01/2025;4531;WOLFCRAFT GMBH;318,34;66,85;318,34
;95/2025/81;09/01/2025;2767;CHEHOMA ATELIER D'AMBIANCES, S.A.;1327;278,67;1327
;F25/20878;17/02/2025;9675;ELEKTRO-3, S.C.C.L.;196,49;41,26;196,49
;F25/4079;14/01/2025;9675;ELEKTRO-3, S.C.C.L.;327,07;68,68;327,07
;F25/77333;11/06/2025;9675;ELEKTRO-3, S.C.C.L.;222,87;46,8;222,87
;F250215634;28/02/2025;19120;CORREOS EXPRES PAQUETER÷A URGENTE, S.A.;137,07;28,78;137,07
;F250314997;31/03/2025;19120;CORREOS EXPRES PAQUETER÷A URGENTE, S.A.;24,33;5,11;24,33
;F250414566;30/04/2025;19120;CORREOS EXPRES PAQUETER÷A URGENTE, S.A.;199,98;42;199,98
;F250514983;31/05/2025;19120;CORREOS EXPRES PAQUETER÷A URGENTE, S.A.;59,52;12,5;59,52
;F2506639;07/04/2025;4716;PRODUCTOS FLOWER S.A.;722,6;151,75;722,6
;F2508038;06/05/2025;4716;PRODUCTOS FLOWER S.A.;508,03;106,69;700,39
;F2510633;16/06/2025;4716;PRODUCTOS FLOWER S.A.;1479,43;310,68;1479,43
;F251112;10/01/2025;13992;FUTURELITE, S.L.;49,8;10,46;49,8
;F5/100;02/06/2025;1645;BARBOSA, S.L.;-7,3;-1,53;-7,3
;F5M0001405;01/06/2025;13125;TELEFONICA MOVILES ESPA•A, S.A.;328,39;68,96;328,39
;FA-0002708;31/05/2025;13084;INTER LLEIDA TRANS, S.A.;67,18;14,11;67,18
;FA25002211;30/04/2025;5453;BRUC JARDI, S.L.U.;120,4;25,28;120,4
;FA25250464;15/02/2025;1931;JUAN CORTES S.L;204,94;43,04;204,94
;FA25251375;15/05/2025;1931;JUAN CORTES S.L;2433,1;510,95;2433,1
;FAA250970;10/06/2025;1200;FABRICACI‡N ESPA•OLA SANITARIA, S.A.;36,06;7,57;36,06
;FANR-2905;29/01/2025;6765;VISOBATH, SL;151,8;31,88;151,8
;FC250667;24/03/2025;9200;AUBRY GASPARD;1506,32;316,33;1506,32
;FCAR361237;15/06/2025;5186;ELECTRO-TARR 2017, S.L.;274,26;57,59;274,26
;FCR2500044;16/01/2025;6550;DECOPINTURES LLEIDA, SL;98,39;20,66;98,39
;FN25006375;22/04/2025;6065;MONTANA COLORS, S.L.;213,4;44,81;213,4
;FR25000317;28/02/2025;6717;COMERCIAL OJA, SLU;-257,23;-54,02;-257,23
;FTF-13085;28/02/2025;9355;AGHASA TURIS, S.A.;1435,54;301,46;1435,54
;FTF-19106;15/06/2025;9355;AGHASA TURIS, S.A.;478,41;100,47;478,41
;FV/142025;03/03/2025;15098;CAROLINA JUANES GINER, SL;1188,98;249,69;1188,98
;F-V/17961;31/01/2025;9077;RETAMERO ELECTROTALLER, SLU;135,9;28,54;135,9
;F-V/20479;30/03/2025;20184;APARELECT - REVALCO;5887,91;1236,46;5887,91
;F-V/216605;17/02/2025;5959;LUZ NEGRA, S.L;1007,82;211,64;1007,82
;FV-038953;15/03/2025;6230;LOFES 90, S.L.;1452,61;305,05;1452,61
;FV-040654;05/05/2025;6230;LOFES 90, S.L.;369,34;77,56;369,34
;FV-041422;31/05/2025;6230;LOFES 90, S.L.;323,3;67,89;323,3
;FV172;15/02/2025;6364;VIGAS COSME, S.L.;1111,82;233,48;1111,82
;1.322;16/01/2025;12062;DISTRIBUIDORA BOSCH HNOS.,S.A.;102,9;21,61;102,9
;1/00656;31/03/2025;9679;CERAMICA LA COMA, S.A.;-507,3;-106,53;-507,3
;1/01055;15/05/2025;9679;CERAMICA LA COMA, S.A.;4237,83;889,94;4237,83
;1/01316;15/06/2025;9679;CERAMICA LA COMA, S.A.;2810,6;590,23;2810,6
;1/260;05/06/2025;9644;IMPREGNACION DE MADERAS, S.A.;632,9;132,91;632,9
;1003312;13/03/2025;17962;SANTOS MORILLAS, S.L.;3651,16;766,74;3651,16
;1010087021;17/01/2025;9753;ABSARA INDUSTRIAL, S.L.;203,04;42,64;203,04
;1010088896;18/03/2025;9753;ABSARA INDUSTRIAL, S.L.;160,92;33,79;160,92
;1010091584;18/06/2025;9753;ABSARA INDUSTRIAL, S.L.U.;831,6;174,64;831,6
;1020187794;24/03/2025;4862;ROTHENBERGER, S.A.;275,1;57,77;275,1
;103226/25;18/02/2025;3950;PERIS Y CIA, S.A.;1877,53;394,28;1877,53
;10556;05/06/2025;5330;BRONPI CALEFACCION, S.L.;17,6;3,7;17,6
;1070100889;31/01/2025;3633;CERAMICAS GALA, S.A.;544,86;114,42;544,86
;110305038;12/03/2025;6298;EGLO ESPANA ILUMINACION, S.L.;469,61;98,62;469,61
;1109;28/02/2025;2747;SAURMIDECOR S.L;66,69;14;66,69
;1633185072;20/02/2025;800;HOLCIM ESPA•A, S.A.U.;4648,8;976,25;4648,8
;1633190398;30/04/2025;800;HOLCIM ESPA•A, S.A.U.;2860,8;600,77;2860,8
;1633193706;10/06/2025;800;HOLCIM ESPA•A, S.A.U.;3397,2;713,41;3397,2
;17012336;17/04/2025;721;ARISTON THERMO ESPA•A, S.L.U.;320,26;67,25;320,26
;17267311;01/01/2025;17473;LEASE PLAN SERVICIOS, SA;492,86;103,5;492,86
;2025/00131;28/02/2025;13326;TRANSPORTS GIRON PALACIN,S.L.;7525,32;1580,32;7525,32
;2025/00236;30/04/2025;13326;TRANSPORTS GIRON PALACIN,S.L.;7185,36;1508,93;7185,36
;2025/15;01/04/2025;15970;RIBERA BADIA, Alberto;1500;315;1500
;2025/A/12;01/02/2025;15595;GUM TV SLU;180;37,8;180
;2025000038;29/04/2025;7322;OLI SISTEMAS SANITARIOS ESPA•A, SLU;494,1;103,76;494,1
;2025001908;06/06/2025;2007;EDILKAMIN IBERICA, S.L.;1380,6;289,93;1380,6
;2025005986;05/02/2025;5808;LOREFAR S.L;271,34;56,98;271,34
;2025006429;31/01/2025;491;TECNICAS EXPANSIVAS,S.L.;194,66;40,88;194,66
;2025008803;12/02/2025;4037;PROFILTEK SPAIN, S.L.;205,34;43,12;205,34
;2025014028;19/03/2025;5808;LOREFAR S.L;90,5;19,01;90,5
;2025022456;10/04/2025;491;TECNICAS EXPANSIVAS,S.L.;885,44;185,94;885,44
;2025033305;30/05/2025;491;TECNICAS EXPANSIVAS,S.L.;567,65;119,21;567,65
;2025-04;11/01/2025;11540;MAYALS MARB∑, Josep Ramon;120;25,2;120
;20250422;31/05/2025;9833;CLIMARAN INSTALACIONES, S.L.;231;48,51;231
;202505151;15/06/2025;8463;L'ISOLANTE K-FLEX ESPA•A, SA;752,69;158,06;752,69
;202506660;15/05/2025;1530;GRUPO EMP. DAKOTA PENINSULA IBERICA SLU;313,25;65,78;313,25
;2025126966;28/02/2025;502;ELEKTRA CATALUNYA XXI SL;-189,73;-39,84;-189,73
;2025233563;31/03/2025;2315;EQUIPE CERAMICAS, S.L.;109,3;22,95;109,3
;2025236564;16/06/2025;2315;EQUIPE CERAMICAS, S.L.;151,6;31,84;151,6
;2025741134;17/01/2025;502;ELEKTRA CATALUNYA XXI SL;601,31;126,28;601,31
;2025741624;31/01/2025;502;ELEKTRA CATALUNYA XXI SL;1733,32;364;1733,32
;2025744030;15/02/2025;502;ELEKTRA CATALUNYA XXI SL;2218,38;465,86;2218,38
;2025755978;15/05/2025;502;ELEKTRA CATALUNYA XXI SL;235,88;49,53;235,88
;2025759859;15/06/2025;502;ELEKTRA CATALUNYA XXI SL;413,02;86,73;413,02
;2080441264;30/04/2025;809;FRANKE ESPA•A, S.A.U.;6,6;1,39;6,6
;2080446096;30/05/2025;809;FRANKE ESPA•A, S.A.U.;769,3;161,55;769,3
;2360928601;14/01/2025;8247;VELUX SPAIN, S.A.;1965,2;412,69;1965,2
;2360932485;21/02/2025;8247;VELUX SPAIN, S.A.;57,49;12,07;57,49
;2360933344;03/03/2025;8247;VELUX SPAIN, S.A.;2692,3;565,38;2692,3
;2360933494;04/03/2025;8247;VELUX SPAIN, S.A.;3271,11;686,93;3271,11
;2360937396;11/04/2025;8247;VELUX SPAIN, S.A.;166,46;34,96;166,46
;2360939512;07/05/2025;8247;VELUX SPAIN, S.A.;154,94;32,54;154,94
;2360940017;12/05/2025;8247;VELUX SPAIN, S.A.;2423,79;509;2423,79
;2360941661;27/05/2025;8247;VELUX SPAIN, S.A.;40,42;8,49;40,42
;2360945986;25/06/2025;8247;VELUX SPAIN, S.A.;763,3;160,29;763,3
;239469;28/03/2025;3065;ESTOLI, S.A.;61,32;12,88;61,32
;23RD/6776;31/01/2025;16623;TUCAI, S.A.;-139,5;-29,3;-139,5
;3025000483;13/01/2025;7987;PLADUR GYPSUM, S.A.U.;3003,26;630,68;3003,26
;3025005974;08/04/2025;7987;PLADUR GYPSUM, S.A.U.;10667,25;2240,12;10667,25
;3025007050;29/04/2025;7987;PLADUR GYPSUM, S.A.U.;11682,51;2453,33;11682,51
;3025008769;27/05/2025;7987;PLADUR GYPSUM, S.A.U.;2942,37;617,9;2942,37
;3025107283;13/02/2025;7191;AC MARCA ADHESIVES, SAU;23,07;4,84;23,07
;3025107715;17/02/2025;7191;AC MARCA ADHESIVES, SAU;6726,44;1412,55;6726,44
;3025118263;14/04/2025;7191;AC MARCA ADHESIVES, SAU;391,68;82,25;391,68
;3025120812;30/04/2025;7191;AC MARCA ADHESIVES, SAU;624,6;131,17;624,6
;3025126487;29/05/2025;7191;AC MARCA ADHESIVES, SAU;253,72;53,28;253,72
;3109346;09/05/2025;533;ADI HOGAR Y HOSTELERIA IBERIA, S.L.;258,76;54,34;258,76
;3110038427;09/01/2025;5547;WENKO HISPANIA,S.L.;1037,63;217,9;1037,63
;3110048332;06/06/2025;5547;WENKO HISPANIA,S.L.;489,27;102,75;489,27
;3125103660;15/05/2025;910;IRSAP-RHOSS CLIMA INTEGRAL, S.L.;9,79;2,06;9,79
;3125103796;15/05/2025;910;IRSAP-RHOSS CLIMA INTEGRAL, S.L.;441;92,61;441
;327000160;22/01/2025;17392;ROCA SANITARIO, S.A.;-8300,19;-1743,04;-8300,19
;33/61825;07/02/2025;7774;PACAL SHOES, S.L.U.;432,1;90,74;432,1
;33/65401;09/04/2025;7774;PACAL SHOES, S.L.U.;454,55;95,46;454,55
;3320472788;19/03/2025;1518;SAINT GOBAIN PLACO IBERICA, S.A.;3510,56;737,22;3510,56
;3425100206;24/01/2025;2737;PORCELANOSA BATIMAT, S.A.U.;1237,86;259,95;1237,86
;3425100869;07/03/2025;2737;PORCELANOSA BATIMAT, S.A.U.;64,14;13,47;64,14
;3425101080;21/03/2025;2737;PORCELANOSA BATIMAT, S.A.U.;144,77;30,4;144,77
;3425102007;16/05/2025;2737;PORCELANOSA BATIMAT, S.A.;8706,4;1828,34;8706,4
;3425102374;06/06/2025;2737;PORCELANOSA BATIMAT, S.A.;7216,59;1515,48;7216,59
;3425102375;06/06/2025;2737;PORCELANOSA BATIMAT, S.A.;756,97;158,96;756,97
;3600986895;14/02/2025;2842;SIKA , S.A.U.;874,71;183,69;874,71
;3640043165;31/03/2025;12842;SIKA , S.A.U.;-366,84;-77,04;-366,84
;563637659;25/02/2025;10013;BANCO SANTANDER, S.A.;55,2;11,59;55,2
;6000000156;23/05/2025;12412;MOLDCOM COMPOSITES, S.L.;-25,5;-5,36;-25,5
;64;19/02/2025;6277;MARMOLES ROYES, S.C.;2302;483,42;2302
;6500259743;27/02/2025;2804;URSA IBERICA AISLANTES, S.A.;4450,8;934,67;4450,8
;6500260110;13/03/2025;2804;URSA IBERICA AISLANTES, S.A.;6598,87;1385,76;6598,87
;6750008849;29/01/2025;10013;BANCO SANTANDER, S.A.;144,24;30,29;144,24
;9500374005;17/02/2025;9619;SIMON BRICO S.L;575,38;120,83;575,38
;9500378414;22/04/2025;9619;SIMON BRICO S.L;90,12;18,93;90,12
;9500378415;22/04/2025;9619;SIMON BRICO S.L;90,12;18,93;90,12
;9500381062;29/05/2025;9619;SIMON BRICO S.L;304,46;63,94;304,46
;9500382075;10/06/2025;9619;SIMON BRICO S.L;27,4;5,75;27,4
;9500382076;10/06/2025;9619;SIMON BRICO S.L;27,4;5,75;27,4
;9506012618;28/02/2025;6414;ISOLANA AISLAMIENTOS, S.L.;433,03;90,94;433,03
;9506019499;31/03/2025;6414;ISOLANA AISLAMIENTOS, S.L.;405;85,05;405
;9506032356;31/05/2025;6414;ISOLANA AISLAMIENTOS, S.L.;720,98;151,41;720,98
;95-25/1089;25/03/2025;1681;FC INTERIORS, SRL;915,7;192,3;915,7
;9810122973;30/01/2025;5419;CUPA STONE IBERIA, S.L.;492,15;103,35;492,15
;9900509797;26/03/2025;5890;TRES COMERCIAL, S.L.;473,28;99,39;473,28
;9900517949;22/05/2025;5890;TRES COMERCIAL, S.L.;827,52;173,78;827,52
;9900518604;27/05/2025;5890;TRES COMERCIAL, S.L.;548,64;115,21;548,64
;A/113;28/02/2025;3972;CALOR NATURAL ARAN, SL;737,88;154,95;737,88
;A/279;05/04/2025;14293;VIELHA COMPUTER,SCP;1260;264,6;1260
;A/344A;10/05/2025;17460;VIELHA COMPUTER, SL;-90;-18,9;-90
;A/387;04/06/2025;14293;VIELHA COMPUTER,SCP;119,83;25,16;119,83
;A/95202581;09/01/2025;2767;CHEHOMA ATELIER D'AMBIANCES, S.A.;-1327;-278,67;-1327
;A0001023;24/06/2025;12637;TORNEADOS COTINO, S.L.;353,21;74,17;353,21
;A00106038;09/01/2025;20182;SUC DE J.MORELL, S.A.;1594,4;334,82;1594,4
;A100023138;27/05/2025;4983;CATA ELECTRODOMESTICOS, S.L.;-772,11;-162,14;-772,11
;A110048332;06/06/2025;5547;WENKO HISPANIA,S.L.;-489,27;-102,75;-489,27
;A21/13126;17/04/2025;6509;CHAMA, LDA;869,02;182,49;869,02
;A25/055056;19/03/2025;15191;NABALIA ENERGIA 2000, SA;-258,9;-54,37;-258,9
;A25000084;15/05/2025;12366;CONSTRUCCIONS DEL PIRINEU 2001, S.L.;150;31,5;150
;A25001764;28/02/2025;5194;INOXPAN, S.L.;531,63;111,64;531,63
;A25004331;22/05/2025;5194;INOXPAN, S.L.;386,1;81,08;386,1
;A25004961;10/06/2025;5194;INOXPAN, S.L.;947,43;198,96;947,43
;A-25012725;01/02/2025;18410;E-PORTS AMPLE DE BANDA I INTERNET, SL;94,88;19,92;94,88
;A250138;12/06/2025;3954;BATHCO;-781;-164,01;-781
;A25-018;30/04/2025;14659;RAIMUNDO DIGON SANTIN;2600;546;2600
;A-25042664;01/06/2025;18410;E-PORTS AMPLE DE BANDA I INTERNET, SL;94,88;19,92;94,88
;A253.421;21/05/2025;4402;INDUSTRIAL BLANSOL, SA;319,85;67,17;319,85
;A323;04/05/2025;14293;VIELHA COMPUTER,SCP;119,83;25,16;119,83
;PE25001951;14/02/2025;6717;COMERCIAL OJA, SLU;163,37;34,31;163,37
;PV283344;23/05/2025;6758;ORKLI S.COOP.;1886,86;396,24;1886,86
;R/2500061;30/01/2025;8438;DINAK, S.A.;295,35;62,02;295,35
;R/2500363;19/05/2025;8438;DINAK, S.A.;23,68;4,97;23,68
;R/2500366;19/05/2025;8438;DINAK, S.A.;45,79;9,62;45,79
;R/2500406;30/05/2025;8438;DINAK, S.A.;995,88;209,13;995,88
;R/2500439;15/06/2025;8438;DINAK, S.A.;144,77;30,4;144,77
;R107996;02/01/2025;19173;IRPEN, S.A.U.;-58,5;-12,29;-58,5
;RA81003800;12/06/2025;1921;LIEBHERR IBERICA, S.L.;1105,5;232,16;1105,5
;RAP2500141;18/02/2025;17259;TECNONOLOGIA DE AISLAM. Y CLIMAT., S.L.;-156,71;-32,91;-156,71
;SAB00008;18/03/2025;13935;PUERTAS Y AUTOMATISMOS ROPER SL;-1,96;-0,41;-1,96
;VF25011852;16/01/2025;6463;ESTANTERIAS SIMON,S.L.;102,11;21,44;102,11
;ZA-2501058;04/03/2025;5036;IMER DISTRIBUCION DE MAQUINARIA, S.A.;38,99;8,19;38,99
;ZA-2501583;31/03/2025;5036;IMER DISTRIBUCION DE MAQUINARIA, S.A.;29,93;6,29;29,93
;ZA-2502465;28/05/2025;5036;IMER DISTRIBUCION DE MAQUINARIA, S.A.;106,72;22,41;106,72
;ZA-2502573;29/05/2025;5036;IMER DISTRIBUCION DE MAQUINARIA, S.A.;100,71;21,15;100,71
;ZA-2502757;11/06/2025;5036;IMER DISTRIBUCION DE MAQUINARIA, S.A.;45,36;9,53;45,36
;15532204;19/03/2025;18189;RENFE VIAJEROS S.M.E, SA;34,09;3,41;34,09
;15532205;19/03/2025;18189;RENFE VIAJEROS S.M.E, SA;34,09;3,41;34,09
;15532206;19/03/2025;18189;RENFE VIAJEROS S.M.E, SA;34,09;3,41;34,09
;15532208;19/03/2025;18189;RENFE VIAJEROS S.M.E, SA;44,55;4,45;44,55
;15532209;19/03/2025;18189;RENFE VIAJEROS S.M.E, SA;44,55;4,45;44,55
;15652468;11/04/2025;18189;RENFE VIAJEROS S.M.E, SA;40,91;4,09;40,91
;15652469;11/04/2025;18189;RENFE VIAJEROS S.M.E, SA;40,91;4,09;40,91
;15652477;11/04/2025;18189;RENFE VIAJEROS S.M.E, SA;40,91;4,09;40,91
;15652478;11/04/2025;18189;RENFE VIAJEROS S.M.E, SA;40,91;4,09;40,91
;15652479;11/04/2025;18189;RENFE VIAJEROS S.M.E, SA;40,91;4,09;40,91
;15652523;11/04/2025;18189;RENFE VIAJEROS S.M.E, SA;40,91;4,09;40,91
;15652526;11/04/2025;18189;RENFE VIAJEROS S.M.E, SA;40,91;4,09;40,91
;15652527;11/04/2025;18189;RENFE VIAJEROS S.M.E, SA;40,91;4,09;40,91
;15652529;11/04/2025;18189;RENFE VIAJEROS S.M.E, SA;40,91;4,09;40,91
;15652531;11/04/2025;18189;RENFE VIAJEROS S.M.E, SA;40,91;4,09;40,91
;2025/460;04/04/2025;9290;PAMBE NATURAL GROUP, S.L.;336;33,6;336
;24-023504;15/01/2025;841;SOC.ANON.SERVEI I COMERÄ ELECTRODOMESTIC;35,55;3,56;1609,35
;2500128443;08/04/2025;4813;EHLIS, S.A.;37,5;3,75;286,5
;29477;30/04/2025;12530;ALQUILER VENTA MAQUINA ARAN RIBAGORZA SL;288,81;28,88;288,81
;DEISH25002;01/02/2025;10011;CONSELH GENERAU D'ARAN;65,04;6,5;65,04
;F2508038;06/05/2025;4716;PRODUCTOS FLOWER S.A.;192,36;19,24;700,39
;;;;;;;
