;0X30X1-1,5;28/10/2025;3259;PIZARRAS JBERNARDOS, SL;719,12;151,02;719,12
;1.321;16/01/2025;2062;DISTRIBUIDORA BOSCH HNOS.,S.A.;509,14;106,92;509,14
;1.323;16/01/2025;2062;DISTRIBUIDORA BOSCH HNOS.,S.A.;172,72;36,27;213,04
;1.324;16/01/2025;2062;DISTRIBUIDORA BOSCH HNOS.,S.A.;43,56;9,15;43,56
;1/00142;31/01/2025;9679;CERAMICA LA COMA, S.A.;1646,2;345,7;1646,2
;1/00286;15/02/2025;9679;CERAMICA LA COMA, S.A.;1289,6;270,82;1289,6
;1/00413;28/02/2025;9679;CERAMICA LA COMA, S.A.;725,4;152,33;725,4
;1/00533;15/03/2025;9679;CERAMICA LA COMA, S.A.;1531,4;321,59;1531,4
;1/01557;15/07/2025;9679;CERAMICA LA COMA, S.A.;2028,4;425,96;2028,4
;1/01682;31/07/2025;9679;CERAMICA LA COMA, S.A.;2062,1;433,04;2062,1
;1/02901;15/12/2025;9679;CERAMICA LA COMA, S.A.;210,6;44,23;210,6
;10.093.371;15/09/2025;9753;ABSARA INDUSTRIAL, S.L.U.;212,76;44,68;212,76
;10.094.227;16/10/2025;9753;ABSARA INDUSTRIAL, S.L.U.;874,26;183,59;874,26
;10.094.459;23/10/2025;9753;ABSARA INDUSTRIAL, S.L.U.;160,38;33,68;160,38
;10.094.875;06/11/2025;9753;ABSARA INDUSTRIAL, S.L.U.;129,94;27,29;129,94
;10.095.001;11/11/2025;9753;ABSARA INDUSTRIAL, S.L.U.;278,1;58,4;278,1
;100010764;17/09/2025;1913;BARIPERFIL, S.L.;142,63;29,95;142,63
;100014553;12/12/2025;1913;BARIPERFIL, S.L.;1217,92;255,76;1217,92
;1000242;29/05/2025;12060;RADIO SYSTEMS EQUIP.ELECTRONICOS S.L.;654,75;137,5;654,75
;1000432;20/03/2025;7490;TECE HAUSTECHNIK, S.L.;881;185,01;881
;1003353;15/09/2025;17962;SANTOS MORILLAS, S.L.;2399,15;503,82;2399,15
;100420814;20/11/2025;6472;DAKE FREGADEROS,S.L.U.;288,75;60,64;288,75
;1010088269;27/02/2025;9753;ABSARA INDUSTRIAL, S.L.;224,1;47,06;224,1
;1010088689;12/03/2025;9753;ABSARA INDUSTRIAL, S.L.;253,8;53,3;253,8
;1010091120;03/06/2025;9753;ABSARA INDUSTRIAL, S.L.U.;408,24;85,73;408,24
;1010092076;07/07/2025;9753;ABSARA INDUSTRIAL, S.L.U.;519,48;109,09;519,48
;1010093086;03/09/2025;9753;ABSARA INDUSTRIAL, S.L.U.;452,52;95,03;452,52
;101-072477;19/12/2025;1732;IMEX PRODUCTS, S.L.;261,75;54,97;261,75
;101399;31/07/2025;5330;BRONPI CALEFACCION, S.L.;1004,85;211,02;1004,85
;101689;08/09/2025;5330;BRONPI CALEFACCION, S.L.;3049,38;640,37;3049,38
;101877;16/09/2025;5330;BRONPI CALEFACCION, S.L.;89,25;18,74;89,25
;1020187858;25/03/2025;4862;ROTHENBERGER, S.A.;53,2;11,17;53,2
;1020201409;09/10/2025;4862;ROTHENBERGER, S.A.;112,22;23,57;112,22
;10205;15/05/2025;5330;BRONPI CALEFACCION, S.L.;781,2;164,05;781,2
;102488;03/10/2025;5330;BRONPI CALEFACCION, S.L.;3394,48;712,84;3394,48
;10417;28/05/2025;5330;BRONPI CALEFACCION, S.L.;106;22,26;106
;1062;07/05/2025;13947;BALUE JUSTO ADVOCATS, S.L.;647;135,87;647
;10659;13/06/2025;5330;BRONPI CALEFACCION, S.L.;1839,6;386,32;1839,6
;1079;17/06/2025;1556;MANUFACTURAS LUMA, S.L.;4195,08;880,97;4195,08
;108091025;09/10/2025;10013;BANCO SANTANDER, S.A.;24,9;5,23;24,9
;10830;25/06/2025;5330;BRONPI CALEFACCION, S.L.;1302,53;273,53;1302,53
;110305405;19/03/2025;6298;EGLO ESPANA ILUMINACION, S.L.;70,14;14,73;70,14
;110310890;27/06/2025;6298;EGLO ESPANA ILUMINACION, S.L.;225,7;47,4;225,7
;110317619;05/11/2025;6298;EGLO ESPANA ILUMINACION, S.L.;578,75;121,54;578,75
;110319770;16/12/2025;6298;EGLO ESPANA ILUMINACION, S.L.;28,9;6,07;28,9
;111418206;28/05/2025;2566;FLEX EQUIPOS DE DESCANSO, S.A.;1305;274,05;1305
;123,88;20/10/2025;472;BOLTZE GRUPPE GmbH;505,88;106,23;505,88
;1238;31/10/2025;1556;MANUFACTURAS LUMA, S.L.;3200,2;672,04;3200,2
;1250000353;03/01/2025;525;AMILIBIA Y DE LA IGLESIA,S.A.;168,47;35,38;168,47
;1250000354;03/01/2025;525;AMILIBIA Y DE LA IGLESIA,S.A.;159,6;33,52;159,6
;1250001176;08/01/2025;525;AMILIBIA Y DE LA IGLESIA,S.A.;285,76;60,01;285,76
;125000258;27/01/2025;11586;BINSOFT INFORMATICA, S.L.;88,1;18,5;88,1
;1250004534;21/01/2025;525;AMILIBIA Y DE LA IGLESIA,S.A.;238,22;50,03;238,22
;1250004535;21/01/2025;525;AMILIBIA Y DE LA IGLESIA,S.A.;221,63;46,54;221,63
;125000520;20/02/2025;11586;BINSOFT INFORMATICA, S.L.;44,05;9,25;44,05
;1250006160;27/01/2025;525;AMILIBIA Y DE LA IGLESIA,S.A.;225,66;47,39;225,66
;1250008792;05/02/2025;525;AMILIBIA Y DE LA IGLESIA,S.A.;241,66;50,75;241,66
;1250013684;25/02/2025;525;AMILIBIA Y DE LA IGLESIA,S.A.;167,11;35,09;167,11
;1250015350;03/03/2025;525;AMILIBIA Y DE LA IGLESIA,S.A.;197,7;41,52;197,7
;1250016167;05/03/2025;525;AMILIBIA Y DE LA IGLESIA,S.A.;226,1;47,48;226,1
;1250016173;05/03/2025;525;AMILIBIA Y DE LA IGLESIA,S.A.;239,44;50,28;239,44
;1250017124;07/03/2025;525;AMILIBIA Y DE LA IGLESIA,S.A.;253,33;53,2;253,33
;1250017133;07/03/2025;525;AMILIBIA Y DE LA IGLESIA,S.A.;475,71;99,9;475,71
;1250017355;10/03/2025;525;AMILIBIA Y DE LA IGLESIA,S.A.;209;43,89;209
;1250019914;19/03/2025;525;AMILIBIA Y DE LA IGLESIA,S.A.;144,24;30,29;144,24
;1250021509;25/03/2025;525;AMILIBIA Y DE LA IGLESIA,S.A.;165,28;34,71;165,28
;1250022342;27/03/2025;525;AMILIBIA Y DE LA IGLESIA,S.A.;349,93;73,49;349,93
;1250023216;31/03/2025;525;AMILIBIA Y DE LA IGLESIA,S.A.;178,95;37,58;178,95
;1250023547;01/04/2025;525;AMILIBIA Y DE LA IGLESIA,S.A.;349,93;73,49;349,93
;1250024416;03/04/2025;525;AMILIBIA Y DE LA IGLESIA,S.A.;87,3;18,33;87,3
;1250027216;14/04/2025;525;AMILIBIA Y DE LA IGLESIA,S.A.;786,86;165,24;786,86
;1250028803;24/04/2025;525;AMILIBIA Y DE LA IGLESIA,S.A.;186,03;39,07;186,03
;125003014;29/10/2025;11586;BINSOFT INFORMATICA, S.L.;95,89;20,14;95,89
;125003288;26/11/2025;11586;BINSOFT INFORMATICA, S.L.;6000;1260;6000
;1250033429;20/05/2025;525;AMILIBIA Y DE LA IGLESIA,S.A.;244,7;51,39;244,7
;1250035578;26/05/2025;525;AMILIBIA Y DE LA IGLESIA,S.A.;173;36,33;173
;1.396,82;15/11/2025;5542;PANOTS JIMENEZ, S.L.;1154,4;242,42;1154,4
;1.657;28/10/2025;6903;CASA CARACOL, SL;720,02;151,2;720,02
;1/00655;31/03/2025;9679;CERAMICA LA COMA, S.A.;2297,1;482,39;2297,1
;1/01054;15/05/2025;9679;CERAMICA LA COMA, S.A.;1996;419,16;1996
;1/01171;31/05/2025;9679;CERAMICA LA COMA, S.A.;2123,3;445,89;2123,3
;1/01556;15/07/2025;9679;CERAMICA LA COMA, S.A.;2158,66;453,32;2158,66
;1/01811;15/08/2025;9679;CERAMICA LA COMA, S.A.;2466,8;518,03;2466,8
;1/01892;31/08/2025;9679;CERAMICA LA COMA, S.A.;1319,1;277,01;1319,1
;10.093.124;04/09/2025;9753;ABSARA INDUSTRIAL, S.L.U.;546,48;114,76;546,48
;10.093.651;25/09/2025;9753;ABSARA INDUSTRIAL, S.L.U.;1310,04;275,11;1310,04
;100006404;28/05/2025;1913;BARIPERFIL, S.L.;115,62;24,28;115,62
;100013484;19/11/2025;1913;BARIPERFIL, S.L.;7,62;1,6;7,62
;100280425;28/04/2025;10013;BANCO SANTANDER, S.A.;16,87;3,54;16,87
;1003330;12/06/2025;17962;SANTOS MORILLAS, S.L.;2901,87;609,39;2901,87
;1005;21/04/2025;1556;MANUFACTURAS LUMA, S.L.;5684,6;1193,77;5684,6
;100767;13/02/2025;9411;SUMINISTROS CEM, S.L.;245,41;51,54;245,41
;101-006617;07/11/2025;1732;IMEX PRODUCTS, S.L.;-98,4;-20,66;-98,4
;101-007047;05/12/2025;1732;IMEX PRODUCTS, S.L.;-289,2;-60,73;-289,2
;1010089047;24/03/2025;9753;ABSARA INDUSTRIAL, S.L.;548,1;115,1;548,1
;1010089641;10/04/2025;9753;ABSARA INDUSTRIAL, S.L.;219,24;46,04;219,24
;1010089840;16/04/2025;9753;ABSARA INDUSTRIAL, S.L.;160,92;33,79;160,92
;1010090640;19/05/2025;9753;ABSARA INDUSTRIAL, S.L.;247,86;52,05;247,86
;1010091206;05/06/2025;9753;ABSARA INDUSTRIAL, S.L.U.;157,68;33,11;157,68
;1010092669;29/07/2025;9753;ABSARA INDUSTRIAL, S.L.U.;514,08;107,96;514,08
;101-062281;31/10/2025;1732;IMEX PRODUCTS, S.L.;167,4;35,15;167,4
;101-068223;28/11/2025;1732;IMEX PRODUCTS, S.L.;98,4;20,66;98,4
;101442;01/09/2025;5330;BRONPI CALEFACCION, S.L.;151;31,71;151
;1020186620;10/03/2025;4862;ROTHENBERGER, S.A.;358,54;75,29;358,54
;1020198668;02/09/2025;4862;ROTHENBERGER, S.A.;501,78;105,37;501,78
;1020202639;24/10/2025;4862;ROTHENBERGER, S.A.;299,21;62,83;299,21
;1020204138;12/11/2025;4862;ROTHENBERGER, S.A.;217,3;45,63;217,3
;1020206416;12/12/2025;4862;ROTHENBERGER, S.A.;125,2;26,29;125,2
;10211;20/03/2025;8794;PISSARRA NEGRA DEL MONTSENY, S.L.;855;179,55;855
;102141;07/05/2025;9411;SUMINISTROS CEM, S.L.;347,23;72,92;347,23
;10282;21/05/2025;5330;BRONPI CALEFACCION, S.L.;82,89;17,41;82,89
;104881;31/10/2025;9411;SUMINISTROS CEM, S.L.;154,45;32,43;154,45
;105002;07/11/2025;9411;SUMINISTROS CEM, S.L.;169,92;35,68;169,92
;1057;01/09/2025;18159;MARCO INVEST, S.A.;125;26,25;125
;1070100311;20/01/2025;3633;CERAMICAS GALA, S.A.;97,8;20,54;97,8
;110316693;20/10/2025;6298;EGLO ESPANA ILUMINACION, S.L.;293,04;61,54;293,04
;110318826;26/11/2025;6298;EGLO ESPANA ILUMINACION, S.L.;28,18;5,92;28,18
;110318944;28/11/2025;6298;EGLO ESPANA ILUMINACION, S.L.;415,12;87,18;415,12
;111349247;02/01/2025;2566;FLEX EQUIPOS DE DESCANSO, S.A.;264,8;55,61;264,8
;111361390;29/01/2025;2566;FLEX EQUIPOS DE DESCANSO, S.A.;1738,8;365,15;1738,8
;111461040;27/08/2025;2566;FLEX EQUIPOS DE DESCANSO, S.A.;788;165,48;788
;111489433;22/10/2025;2566;FLEX EQUIPOS DE DESCANSO, S.A.;517,05;108,58;517,05
;111516493;17/12/2025;2566;FLEX EQUIPOS DE DESCANSO, S.A.;459,6;96,52;459,6
;1122;28/07/2025;1556;MANUFACTURAS LUMA, S.L.;3851,4;808,79;3851,4
;1250000355;03/01/2025;525;AMILIBIA Y DE LA IGLESIA,S.A.;306,88;64,44;306,88
;1250001787;10/01/2025;525;AMILIBIA Y DE LA IGLESIA,S.A.;159,24;33,44;159,24
;1250002515;14/01/2025;525;AMILIBIA Y DE LA IGLESIA,S.A.;192,98;40,53;192,98
;1250003418;16/01/2025;525;AMILIBIA Y DE LA IGLESIA,S.A.;263,47;55,33;263,47
;1250005389;23/01/2025;525;AMILIBIA Y DE LA IGLESIA,S.A.;174,81;36,71;174,81
;1250008418;04/02/2025;525;AMILIBIA Y DE LA IGLESIA,S.A.;168,25;35,33;168,25
;1250009173;06/02/2025;525;AMILIBIA Y DE LA IGLESIA,S.A.;361,08;75,83;361,08
;1250009812;10/02/2025;525;AMILIBIA Y DE LA IGLESIA,S.A.;239,8;50,36;239,8
;1250012341;19/02/2025;525;AMILIBIA Y DE LA IGLESIA,S.A.;286,19;60,1;286,19
;1250013396;24/02/2025;525;AMILIBIA Y DE LA IGLESIA,S.A.;239,22;50,24;239,22
;1250015351;03/03/2025;525;AMILIBIA Y DE LA IGLESIA,S.A.;677,29;142,23;677,29
;1250016551;06/03/2025;525;AMILIBIA Y DE LA IGLESIA,S.A.;204,8;43,01;204,8
;125001777;12/06/2025;11586;BINSOFT INFORMATICA, S.L.;93,85;19,71;93,85
;1250019176;17/03/2025;525;AMILIBIA Y DE LA IGLESIA,S.A.;167,29;35,13;167,29
;1250019177;17/03/2025;525;AMILIBIA Y DE LA IGLESIA,S.A.;490,64;103,03;490,64
;1250021950;26/03/2025;525;AMILIBIA Y DE LA IGLESIA,S.A.;192,15;40,35;192,15
;1250026570;11/04/2025;525;AMILIBIA Y DE LA IGLESIA,S.A.;268,38;56,36;268,38
;1250033007;16/05/2025;525;AMILIBIA Y DE LA IGLESIA,S.A.;994,77;208,9;994,77
;1250034265;21/05/2025;525;AMILIBIA Y DE LA IGLESIA,S.A.;439,2;92,23;439,2
;1250036400;28/05/2025;525;AMILIBIA Y DE LA IGLESIA,S.A.;241,1;50,63;241,1
;1250038190;03/06/2025;525;AMILIBIA Y DE LA IGLESIA,S.A.;100,02;21;100,02
;1250040407;11/06/2025;525;AMILIBIA Y DE LA IGLESIA,S.A.;225,92;47,44;225,92
;1250040713;12/06/2025;525;AMILIBIA Y DE LA IGLESIA,S.A.;161,1;33,83;161,1
;1250045133;30/06/2025;525;AMILIBIA Y DE LA IGLESIA,S.A.;70;14,7;70
;1250050254;18/07/2025;525;AMILIBIA Y DE LA IGLESIA,S.A.;275,1;57,77;275,1
;1250051825;24/07/2025;525;AMILIBIA Y DE LA IGLESIA,S.A.;254,34;53,41;254,34
;1250054601;06/08/2025;525;AMILIBIA Y DE LA IGLESIA,S.A.;53,68;11,27;53,68
;1250055342;08/08/2025;525;AMILIBIA Y DE LA IGLESIA,S.A.;726,53;152,57;726,53
;1250036109;27/05/2025;525;AMILIBIA Y DE LA IGLESIA,S.A.;186,5;39,17;186,5
;1250037050;29/05/2025;525;AMILIBIA Y DE LA IGLESIA,S.A.;296,36;62,24;296,36
;1250038526;04/06/2025;525;AMILIBIA Y DE LA IGLESIA,S.A.;239,42;50,28;239,42
;1250038961;05/06/2025;525;AMILIBIA Y DE LA IGLESIA,S.A.;184,52;38,75;184,52
;1250044373;26/06/2025;525;AMILIBIA Y DE LA IGLESIA,S.A.;281,39;59,09;281,39
;1250045523;01/07/2025;525;AMILIBIA Y DE LA IGLESIA,S.A.;385,02;80,85;385,02
;1250046676;04/07/2025;525;AMILIBIA Y DE LA IGLESIA,S.A.;165,92;34,84;165,92
;1250046677;04/07/2025;525;AMILIBIA Y DE LA IGLESIA,S.A.;378,56;79,5;378,56
;1250052342;28/07/2025;525;AMILIBIA Y DE LA IGLESIA,S.A.;257,57;54,09;257,57
;1250055578;11/08/2025;525;AMILIBIA Y DE LA IGLESIA,S.A.;183,51;38,54;183,51
;1250058262;26/08/2025;525;AMILIBIA Y DE LA IGLESIA,S.A.;213,76;44,89;213,76
;1250064131;18/09/2025;525;AMILIBIA Y DE LA IGLESIA,S.A.;249,58;52,41;249,58
;1250065349;24/09/2025;525;AMILIBIA Y DE LA IGLESIA,S.A.;3314,01;695,94;3314,01
;1250069320;08/10/2025;525;AMILIBIA Y DE LA IGLESIA,S.A.;434,8;91,31;434,8
;1250073238;22/10/2025;525;AMILIBIA Y DE LA IGLESIA,S.A.;112,94;23,72;112,94
;1250075544;30/10/2025;525;AMILIBIA Y DE LA IGLESIA,S.A.;170,42;35,79;170,42
;1250076065;31/10/2025;525;AMILIBIA Y DE LA IGLESIA,S.A.;284,96;59,84;284,96
;1250077601;06/11/2025;525;AMILIBIA Y DE LA IGLESIA,S.A.;205,78;43,21;205,78
;125008/127;17/12/2025;525;AMILIBIA Y DE LA IGLESIA,S.A.;346,26;72,71;346,26
;1250081100;19/11/2025;525;AMILIBIA Y DE LA IGLESIA,S.A.;1304,17;273,88;1304,17
;1250083074;26/11/2025;525;AMILIBIA Y DE LA IGLESIA,S.A.;311,2;65,35;311,2
;1250084950;03/12/2025;525;AMILIBIA Y DE LA IGLESIA,S.A.;224,26;47,09;224,26
;1250085205;04/12/2025;525;AMILIBIA Y DE LA IGLESIA,S.A.;682,23;143,27;682,23
;1250085576;05/12/2025;525;AMILIBIA Y DE LA IGLESIA,S.A.;623,5;130,94;623,5
;1250512220;20/03/2025;4983;CATA ELECTRODOMESTICOS, S.L.;-187,21;-39,31;-187,21
;1250603151;15/06/2025;1840;GRUPO ELECTRO STOCK, SLU;1020,85;214,38;1020,85
;1250801919;15/08/2025;1840;GRUPO ELECTRO STOCK, SLU;802,79;168,59;802,79
;1250813548;31/08/2025;1840;GRUPO ELECTRO STOCK, SLU;224,74;47,2;224,74
;12508434;11/04/2025;1201;KERABEN GRUPO, S.A.;27,09;5,69;27,09
;12508582;14/04/2025;1201;KERABEN GRUPO, S.A.;83,58;17,55;83,58
;1250901464;19/09/2025;2902;SANYCCES DESIGN, SLU;601,4;126,29;601,4
;1250903165;15/09/2025;1840;GRUPO ELECTRO STOCK, SLU;493,85;103,71;493,85
;1251001185;17/10/2025;2902;SANYCCES DESIGN, SLU;887,7;186,42;887,7
;1251101685;21/11/2025;2902;SANYCCES DESIGN, SLU;340,45;71,49;340,45
;1251105722;15/11/2025;1840;GRUPO ELECTRO STOCK, SLU;371,52;78,02;371,52
;1251408719;17/03/2025;264;DIADORA SPORT, S.R.L.;785,95;165,05;785,95
;1251412647;14/04/2025;264;DIADORA SPORT, S.R.L.;598,22;125,63;598,22
;1251418550;16/06/2025;264;DIADORA SPORT, S.R.L.;281,21;59,05;281,21
;1251433943;10/11/2025;264;DIADORA SPORT, S.R.L.;974,04;204,55;974,04
;125N11148;24/09/2025;8096;VIVES AZULEJOS Y GRES, S.A.;53,97;11,33;53,97
;1293;10/06/2025;13947;BALUE JUSTO ADVOCATS, S.L.;685;143,85;685
;130190225;19/02/2025;10013;BANCO SANTANDER, S.A.;52,92;11,11;52,92
;1-316.739;26/06/2025;4964;INGEPERFIL, S.L.;182,93;38,42;182,93
;132,99EUR;15/10/2025;491;TECNICAS EXPANSIVAS,S.L.;109,91;23,08;109,91
;1333512809;12/02/2025;3550;BSH ELECTRODOMESTICOS ESPAÑA, S.A.;923,77;193,99;923,77
;1333522660;18/02/2025;3550;BSH ELECTRODOMESTICOS ESPAÑA, S.A.;366,78;77,02;366,78
;1333531642;25/02/2025;3550;BSH ELECTRODOMESTICOS ESPAÑA, S.A.;1059,26;222,44;1059,26
;1333540486;03/03/2025;3550;BSH ELECTRODOMESTICOS ESPAÑA, S.A.;914,51;192,05;914,51
;1333542207;04/03/2025;3550;BSH ELECTRODOMESTICOS ESPAÑA, S.A.;257,23;54,02;257,23
;1333558750;17/03/2025;3550;BSH ELECTRODOMESTICOS ESPAÑA, S.A.;469,48;98,59;469,48
;1333587793;08/04/2025;3550;BSH ELECTRODOMESTICOS ESPAÑA, S.A.;1454,93;305,54;1454,93
;1333601319;22/04/2025;3550;BSH ELECTRODOMESTICOS ESPAÑA, S.A.;320,81;67,37;320,81
;1333630835;15/05/2025;3550;BSH ELECTRODOMESTICOS ESPAÑA, S.A.;317,87;66,75;317,87
;1333634419;16/05/2025;3550;BSH ELECTRODOMESTICOS ESPAÑA, S.A.;665,09;139,67;665,09
;1333699527;03/07/2025;3550;BSH ELECTRODOMESTICOS ESPAÑA, S.A.;557,5;117,08;557,5
;1333715998;16/07/2025;3550;BSH ELECTRODOMESTICOS ESPAÑA, S.A.;710,98;149,31;710,98
;1333723631;23/07/2025;3550;BSH ELECTRODOMESTICOS ESPAÑA, S.A.;972,57;204,24;972,57
;1333726761;25/07/2025;3550;BSH ELECTRODOMESTICOS ESPAÑA, S.A.;1126,5;236,57;1126,5
;1333733198;31/07/2025;3550;BSH ELECTRODOMESTICOS ESPAÑA, S.A.;408,84;85,86;408,84
;1333740221;07/08/2025;3550;BSH ELECTRODOMESTICOS ESPAÑA, S.A.;721,82;151,58;721,82
;1333742420;11/08/2025;3550;BSH ELECTRODOMESTICOS ESPAÑA, S.A.;339,66;71,33;339,66
;1333748512;19/08/2025;3550;BSH ELECTRODOMESTICOS ESPAÑA, S.A.;418,01;87,78;418,01
;1333749986;20/08/2025;3550;BSH ELECTRODOMESTICOS ESPAÑA, S.A.;264,82;55,61;264,82
;1333750701;21/08/2025;3550;BSH ELECTRODOMESTICOS ESPAÑA, S.A.;2437,11;511,79;2437,11
;1333761095;01/09/2025;3550;BSH ELECTRODOMESTICOS ESPAÑA, S.A.;422,78;88,78;422,78
;1333765462;04/09/2025;3550;BSH ELECTRODOMESTICOS ESPA?A, S.A.;534,28;112,2;534,28
;1333775237;12/09/2025;3550;BSH ELECTRODOMESTICOS ESPA?A, S.A.;301,99;63,42;301,99
;1333807210;08/10/2025;3550;BSH ELECTRODOMESTICOS ESPA?A, S.A.;1084,8;227,81;1084,8
;1333850455;11/11/2025;3550;BSH ELECTRODOMESTICOS ESPA?A, S.A.;298,31;62,65;298,31
;1333879122;29/11/2025;3550;BSH ELECTRODOMESTICOS ESPA?A, S.A.;2019,16;424,02;2019,16
;1333886640;03/12/2025;3550;BSH ELECTRODOMESTICOS ESPA?A, S.A.;283,64;59,56;283,64
;25000024;02/01/2025;583;PLASTICOS TA-TAY,S.A.;488,2;102,52;488,2
;25016228;13/06/2025;583;PLASTICOS TA-TAY,S.A.;161,16;33,84;161,16
;1250055343;08/08/2025;525;AMILIBIA Y DE LA IGLESIA,S.A.;172,02;36,12;172,02
;1250055580;11/08/2025;525;AMILIBIA Y DE LA IGLESIA,S.A.;201,38;42,29;201,38
;1250056977;19/08/2025;525;AMILIBIA Y DE LA IGLESIA,S.A.;259,56;54,51;259,56
;1250058693;28/08/2025;525;AMILIBIA Y DE LA IGLESIA,S.A.;265,38;55,73;265,38
;1250061745;10/09/2025;525;AMILIBIA Y DE LA IGLESIA,S.A.;285,27;59,91;285,27
;1250064672;22/09/2025;525;AMILIBIA Y DE LA IGLESIA,S.A.;486,29;102,12;486,29
;1250068902;07/10/2025;525;AMILIBIA Y DE LA IGLESIA,S.A.;482,3;101,28;482,3
;1250070911;15/10/2025;525;AMILIBIA Y DE LA IGLESIA,S.A.;373,99;78,54;373,99
;1250071435;16/10/2025;525;AMILIBIA Y DE LA IGLESIA,S.A.;248,7;52,23;248,7
;1250072310;20/10/2025;525;AMILIBIA Y DE LA IGLESIA,S.A.;192,66;40,46;192,66
;1250074606;28/10/2025;525;AMILIBIA Y DE LA IGLESIA,S.A.;280,04;58,81;280,04
;1250076731;04/11/2025;525;AMILIBIA Y DE LA IGLESIA,S.A.;275,75;57,91;275,75
;1250077163;05/11/2025;525;AMILIBIA Y DE LA IGLESIA,S.A.;187,04;39,28;187,04
;1250078501;10/11/2025;525;AMILIBIA Y DE LA IGLESIA,S.A.;266,66;56;266,66
;1250080361;17/11/2025;525;AMILIBIA Y DE LA IGLESIA,S.A.;266,02;55,86;266,02
;1250083627;27/11/2025;525;AMILIBIA Y DE LA IGLESIA,S.A.;379,98;79,8;379,98
;1250084432;02/12/2025;525;AMILIBIA Y DE LA IGLESIA,S.A.;394,8;82,91;394,8
;12500851R6;04/12/2025;525;AMILIBIA Y DE LA IGLESIA,S.A.;209,52;44;209,52
;125008R101;17/12/2025;525;AMILIBIA Y DE LA IGLESIA,S.A.;462,7;97,17;462,7
;1250618934;30/06/2025;1840;GRUPO ELECTRO STOCK, SLU;212,45;44,61;212,45
;1250703098;15/07/2025;1840;GRUPO ELECTRO STOCK, SLU;1928,39;404,96;1928,39
;1250718779;31/07/2025;1840;GRUPO ELECTRO STOCK, SLU;1331,51;279,62;1331,51
;1250916820;30/09/2025;1840;GRUPO ELECTRO STOCK, SLU;734,41;154,23;734,41
;1251000612;08/10/2025;2902;SANYCCES DESIGN, SLU;363,14;76,26;363,14
;1251006254;15/10/2025;1840;GRUPO ELECTRO STOCK, SLU;731,14;153,54;731,14
;1251100220;07/11/2025;2902;SANYCCES DESIGN, SLU;518,1;108,8;518,1
;1251411001;31/03/2025;264;DIADORA SPORT, S.R.L.;283,26;59,48;283,26
;1251415169;12/05/2025;264;DIADORA SPORT, S.R.L.;507,9;106,66;507,9
;1251417130;30/05/2025;264;DIADORA SPORT, S.R.L.;39,08;8,21;39,08
;1251424042;07/08/2025;264;DIADORA SPORT, S.R.L.;367,38;77,15;367,38
;1251430118;13/10/2025;264;DIADORA SPORT, S.R.L.;1377,33;289,24;1377,33
;12516921;22/07/2025;1201;KERABEN GRUPO, S.A.;59,22;12,44;59,22
;1255064;04/04/2025;7009;SAMARRETTA 1981 SLU;360;75,6;360
;126210425;18/04/2025;10013;BANCO SANTANDER, S.A.;10,87;2,28;10,87
;13/10/2025;13/10/2025;11866;RODI ARAN, S.L.;1036,37;217,64;1036,37
;13/11/2025;13/11/2025;11866;RODI ARAN, S.L.;57,82;12,14;57,82
;1-314.974;01/04/2025;4964;INGEPERFIL, S.L.;532,92;111,91;532,92
;1-319.406;18/11/2025;4964;INGEPERFIL, S.L.;889,92;186,88;889,92
;1333562438;19/03/2025;3550;BSH ELECTRODOMESTICOS ESPAÑA, S.A.;625,97;131,45;625,97
;1333565830;21/03/2025;3550;BSH ELECTRODOMESTICOS ESPAÑA, S.A.;1277,37;268,25;1277,37
;1333566860;24/03/2025;3550;BSH ELECTRODOMESTICOS ESPAÑA, S.A.;1933,09;405,95;1933,09
;1333596502;15/04/2025;3550;BSH ELECTRODOMESTICOS ESPAÑA, S.A.;1239,07;260,2;1239,07
;1333596503;15/04/2025;3550;BSH ELECTRODOMESTICOS ESPAÑA, S.A.;860,96;180,8;860,96
;1333598380;16/04/2025;3550;BSH ELECTRODOMESTICOS ESPAÑA, S.A.;694,44;145,83;694,44
;1333600939;22/04/2025;3550;BSH ELECTRODOMESTICOS ESPAÑA, S.A.;714,74;150,1;714,74
;1333616182;05/05/2025;3550;BSH ELECTRODOMESTICOS ESPAÑA, S.A.;844,08;177,26;844,08
;1333639697;21/05/2025;3550;BSH ELECTRODOMESTICOS ESPAÑA, S.A.;922,8;193,79;922,8
;1333645305;26/05/2025;3550;BSH ELECTRODOMESTICOS ESPAÑA, S.A.;733,33;154;733,33
;1333659059;04/06/2025;3550;BSH ELECTRODOMESTICOS ESPAÑA, S.A.;3313,23;695,78;3313,23
;1333667639;11/06/2025;3550;BSH ELECTRODOMESTICOS ESPAÑA, S.A.;1473,01;309,33;1473,01
;1333696032;01/07/2025;3550;BSH ELECTRODOMESTICOS ESPAÑA, S.A.;295,35;62,02;295,35
;1333705398;09/07/2025;3550;BSH ELECTRODOMESTICOS ESPAÑA, S.A.;298,31;62,65;298,31
;1333705400;09/07/2025;3550;BSH ELECTRODOMESTICOS ESPAÑA, S.A.;440,04;92,41;440,04
;1333707874;10/07/2025;3550;BSH ELECTRODOMESTICOS ESPAÑA, S.A.;161,9;34;161,9
;1333711151;14/07/2025;3550;BSH ELECTRODOMESTICOS ESPAÑA, S.A.;3780,21;793,84;3780,21
;1333711153;14/07/2025;3550;BSH ELECTRODOMESTICOS ESPAÑA, S.A.;714;149,94;714
;1333713405;15/07/2025;3550;BSH ELECTRODOMESTICOS ESPAÑA, S.A.;772,81;162,29;772,81
;1333716465;16/07/2025;3550;BSH ELECTRODOMESTICOS ESPAÑA, S.A.;371,75;78,07;371,75
;1333726283;25/07/2025;3550;BSH ELECTRODOMESTICOS ESPAÑA, S.A.;2293,89;481,72;2293,89
;1333728356;28/07/2025;3550;BSH ELECTRODOMESTICOS ESPAÑA, S.A.;408,84;85,86;408,84
;1333734354;31/07/2025;3550;BSH ELECTRODOMESTICOS ESPAÑA, S.A.;264,82;55,61;264,82
;1333742178;11/08/2025;3550;BSH ELECTRODOMESTICOS ESPAÑA, S.A.;469,48;98,59;469,48
;1333742421;11/08/2025;3550;BSH ELECTRODOMESTICOS ESPAÑA, S.A.;590,03;123,91;590,03
;1333743142;12/08/2025;3550;BSH ELECTRODOMESTICOS ESPAÑA, S.A.;440,14;92,43;440,14
;1333748514;19/08/2025;3550;BSH ELECTRODOMESTICOS ESPAÑA, S.A.;108,26;22,73;108,26
;1333761094;01/09/2025;3550;BSH ELECTRODOMESTICOS ESPAÑA, S.A.;621,03;130,42;621,03
;1333784551;19/09/2025;3550;BSH ELECTRODOMESTICOS ESPA?A, S.A.;260,43;54,69;260,43
;1333809940;10/10/2025;3550;BSH ELECTRODOMESTICOS ESPA?A, S.A.;291,47;61,21;291,47
;1333809941;10/10/2025;3550;BSH ELECTRODOMESTICOS ESPA?A, S.A.;440,14;92,43;440,14
;1333818137;16/10/2025;3550;BSH ELECTRODOMESTICOS ESPA?A, S.A.;301,99;63,42;301,99
;25011933;07/05/2025;583;PLASTICOS TA-TAY,S.A.;219,9;46,18;219,9
;25021259;24/07/2025;583;PLASTICOS TA-TAY,S.A.;159;33,39;159
;25022975;07/08/2025;583;PLASTICOS TA-TAY,S.A.;145,86;30,63;145,86
;1.042,20;23/10/2025;2137;ALTRAD PLETTAC IBERICA, S.L.;861,32;180,88;861,32
;1.831,95;22/12/2025;4306;INVAPAL, SA;1514,01;317,94;1514,01
;1/00414;28/02/2025;9679;CERAMICA LA COMA, S.A.;1612;338,52;1612
;1/00796;15/04/2025;9679;CERAMICA LA COMA, S.A.;3393,18;712,57;3393,18
;1/02006;15/09/2025;9679;CERAMICA LA COMA, S.A.;1513,2;317,77;1513,2
;1/02120;30/09/2025;9679;CERAMICA LA COMA, S.A.;1666,8;350,03;1666,8
;1/02277;15/10/2025;9679;CERAMICA LA COMA, S.A.;-7736,3;-1624,62;-7736,3
;1/02902;15/12/2025;9679;CERAMICA LA COMA, S.A.;1866,4;391,94;1866,4
;1/1003987;05/11/2025;4321;HIDRAULICA ALSINA, S.A.;217,42;45,66;217,42
;10.093.214;09/09/2025;9753;ABSARA INDUSTRIAL, S.L.U.;273,78;57,49;273,78
;10.093.250;10/09/2025;9753;ABSARA INDUSTRIAL, S.L.U.;2101,68;441,35;2101,68
;10.094.599;28/10/2025;9753;ABSARA INDUSTRIAL, S.L.U.;233,28;48,99;233,28
;10.094.780;03/11/2025;9753;ABSARA INDUSTRIAL, S.L.U.;129,94;27,29;129,94
;10.095.824;11/12/2025;9753;ABSARA INDUSTRIAL, S.L.U.;495,72;104,1;495,72
;10/11/2025;10/11/2025;8438;DINAK, S.A.;39,49;8,29;39,49
;100007430;18/06/2025;1913;BARIPERFIL, S.L.;32,46;6,82;32,46
;100009896;20/08/2025;1913;BARIPERFIL, S.L.;364,65;76,58;364,65
;100015189;31/12/2025;1913;BARIPERFIL, S.L.;338,03;70,99;338,03
;100571;04/02/2025;9411;SUMINISTROS CEM, S.L.;613,5;128,84;613,5
;1010086986;16/01/2025;9753;ABSARA INDUSTRIAL, S.L.;265,14;55,68;265,14
;1010088946;20/03/2025;9753;ABSARA INDUSTRIAL, S.L.;206,28;43,32;206,28
;1010090599;16/05/2025;9753;ABSARA INDUSTRIAL, S.L.;829,98;174,3;829,98
;1010091705;23/06/2025;9753;ABSARA INDUSTRIAL, S.L.U.;187,92;39,46;187,92
;1010092497;22/07/2025;9753;ABSARA INDUSTRIAL, S.L.U.;448,2;94,12;448,2
;1010096117;23/12/2025;9753;ABSARA INDUSTRIAL, S.L.U.;352,08;73,94;352,08
;10/10/2025;10/10/2025;3553;VICAL HOME S.L.;1340,64;281,53;1340,64
;101-069785;05/12/2025;1732;IMEX PRODUCTS, S.L.;289,2;60,73;289,2
;101-071139;12/12/2025;1732;IMEX PRODUCTS, S.L.;81;17,01;81
;101217;23/07/2025;5330;BRONPI CALEFACCION, S.L.;27,6;5,8;27,6
;1020198585;01/09/2025;4862;ROTHENBERGER, S.A.;536,16;112,59;536,16
;1020201942;16/10/2025;4862;ROTHENBERGER, S.A.;329,13;69,12;329,13
;1025004438;31/07/2025;583;PLASTICOS TA-TAY,S.A.;-33,03;-6,94;-33,03
;1025027110;17/09/2025;583;PLASTICOS TA-TAY,S.A.;460,42;96,69;460,42
;102533;06/10/2025;5330;BRONPI CALEFACCION, S.L.;931,18;195,55;931,18
;102636;05/06/2025;9411;SUMINISTROS CEM, S.L.;535,42;112,44;535,42
;1034163;30/07/2025;4254;SOLUCIONES CONFORT TERMICO S.A.;-4370,8;-917,87;-4370,8
;1035;21/05/2025;1556;MANUFACTURAS LUMA, S.L.;3936,32;826,63;3936,32
;104570;15/10/2025;9411;SUMINISTROS CEM, S.L.;336,52;70,67;336,52
;104901;03/11/2025;9411;SUMINISTROS CEM, S.L.;655,39;137,63;655,39
;105597;12/12/2025;5330;BRONPI CALEFACCION, S.L.;1071;224,91;1071
;1069;24/02/2025;6555;INNOVACION BAÑO, S.L.;453,6;95,26;453,6
;1070101085;05/02/2025;3633;CERAMICAS GALA, S.A.;241,6;50,74;241,6
;1070111697;28/10/2025;3633;CERAMICAS GALA, S.A.;303,82;63,8;303,82
;107032;29/01/2025;5330;BRONPI CALEFACCION, S.L.;740,25;155,45;740,25
;11.086;03/04/2025;2062;DISTRIBUIDORA BOSCH HNOS.,S.A.;166,69;35;166,69
;11/02/2025;22/04/2025;4970;GRANITOS LEON, C.B.;3210;674,1;3210
;11085;03/04/2025;12062;DISTRIBUIDORA BOSCH HNOS.,S.A.;135,82;28,52;135,82
;111370317;14/02/2025;2566;FLEX EQUIPOS DE DESCANSO, S.A.;265,05;55,66;265,05
;111468626;10/09/2025;2566;FLEX EQUIPOS DE DESCANSO, S.A.;161,1;33,83;161,1
;111516492;17/12/2025;2566;FLEX EQUIPOS DE DESCANSO, S.A.;231;48,51;231
;12/12/2025;02/12/2025;3553;VICAL HOME S.L.;452,76;95,08;452,76
;124090625;09/06/2025;10013;BANCO SANTANDER, S.A.;11,29;2,37;11,29
;125000173;23/01/2025;11586;BINSOFT INFORMATICA, S.L.;475;99,75;475
;1250001788;10/01/2025;525;AMILIBIA Y DE LA IGLESIA,S.A.;245,38;51,53;245,38
;1250002514;14/01/2025;525;AMILIBIA Y DE LA IGLESIA,S.A.;197,06;41,38;197,06
;1250003838;17/01/2025;525;AMILIBIA Y DE LA IGLESIA,S.A.;204,38;42,92;204,38
;1250007692;31/01/2025;525;AMILIBIA Y DE LA IGLESIA,S.A.;298,29;62,64;298,29
;1250009514;07/02/2025;525;AMILIBIA Y DE LA IGLESIA,S.A.;271,16;56,94;271,16
;1250010490;12/02/2025;525;AMILIBIA Y DE LA IGLESIA,S.A.;742,6;155,95;742,6
;1250010777;13/02/2025;525;AMILIBIA Y DE LA IGLESIA,S.A.;30,38;6,38;30,38
;1250011597;17/02/2025;525;AMILIBIA Y DE LA IGLESIA,S.A.;521,74;109,57;521,74
;1250019895;19/03/2025;525;AMILIBIA Y DE LA IGLESIA,S.A.;218,54;45,89;218,54
;1250020921;21/03/2025;525;AMILIBIA Y DE LA IGLESIA,S.A.;158,6;33,31;158,6
;1250022313;27/03/2025;525;AMILIBIA Y DE LA IGLESIA,S.A.;220,8;46,37;220,8
;1250023773;02/04/2025;525;AMILIBIA Y DE LA IGLESIA,S.A.;371,6;78,04;371,6
;1250023961;02/04/2025;525;AMILIBIA Y DE LA IGLESIA,S.A.;249,8;52,46;249,8
;1250024676;04/04/2025;525;AMILIBIA Y DE LA IGLESIA,S.A.;234,89;49,33;234,89
;1250027321;15/04/2025;525;AMILIBIA Y DE LA IGLESIA,S.A.;265,5;55,76;265,5
;1250027728;16/04/2025;525;AMILIBIA Y DE LA IGLESIA,S.A.;251,96;52,91;251,96
;1250028047;22/04/2025;525;AMILIBIA Y DE LA IGLESIA,S.A.;262;55,02;262
;1250030376;12/05/2025;525;AMILIBIA Y DE LA IGLESIA,S.A.;519,89;109,18;519,89
;125003047;31/10/2025;11586;BINSOFT INFORMATICA, S.L.;402,33;84,49;402,33
;1250030655;12/05/2025;525;AMILIBIA Y DE LA IGLESIA,S.A.;105,8;22,22;105,8
;125003289;26/11/2025;11586;BINSOFT INFORMATICA, S.L.;6000;1260;6000
;1250036163;27/05/2025;525;AMILIBIA Y DE LA IGLESIA,S.A.;254,34;53,41;254,34
;1250037604;30/05/2025;525;AMILIBIA Y DE LA IGLESIA,S.A.;312,04;65,53;312,04
;1250042424;18/06/2025;525;AMILIBIA Y DE LA IGLESIA,S.A.;79;16,59;79
;25022974;07/08/2025;583;PLASTICOS TA-TAY,S.A.;391,89;82,3;391,89
;25029333;03/10/2025;583;PLASTICOS TA-TAY,S.A.;494,98;103,95;494,98
;25130403;21/05/2025;7246;ROYO SPAIN, S.L.;511,67;107,45;511,67
;25148173;03/09/2025;7246;ROYO SPAIN, S.L.;567,54;119,18;567,54
;25505255;17/02/2025;6917;FIORA BATH COLLECTIONS, S.L.;378,3;79,44;378,3
;25512720;20/05/2025;6917;FIORA BATH COLLECTIONS, S.L.;322,52;67,73;322,52
;25518684;28/08/2025;6917;FIORA BATH COLLECTIONS, S.L.;269,17;56,53;269,17
;3849;06/10/2025;4450;VALENPLAS, S.L.;830,64;174,43;830,64
;76241025;24/10/2025;10013;BANCO SANTANDER, S.A.;11,29;2,37;11,29
;01/01223;20/01/2025;2621;COFAN LA MANCHA, S.A.;168,32;35,35;168,32
;01/01914;29/01/2025;2621;COFAN LA MANCHA, S.A.;153,62;32,25;153,62
;01/07207;10/02/2025;2621;COFAN LA MANCHA, S.A.;154,86;32,52;154,86
;01/07307;11/02/2025;2621;COFAN LA MANCHA, S.A.;159,61;33,52;159,61
;01/08404;24/02/2025;2621;COFAN LA MANCHA, S.A.;129,82;27,26;129,82
;01/08738;27/02/2025;2621;COFAN LA MANCHA, S.A.;186,78;39,22;186,78
;01/12/2025;01/12/2025;11438;ALPHABET ESPA?A FLEET MANAGEMENT, S.A.U.;1075,59;225,87;1075,59
;01/14445;18/03/2025;2621;COFAN LA MANCHA, S.A.;216,37;45,43;216,37
;01/15059;26/03/2025;2621;COFAN LA MANCHA, S.A.;165,04;34,65;165,04
;01/20137;02/04/2025;2621;COFAN LA MANCHA, S.A.;159,88;33,58;159,88
;01/27136;09/05/2025;2621;COFAN LA MANCHA, S.A.;184,3;38,7;184,3
;01/28267;22/05/2025;2621;COFAN LA MANCHA, S.A.;184,26;38,7;184,26
;01/28416;23/05/2025;2621;COFAN LA MANCHA, S.A.;165,03;34,66;165,03
;01/28805;28/05/2025;2621;COFAN LA MANCHA, S.A.;125,73;26,4;125,73
;01/28985;29/05/2025;2621;COFAN LA MANCHA, S.A.;187,23;39,32;187,23
;01/29228;30/05/2025;2621;COFAN LA MANCHA, S.A.;270,18;56,74;270,18
;01/41293;02/07/2025;2621;COFAN LA MANCHA, S.A.;150,56;31,62;150,56
;01/41907;09/07/2025;2621;COFAN LA MANCHA, S.A.;188,23;39,53;188,23
;01/43677;29/07/2025;2621;COFAN LA MANCHA, S.A.;194,56;40,86;194,56
;01/56521;26/09/2025;2621;COFAN LA MANCHA, S.A.;154,29;32,4;154,29
;01/62090;08/10/2025;2621;COFAN LA MANCHA, S.A.;166,38;34,94;166,38
;01/62576;13/10/2025;2621;COFAN LA MANCHA, S.A.;66,04;13,87;66,04
;01/62789;15/10/2025;2621;COFAN LA MANCHA, S.A.;179,23;37,64;179,23
;01/62944;17/10/2025;2621;COFAN LA MANCHA, S.A.;153,38;32,21;153,38
;01/78396;30/12/2025;2621;COFAN LA MANCHA, S.A.;169,46;35,58;169,46
;100023138;27/05/2025;4983;CATA ELECTRODOMESTICOS, S.L.;764,39;160,52;764,39
;-11094;15/09/2025;20055;POALGI, S.L.;766,23;160,91;766,23
;116080725;08/07/2025;10013;BANCO SANTANDER, S.A.;11,29;2,37;11,29
;018271/51;02/09/2025;8112;TAU CERAMICA SOLUTIONS, S.L.U.;14,03;2,95;14,03
;184181225;18/12/2025;10013;BANCO SANTANDER, S.A.;11,29;2,37;11,29
;250001033;14/02/2025;17529;BENITO URBAN, SLU;-41,54;-8,72;-41,54
;250891812;31/05/2025;12407;SOC. ESTATAL CORREOS Y TELEGRAFOS, S.A.;28,71;6,03;58,97
;025V779037;15/11/2025;502;ELEKTRA CATALUNYA XXI SL;2253,61;473,26;2253,61
;2603;15/11/2025;9679;CERAMICA LA COMA, S.A.;429;90,09;429
;28022363;17/02/2025;11866;RODI ARAN, S.L.;421,35;88,48;425,53
;28023431;24/04/2025;11866;RODI ARAN, S.L.;1113,93;233,93;1113,93
;30626;31/10/2025;1908;TUBS 1313, S.A.;170,38;35,78;170,38
;039/V25/49;10/01/2025;2340;ARAPELLET, S.L.;5457,38;1146,05;5457,38
;833793651;25/03/2025;10013;BANCO SANTANDER, S.A.;57,9;12,16;57,9
;85407;19/11/2025;3275;CODIS MOBILIARIO, S.A.;289,38;60,77;289,38
;1631;15/07/2025;13947;BALUE JUSTO ADVOCATS, S.L.;110;23,1;110
;1633184268;10/02/2025;800;HOLCIM ESPAÑA, S.A.U.;1072,8;225,29;1072,8
;1633186456;10/03/2025;800;HOLCIM ESPAÑA, S.A.U.;1576;330,96;1576
;1633188943;10/04/2025;800;HOLCIM ESPAÑA, S.A.U.;3218,4;675,86;3218,4
;1633191074;10/05/2025;800;HOLCIM ESPAÑA, S.A.U.;3397,2;713,41;3397,2
;1633192811;31/05/2025;800;HOLCIM ESPAÑA, S.A.U.;2860,8;600,77;2860,8
;1633196910;20/07/2025;800;HOLCIM ESPAÑA, S.A.U.;3218,4;675,86;3218,4
;1633199613;31/08/2025;800;HOLCIM ESPAÑA, S.A.U.;2705,8;568,22;2705,8
;1633200419;10/09/2025;800;HOLCIM ESPA?A, S.A.U.;2324,4;488,12;2324,4
;1633201220;20/09/2025;800;HOLCIM ESPA?A, S.A.U.;2860,8;600,77;2860,8
;1644048151;10/03/2025;800;HOLCIM ESPAÑA, S.A.U.;2644,64;555,37;2644,64
;1644048153;10/03/2025;800;HOLCIM ESPAÑA, S.A.U.;388,8;81,65;388,8
;1644048683;31/03/2025;800;HOLCIM ESPAÑA, S.A.U.;1948,16;409,11;1948,16
;1644049263;20/04/2025;800;HOLCIM ESPAÑA, S.A.U.;3258,12;684,21;3258,12
;1644049813;10/05/2025;800;HOLCIM ESPAÑA, S.A.U.;2922,24;613,67;2922,24
;1644051381;30/06/2025;800;HOLCIM ESPAÑA, S.A.U.;803,44;168,72;803,44
;1644052249;31/07/2025;800;HOLCIM ESPAÑA, S.A.U.;4807,64;1009,6;4807,64
;1644053198;10/09/2025;800;HOLCIM ESPA?A, S.A.U.;882;185,22;882
;1644053198;10/09/2025;10800;HOLCIM ESPA?A, S.A.U.;882;185,22;882
;1644053471;20/09/2025;800;HOLCIM ESPA?A, S.A.U.;1301,28;273,27;1301,28
;1644055223;20/11/2025;800;HOLCIM ESPA?A, S.A.U.;2332,36;489,8;2332,36
;17004734;13/02/2025;721;ARISTON THERMO ESPAÑA, S.L.U.;620,44;130,29;620,44
;1714;04/03/2025;9790;INDUSTRIAS GONAL HISPANIA, S.L.;60,84;12,78;60,84
;172726;30/07/2025;4254;SOLUCIONES CONFORT TERMICO S.A.;1744,75;366,39;1744,75
;175080525;08/05/2025;10013;BANCO SANTANDER, S.A.;10,87;2,28;10,87
;18/02/2025;16/06/2025;4970;GRANITOS LEON, C.B.;1620;340,2;1620
;1908258694;15/01/2025;7218;FERRETERIES CATALONIA, S.A.;108,83;22,85;108,83
;1908277939;31/07/2025;7218;FERRETERIES CATALONIA, S.A.;146,88;30,84;146,88
;1908288497;29/11/2025;7218;FERRETERIES CATALONIA, S.A.;38,86;8,16;38,86
;25031163;22/10/2025;583;PLASTICOS TA-TAY,S.A.;150,37;31,58;150,37
;25034255;20/11/2025;583;PLASTICOS TA-TAY,S.A.;293,87;61,71;293,87
;25102506;07/01/2025;7246;ROYO SPAIN, S.L.;89,73;18,84;89,73
;251368;20/10/2025;7469;CER?MICA BELIANES, S.L.;3162,55;664,14;3162,55
;2514823;25/08/2025;7246;ROYO SPAIN, S.L.;472,01;99,12;472,01
;25163823;24/11/2025;7246;ROYO SPAIN, S.L.;150,82;31,67;150,82
;425086;30/06/2025;12497;TRANSVIA RAPIT, S.L.;41,32;8,68;41,32
;90059310;31/01/2025;6693;CEMENTOS MOLINS INDUSTRIAL, S.A.;1419,44;298,08;1419,44
;90230925;23/09/2025;10013;BANCO SANTANDER, S.A.;38,82;8,15;38,82
;96140825;14/08/2025;10013;BANCO SANTANDER, S.A.;23,56;4,95;23,56
;01/00041;03/01/2025;2621;COFAN LA MANCHA, S.A.;172,63;36,25;172,63
;01/00091;19/03/2025;12387;MARIA CRISTINA HERNANDEZ RUIZ;60,72;12,75;60,72
;01/06740;04/02/2025;2621;COFAN LA MANCHA, S.A.;414,96;87,15;414,96
;01/07771;14/02/2025;2621;COFAN LA MANCHA, S.A.;155,37;32,62;155,37
;01/14627;20/03/2025;2621;COFAN LA MANCHA, S.A.;158,31;33,25;158,31
;01/20718;09/04/2025;2621;COFAN LA MANCHA, S.A.;173,41;36,42;173,41
;01/20855;10/04/2025;2621;COFAN LA MANCHA, S.A.;171,06;35,92;171,06
;01/21309;15/04/2025;2621;COFAN LA MANCHA, S.A.;153,33;32,19;153,33
;01/21821;25/04/2025;2621;COFAN LA MANCHA, S.A.;141,05;29,62;141,05
;01/26786;06/05/2025;2621;COFAN LA MANCHA, S.A.;187,57;39,39;187,57
;01/34836;11/06/2025;2621;COFAN LA MANCHA, S.A.;195,62;41,08;195,62
;01/35322;17/06/2025;2621;COFAN LA MANCHA, S.A.;157,65;33,1;157,65
;01/36634;30/06/2025;2621;COFAN LA MANCHA, S.A.;158,87;33,36;158,87
;01/41561;03/07/2025;2621;COFAN LA MANCHA, S.A.;151,78;31,87;151,78
;01/43577;28/07/2025;2621;COFAN LA MANCHA, S.A.;204,31;42,9;204,31
;01/55776;18/09/2025;2621;COFAN LA MANCHA, S.A.;151,44;31,8;151,44
;01/56425;25/09/2025;2621;COFAN LA MANCHA, S.A.;183,55;38,55;183,55
;01/62308;09/10/2025;2621;COFAN LA MANCHA, S.A.;173,36;36,41;173,36
;01/70727;19/11/2025;2621;COFAN LA MANCHA, S.A.;256,09;53,78;256,09
;01/71597;28/11/2025;2621;COFAN LA MANCHA, S.A.;173,24;36,37;173,24
;01/77101;11/12/2025;2621;COFAN LA MANCHA, S.A.;156,37;32,84;156,37
;-11932;30/09/2025;20055;POALGI, S.L.;176,8;37,13;176,8
;102070725;07/07/2025;10013;BANCO SANTANDER, S.A.;11,29;2,37;11,29
;115080425;08/04/2025;10013;BANCO SANTANDER, S.A.;10,87;2,28;10,87
;126201125;20/11/2025;10013;BANCO SANTANDER, S.A.;17,29;3,63;17,29
;133397258;13/01/2025;10013;BANCO SANTANDER, S.A.;155,4;32,63;155,4
;133397260;13/01/2025;10013;BANCO SANTANDER, S.A.;9;1,89;9
;135090925;09/09/2025;10013;BANCO SANTANDER, S.A.;23,95;5,03;23,95
;147251125;25/11/2025;10013;BANCO SANTANDER, S.A.;11,29;2,37;11,29
;1821;07/09/2025;17435;CRISTIAN BAEZ FERRUS;560;117,6;560
;204040725;04/07/2025;10013;BANCO SANTANDER, S.A.;11,29;2,37;11,29
;210594259;24/02/2025;7529;BENITO URBAN, SLU;223,5;46,94;223,5
;223451359;22/01/2025;10013;BANCO SANTANDER, S.A.;48,6;10,21;48,6
;252501582;09/09/2025;6793;PLABELL COMERCIAL,S.L.;1048,34;220,15;1048,34
;025604/51;04/12/2025;8112;TAU CERAMICA SOLUTIONS, S.L.U.;19,59;4,11;19,59
;025V770833;15/09/2025;502;ELEKTRA CATALUNYA XXI SL;461,51;96,92;461,51
;025V772391;30/09/2025;502;ELEKTRA CATALUNYA XXI SL;207,67;43,61;207,67
;025V780908;30/11/2025;502;ELEKTRA CATALUNYA XXI SL;2568,92;539,47;2568,92
;28022205;17/02/2025;11866;RODI ARAN, S.L.;1858,73;390,33;1858,73
;28022682;14/03/2025;11866;RODI ARAN, S.L.;82,26;17,27;82,26
;28023521;30/04/2025;11866;RODI ARAN, S.L.;334,39;70,22;334,39
;28024171;05/06/2025;11866;RODI ARAN, S.L.;464,27;97,5;464,27
;28024716;03/07/2025;11866;RODI ARAN, S.L.;674,34;141,61;674,34
;29894;31/03/2025;1908;TUBS 1313, S.A.;117,12;24,6;117,12
;047577/51;25/11/2025;6013;ECOCERAMIC, SLU;945,36;198,53;945,36
;5112109;27/10/2025;6472;DAKE FREGADEROS,S.L.U.;-391,2;-82,15;-391,2
;08/10/2025;08/10/2025;8438;DINAK, S.A.;65,71;13,8;65,71
;09/10/2025;09/10/2025;8438;DINAK, S.A.;694,32;145,81;694,32
;1633183585;31/01/2025;800;HOLCIM ESPAÑA, S.A.U.;2758;579,18;2758
;1633186455;10/03/2025;800;HOLCIM ESPAÑA, S.A.U.;2145,6;450,58;2145,6
;1633187220;20/03/2025;800;HOLCIM ESPAÑA, S.A.U.;2908,4;610,76;2908,4
;1633187221;20/03/2025;800;HOLCIM ESPAÑA, S.A.U.;3546;744,66;3546
;1633188004;31/03/2025;800;HOLCIM ESPAÑA, S.A.U.;1966,8;413,03;1966,8
;1633191075;10/05/2025;800;HOLCIM ESPAÑA, S.A.U.;2324,4;488,12;2324,4
;1633192812;31/05/2025;800;HOLCIM ESPAÑA, S.A.U.;2397,2;503,41;2397,2
;1633194596;20/06/2025;800;HOLCIM ESPAÑA, S.A.U.;1788;375,48;1788
;1633195377;30/06/2025;800;HOLCIM ESPAÑA, S.A.U.;3039,6;638,32;3039,6
;1633196214;10/07/2025;800;HOLCIM ESPAÑA, S.A.U.;2860,8;600,77;2860,8
;1633197761;31/07/2025;800;HOLCIM ESPAÑA, S.A.U.;4291,2;901,15;4291,2
;1633198389;10/08/2025;800;HOLCIM ESPAÑA, S.A.U.;2550,8;535,67;2550,8
;1633199614;31/08/2025;800;HOLCIM ESPAÑA, S.A.U.;1609,2;337,93;1609,2
;1633202831;10/10/2025;800;HOLCIM ESPA?A, S.A.U.;5054;1061,34;5054
;1644047139;31/01/2025;800;HOLCIM ESPAÑA, S.A.U.;1892;397,32;1892
;1644047686;20/02/2025;800;HOLCIM ESPAÑA, S.A.U.;4409,44;925,98;4409,44
;1644048152;10/03/2025;800;HOLCIM ESPAÑA, S.A.U.;2922,24;613,67;2922,24
;1644048391;20/03/2025;800;HOLCIM ESPAÑA, S.A.U.;882;185,22;882
;1644048684;31/03/2025;800;HOLCIM ESPAÑA, S.A.U.;2262,32;475,09;2262,32
;1644050404;31/05/2025;800;HOLCIM ESPAÑA, S.A.U.;1461,12;306,84;1461,12
;1644050405;31/05/2025;800;HOLCIM ESPAÑA, S.A.U.;2580,96;542;2580,96
;1250043404;23/06/2025;525;AMILIBIA Y DE LA IGLESIA,S.A.;513,47;107,83;513,47
;1250043728;24/06/2025;525;AMILIBIA Y DE LA IGLESIA,S.A.;191,69;40,25;191,69
;1250043729;24/06/2025;525;AMILIBIA Y DE LA IGLESIA,S.A.;169;35,49;169
;1250045508;01/07/2025;525;AMILIBIA Y DE LA IGLESIA,S.A.;182,72;38,37;182,72
;1250046980;07/07/2025;525;AMILIBIA Y DE LA IGLESIA,S.A.;268,09;56,3;268,09
;1250053873;04/08/2025;525;AMILIBIA Y DE LA IGLESIA,S.A.;276,9;58,15;276,9
;1250055579;11/08/2025;525;AMILIBIA Y DE LA IGLESIA,S.A.;155,74;32,71;155,74
;1250055581;11/08/2025;525;AMILIBIA Y DE LA IGLESIA,S.A.;155,9;32,74;155,9
;1250059281;01/09/2025;525;AMILIBIA Y DE LA IGLESIA,S.A.;244,87;51,42;244,87
;1250061746;10/09/2025;525;AMILIBIA Y DE LA IGLESIA,S.A.;1030,82;216,47;1030,82
;1250063179;16/09/2025;525;AMILIBIA Y DE LA IGLESIA,S.A.;168,26;35,33;168,26
;1250064132;18/09/2025;525;AMILIBIA Y DE LA IGLESIA,S.A.;239,07;50,2;239,07
;1250073R07;24/10/2025;525;AMILIBIA Y DE LA IGLESIA,S.A.;667,97;140,27;667,97
;1250075793;30/10/2025;525;AMILIBIA Y DE LA IGLESIA,S.A.;52,3;10,98;52,3
;1250076396;03/11/2025;525;AMILIBIA Y DE LA IGLESIA,S.A.;184,66;38,78;184,66
;1250081099;19/11/2025;525;AMILIBIA Y DE LA IGLESIA,S.A.;271,54;57,02;271,54
;1250085200;04/12/2025;525;AMILIBIA Y DE LA IGLESIA,S.A.;246,75;51,82;246,75
;12503575;17/02/2025;1201;KERABEN GRUPO, S.A.;361,17;75,85;361,17
;1250902112;26/09/2025;2902;SANYCCES DESIGN, SLU;636,35;133,63;636,35
;1251100993;14/11/2025;2902;SANYCCES DESIGN, SLU;500,03;105,01;500,03
;1251403427;31/01/2025;264;DIADORA SPORT, S.R.L.;420,73;88,35;420,73
;1251405540;17/02/2025;264;DIADORA SPORT, S.R.L.;818,71;171,93;818,71
;1251409395;20/03/2025;264;DIADORA SPORT, S.R.L.;705,16;148,08;705,16
;1251413036;17/04/2025;264;DIADORA SPORT, S.R.L.;235,4;49,43;235,4
;1251419595;26/06/2025;264;DIADORA SPORT, S.R.L.;565,23;118,7;565,23
;1251421364;14/07/2025;264;DIADORA SPORT, S.R.L.;969,7;203,64;969,7
;1251431254;23/10/2025;264;DIADORA SPORT, S.R.L.;503,22;105,68;503,22
;1251431911;27/10/2025;264;DIADORA SPORT, S.R.L.;67,33;14,14;67,33
;1251434369;14/11/2025;264;DIADORA SPORT, S.R.L.;156,57;32,88;156,57
;12516701;18/07/2025;1201;KERABEN GRUPO, S.A.;75,96;15,95;75,96
;1255078;09/05/2025;7009;SAMARRETTA 1981 SLU;200;42;200
;1255079;09/05/2025;10972;SAMARRETTA 1981 SLU;972;204,12;972
;1255098;29/07/2025;10972;SAMARRETTA 1981 SLU;324;68,04;324
;129,66EUR;05/12/2025;491;TECNICAS EXPANSIVAS,S.L.;107,16;22,5;107,16
;12VFV06492;25/12/2025;826;VELAMEN, S.A.;200,21;42,04;200,21
;1306;01/11/2025;18159;MARCO INVEST, S.A.;125;26,25;125
;1-319.862;10/12/2025;14964;INGEPERFIL, S.L.;2294,06;481,75;2294,06
;132240625;24/06/2025;10013;BANCO SANTANDER, S.A.;11,29;2,37;11,29
;1333517122;14/02/2025;3550;BSH ELECTRODOMESTICOS ESPAÑA, S.A.;115,41;24,24;115,41
;1333521731;18/02/2025;3550;BSH ELECTRODOMESTICOS ESPAÑA, S.A.;332,55;69,84;332,55
;1333526200;20/02/2025;3550;BSH ELECTRODOMESTICOS ESPAÑA, S.A.;1012,31;212,59;1012,31
;1333615487;05/05/2025;3550;BSH ELECTRODOMESTICOS ESPAÑA, S.A.;422,19;88,66;422,19
;1333620162;07/05/2025;3550;BSH ELECTRODOMESTICOS ESPAÑA, S.A.;393,73;82,68;393,73
;1333634420;16/05/2025;3550;BSH ELECTRODOMESTICOS ESPAÑA, S.A.;324,72;68,19;324,72
;1333647038;27/05/2025;3550;BSH ELECTRODOMESTICOS ESPAÑA, S.A.;176,06;36,97;176,06
;1333674828;16/06/2025;3550;BSH ELECTRODOMESTICOS ESPAÑA, S.A.;298,31;62,65;298,31
;1333689656;27/06/2025;3550;BSH ELECTRODOMESTICOS ESPAÑA, S.A.;736,49;154,66;736,49
;1333700393;04/07/2025;3550;BSH ELECTRODOMESTICOS ESPAÑA, S.A.;708,82;148,85;708,82
;1333705399;09/07/2025;3550;BSH ELECTRODOMESTICOS ESPAÑA, S.A.;787,45;165,36;787,45
;1333711152;14/07/2025;3550;BSH ELECTRODOMESTICOS ESPAÑA, S.A.;1785,42;374,94;1785,42
;1333717270;17/07/2025;3550;BSH ELECTRODOMESTICOS ESPAÑA, S.A.;164,32;34,51;164,32
;1333717872;17/07/2025;3550;BSH ELECTRODOMESTICOS ESPAÑA, S.A.;371,75;78,07;371,75
;1333733901;31/07/2025;3550;BSH ELECTRODOMESTICOS ESPAÑA, S.A.;440,04;92,41;440,04
;1333742177;11/08/2025;3550;BSH ELECTRODOMESTICOS ESPAÑA, S.A.;1268,06;266,29;1268,06
;1333748513;19/08/2025;3550;BSH ELECTRODOMESTICOS ESPAÑA, S.A.;728,67;153,02;728,67
;1333749479;20/08/2025;3550;BSH ELECTRODOMESTICOS ESPAÑA, S.A.;788,18;165,52;788,18
;1333761096;01/09/2025;3550;BSH ELECTRODOMESTICOS ESPAÑA, S.A.;389,33;81,76;389,33
;1333762264;02/09/2025;3550;BSH ELECTRODOMESTICOS ESPA?A, S.A.;278,75;58,54;278,75
;1333763810;03/09/2025;3550;BSH ELECTRODOMESTICOS ESPA?A, S.A.;264,82;55,61;264,82
;1333787560;23/09/2025;3550;BSH ELECTRODOMESTICOS ESPA?A, S.A.;1958,99;411,39;1958,99
;1333817379;16/10/2025;3550;BSH ELECTRODOMESTICOS ESPA?A, S.A.;484,15;101,67;484,15
;1333825901;23/10/2025;3550;BSH ELECTRODOMESTICOS ESPA?A, S.A.;291,47;61,21;291,47
;1333846342;06/11/2025;3550;BSH ELECTRODOMESTICOS ESPA?A, S.A.;625,97;131,45;625,97
;1333849657;10/11/2025;3550;BSH ELECTRODOMESTICOS ESPA?A, S.A.;622,06;130,63;622,06
;1333851352;11/11/2025;3550;BSH ELECTRODOMESTICOS ESPA?A, S.A.;549,68;115,43;549,68
;1333851353;11/11/2025;3550;BSH ELECTRODOMESTICOS ESPA?A, S.A.;357,53;75,08;357,53
;1333860736;17/11/2025;3550;BSH ELECTRODOMESTICOS ESPA?A, S.A.;811,62;170,44;811,62
;1333895285;11/12/2025;3550;BSH ELECTRODOMESTICOS ESPA?A, S.A.;1897,87;398,55;1897,87
;1333897182;12/12/2025;3550;BSH ELECTRODOMESTICOS ESPA?A, S.A.;357;74,97;357
;25001311;17/01/2025;583;PLASTICOS TA-TAY,S.A.;329,35;69,16;329,35
;25003562;12/02/2025;583;PLASTICOS TA-TAY,S.A.;441,3;92,67;441,3
;25005195;26/02/2025;583;PLASTICOS TA-TAY,S.A.;206,4;43,34;206,4
;25006807;13/03/2025;583;PLASTICOS TA-TAY,S.A.;268,42;56,37;268,42
;1.322;16/01/2025;12062;DISTRIBUIDORA BOSCH HNOS.,S.A.;102,9;21,61;102,9
;1/00656;31/03/2025;9679;CERAMICA LA COMA, S.A.;-507,3;-106,53;-507,3
;1/01055;15/05/2025;9679;CERAMICA LA COMA, S.A.;4237,83;889,94;4237,83
;1/01316;15/06/2025;9679;CERAMICA LA COMA, S.A.;2810,6;590,23;2810,6
;1/01893;31/08/2025;9679;CERAMICA LA COMA, S.A.;2028,4;425,96;2028,4
;1/02007;15/09/2025;9679;CERAMICA LA COMA, S.A.;998;209,58;998
;1/02276;15/10/2025;9679;CERAMICA LA COMA, S.A.;1481,6;311,14;1481,6
;1/02747;30/11/2025;9679;CERAMICA LA COMA, S.A.;1002,54;210,53;1002,54
;1/260;05/06/2025;9644;IMPREGNACION DE MADERAS, S.A.;632,9;132,91;632,9
;10.093.155;05/09/2025;9753;ABSARA INDUSTRIAL, S.L.U.;692,28;145,38;692,28
;10.095.132;14/11/2025;9753;ABSARA INDUSTRIAL, S.L.U.;246,78;51,82;246,78
;1000017394;15/12/2025;1840;GRUPO ELECTRO STOCK, SLU;17,01;3,57;17,01
;100010072;27/08/2025;1913;BARIPERFIL, S.L.;2330,29;489,36;2330,29
;100011757;08/10/2025;1913;BARIPERFIL, S.L.;42,8;8,99;42,8
;100012382;24/10/2025;1913;BARIPERFIL, S.L.;19,06;4;19,06
;100012480;29/10/2025;1913;BARIPERFIL, S.L.;2226,1;467,48;2226,1
;100013566;21/11/2025;1913;BARIPERFIL, S.L.;34,89;7,33;34,89
;1003312;13/03/2025;17962;SANTOS MORILLAS, S.L.;3651,16;766,74;3651,16
;1003362;11/11/2025;17962;SANTOS MORILLAS, S.L.;705,8;148,22;705,8
;1005606;11/07/2025;4371;FUENTES CRESPO, Luis Fernandez;65;13,65;65
;1010087021;17/01/2025;9753;ABSARA INDUSTRIAL, S.L.;203,04;42,64;203,04
;1010088896;18/03/2025;9753;ABSARA INDUSTRIAL, S.L.;160,92;33,79;160,92
;1010091584;18/06/2025;9753;ABSARA INDUSTRIAL, S.L.U.;831,6;174,64;831,6
;101-063767;07/11/2025;1732;IMEX PRODUCTS, S.L.;98,4;20,66;98,4
;1020187794;24/03/2025;4862;ROTHENBERGER, S.A.;275,1;57,77;275,1
;1020197108;30/07/2025;4862;ROTHENBERGER, S.A.;3201,72;672,36;3201,72
;1020202740;27/10/2025;4862;ROTHENBERGER, S.A.;1,78;0,37;1,78
;103226/25;18/02/2025;3950;PERIS Y CIA, S.A.;1877,53;394,28;1877,53
;104872;28/11/2025;5330;BRONPI CALEFACCION, S.L.;803,25;168,68;803,25
;10556;05/06/2025;5330;BRONPI CALEFACCION, S.L.;17,6;3,7;17,6
;106051;22/12/2025;5330;BRONPI CALEFACCION, S.L.;949,41;199,38;949,41
;1070100889;31/01/2025;3633;CERAMICAS GALA, S.A.;544,86;114,42;544,86
;1070109977;15/09/2025;3633;CERAMICAS GALA, S.A.;170,6;35,83;170,6
;110305038;12/03/2025;6298;EGLO ESPANA ILUMINACION, S.L.;469,61;98,62;469,61
;1109;28/02/2025;2747;SAURMIDECOR S.L;66,69;14;66,69
;111461039;27/08/2025;2566;FLEX EQUIPOS DE DESCANSO, S.A.;329,4;69,17;329,4
;111489434;22/10/2025;2566;FLEX EQUIPOS DE DESCANSO, S.A.;1113,05;233,74;1113,05
;111489435;22/10/2025;2566;FLEX EQUIPOS DE DESCANSO, S.A.;775,05;162,76;775,05
;123040625;04/06/2025;10013;BANCO SANTANDER, S.A.;10,87;2,28;10,87
;125000120;16/01/2025;11586;BINSOFT INFORMATICA, S.L.;595;124,95;595
;1250006159;27/01/2025;525;AMILIBIA Y DE LA IGLESIA,S.A.;191,18;40,15;191,18
;1250010141;11/02/2025;525;AMILIBIA Y DE LA IGLESIA,S.A.;247,76;52,03;247,76
;1250017356;10/03/2025;525;AMILIBIA Y DE LA IGLESIA,S.A.;487,18;102,31;487,18
;1250023529;01/04/2025;525;AMILIBIA Y DE LA IGLESIA,S.A.;392,66;82,46;392,66
;1250027542;16/04/2025;525;AMILIBIA Y DE LA IGLESIA,S.A.;191,45;40,2;191,45
;1250029177;25/04/2025;525;AMILIBIA Y DE LA IGLESIA,S.A.;167,38;35,15;167,38
;125003225;19/11/2025;11586;BINSOFT INFORMATICA, S.L.;101,81;21,38;101,81
;1250033887;20/05/2025;525;AMILIBIA Y DE LA IGLESIA,S.A.;2807,52;589,58;2807,52
;1250036399;28/05/2025;525;AMILIBIA Y DE LA IGLESIA,S.A.;257,6;54,1;257,6
;1250038962;05/06/2025;525;AMILIBIA Y DE LA IGLESIA,S.A.;184,8;38,81;184,8
;1250041168;13/06/2025;525;AMILIBIA Y DE LA IGLESIA,S.A.;409,5;86;409,5
;1250042791;19/06/2025;525;AMILIBIA Y DE LA IGLESIA,S.A.;242,93;51,02;242,93
;1250043727;24/06/2025;525;AMILIBIA Y DE LA IGLESIA,S.A.;328,28;68,94;328,28
;1250044817;27/06/2025;525;AMILIBIA Y DE LA IGLESIA,S.A.;208,84;43,86;208,84
;1250049899;17/07/2025;525;AMILIBIA Y DE LA IGLESIA,S.A.;2080,89;436,99;2080,89
;1250053874;04/08/2025;525;AMILIBIA Y DE LA IGLESIA,S.A.;303,71;63,78;303,71
;1250054938;07/08/2025;525;AMILIBIA Y DE LA IGLESIA,S.A.;144,9;30,43;144,9
;1250057189;20/08/2025;525;AMILIBIA Y DE LA IGLESIA,S.A.;197,45;41,46;197,45
;1250058021;25/08/2025;525;AMILIBIA Y DE LA IGLESIA,S.A.;208,6;43,81;208,6
;1250059280;01/09/2025;525;AMILIBIA Y DE LA IGLESIA,S.A.;196,81;41,33;196,81
;1250064538;22/09/2025;525;AMILIBIA Y DE LA IGLESIA,S.A.;2554,25;536,39;2554,25
;1250064539;22/09/2025;525;AMILIBIA Y DE LA IGLESIA,S.A.;2023,15;424,86;2023,15
;1250066006;25/09/2025;525;AMILIBIA Y DE LA IGLESIA,S.A.;561,47;117,91;561,47
;1250066476;29/09/2025;525;AMILIBIA Y DE LA IGLESIA,S.A.;69;14,49;69
;1250069562;08/10/2025;525;AMILIBIA Y DE LA IGLESIA,S.A.;366,38;76,94;366,38
;125006R0R4;03/10/2025;525;AMILIBIA Y DE LA IGLESIA,S.A.;326,36;68,54;326,36
;1250071515;16/10/2025;525;AMILIBIA Y DE LA IGLESIA,S.A.;152,46;32,02;152,46
;1250072309;20/10/2025;525;AMILIBIA Y DE LA IGLESIA,S.A.;245,5;51,56;245,5
;1250073434;23/10/2025;525;AMILIBIA Y DE LA IGLESIA,S.A.;275,24;57,8;275,24
;1250076730;04/11/2025;525;AMILIBIA Y DE LA IGLESIA,S.A.;166,46;34,96;166,46
;1250079592;13/11/2025;525;AMILIBIA Y DE LA IGLESIA,S.A.;208,1;43,7;208,1
;125007R023;07/11/2025;525;AMILIBIA Y DE LA IGLESIA,S.A.;308,16;64,71;308,16
;12500822/N;24/11/2025;525;AMILIBIA Y DE LA IGLESIA,S.A.;286,12;60,09;286,12
;1250082705;25/11/2025;525;AMILIBIA Y DE LA IGLESIA,S.A.;399,71;83,94;399,71
;1250083R24;28/11/2025;525;AMILIBIA Y DE LA IGLESIA,S.A.;204,44;42,93;204,44
;1250086305;10/12/2025;525;AMILIBIA Y DE LA IGLESIA,S.A.;198,92;41,77;198,92
;1250087629;16/12/2025;525;AMILIBIA Y DE LA IGLESIA,S.A.;216,05;45,37;216,05
;1250087630;16/12/2025;525;AMILIBIA Y DE LA IGLESIA,S.A.;320,89;67,39;320,89
;1250088102;17/12/2025;525;AMILIBIA Y DE LA IGLESIA,S.A.;536,9;112,75;536,9
;1250118322;07/02/2025;19643;SOCIEDAD GENERAL DE AUTORES Y EDITORES;234,6;49,27;234,6
;1250227457;28/02/2025;1840;GRUPO ELECTRO STOCK, SLU;565,94;118,85;565,94
;1250400228;04/04/2025;1235;COMERCIAL SANYC CES, S.L.;299,75;62,95;299,75
;12504299;25/02/2025;1201;KERABEN GRUPO, S.A.;1248,48;262,18;1248,48
;12507472;01/04/2025;1201;KERABEN GRUPO, S.A.;407,83;85,64;407,83
;1250902741;30/09/2025;2902;SANYCCES DESIGN, SLU;1070,31;224,77;1070,31
;12509-3451;25/09/2025;8186;TECNOPACKING, SLU;2937;616,77;2937
;1251001993;24/10/2025;2902;SANYCCES DESIGN, SLU;563,75;118,39;563,75
;12510128;07/05/2025;1201;KERABEN GRUPO, S.A.;142,92;30,01;142,92
;1251021120;31/10/2025;1840;GRUPO ELECTRO STOCK, SLU;8972,53;1884,23;8972,53
;1251201996;19/12/2025;2902;SANYCCES DESIGN, SLU;974,6;204,67;974,6
;12513339;10/06/2025;1201;KERABEN GRUPO, S.A.;112,14;23,55;112,14
;1251410468;27/03/2025;264;DIADORA SPORT, S.R.L.;47,85;10,05;47,85
;1251411639;07/04/2025;264;DIADORA SPORT, S.R.L.;52,65;11,06;52,65
;1251415168;12/05/2025;264;DIADORA SPORT, S.R.L.;1345,15;282,48;1345,15
;1251416298;22/05/2025;264;DIADORA SPORT, S.R.L.;276,65;58,1;276,65
;1251416299;22/05/2025;264;DIADORA SPORT, S.R.L.;401,25;84,26;401,25
;1251417658;05/06/2025;264;DIADORA SPORT, S.R.L.;788,99;165,69;788,99
;1251429795;09/10/2025;264;DIADORA SPORT, S.R.L.;634,72;133,29;634,72
;1251435389;24/11/2025;264;DIADORA SPORT, S.R.L.;368,55;77,4;368,55
;1251500945;28/04/2025;264;DIADORA SPORT, S.R.L.;-235,4;-49,43;-235,4
;1255095;29/07/2025;10972;SAMARRETTA 1981 SLU;456,44;95,85;456,44
;1312;16/12/2025;1556;MANUFACTURAS LUMA, S.L.;1240,88;260,58;1240,88
;1-315.028;03/04/2025;4964;INGEPERFIL, S.L.;1717,4;360,65;1717,4
;1-315.813;13/05/2025;4964;INGEPERFIL, S.L.;576,81;121,13;576,81
;1-318.461;02/10/2025;4964;INGEPERFIL, S.L.;778,45;163,47;778,45
;1333531641;25/02/2025;3550;BSH ELECTRODOMESTICOS ESPAÑA, S.A.;420,58;88,32;420,58
;1333558412;17/03/2025;3550;BSH ELECTRODOMESTICOS ESPAÑA, S.A.;254,3;53,4;254,3
;1333627592;13/05/2025;3550;BSH ELECTRODOMESTICOS ESPAÑA, S.A.;337,43;70,86;337,43
;1333674403;16/06/2025;3550;BSH ELECTRODOMESTICOS ESPAÑA, S.A.;212,07;44,53;212,07
;1333732087;31/07/2025;3550;BSH ELECTRODOMESTICOS ESPAÑA, S.A.;634,81;133,31;634,81
;1333742419;11/08/2025;3550;BSH ELECTRODOMESTICOS ESPAÑA, S.A.;269,46;56,59;269,46
;1333749987;20/08/2025;3550;BSH ELECTRODOMESTICOS ESPAÑA, S.A.;329,86;69,27;329,86
;1333769705;09/09/2025;3550;BSH ELECTRODOMESTICOS ESPA?A, S.A.;460,23;96,65;460,23
;1333779823;16/09/2025;3550;BSH ELECTRODOMESTICOS ESPA?A, S.A.;261,9;55;261,9
;1333780993;17/09/2025;3550;BSH ELECTRODOMESTICOS ESPA?A, S.A.;327,65;68,81;327,65
;1333781418;17/09/2025;3550;BSH ELECTRODOMESTICOS ESPA?A, S.A.;524,99;110,25;524,99
;1333787561;23/09/2025;3550;BSH ELECTRODOMESTICOS ESPA?A, S.A.;593,08;124,55;593,08
;1333793884;29/09/2025;3550;BSH ELECTRODOMESTICOS ESPA?A, S.A.;371,67;78,05;371,67
;1333807679;08/10/2025;3550;BSH ELECTRODOMESTICOS ESPA?A, S.A.;108,97;22,88;108,97
;1333809942;10/10/2025;3550;BSH ELECTRODOMESTICOS ESPA?A, S.A.;464,59;97,56;464,59
;1333843453;05/11/2025;3550;BSH ELECTRODOMESTICOS ESPA?A, S.A.;206,19;43,3;206,19
;1333873705;26/11/2025;3550;BSH ELECTRODOMESTICOS ESPA?A, S.A.;303,21;63,67;303,21
;1333879121;29/11/2025;3550;BSH ELECTRODOMESTICOS ESPA?A, S.A.;478,17;100,42;478,17
;1333897185;12/12/2025;3550;BSH ELECTRODOMESTICOS ESPA?A, S.A.;385,74;81,01;385,74
;1333898153;12/12/2025;3550;BSH ELECTRODOMESTICOS ESPA?A, S.A.;478,17;100,42;478,17
;1333904438;16/12/2025;3550;BSH ELECTRODOMESTICOS ESPA?A, S.A.;148,57;31,2;148,57
;1333915148;29/12/2025;3550;BSH ELECTRODOMESTICOS ESPA?A, S.A.;358,53;75,29;358,53
;1333915485;29/12/2025;3550;BSH ELECTRODOMESTICOS ESPA?A, S.A.;1175,84;246,93;1175,84
;2010124770;02/04/2025;5427;CUPA PIZARRAS S.A;10464,54;2197,55;10464,54
;2010125434;09/05/2025;5427;CUPA PIZARRAS S.A;9055,08;1901,57;9055,08
;2010127098;28/07/2025;5427;CUPA PIZARRAS S.A;12693,07;2665,54;12693,07
;2010130053;16/12/2025;5427;CUPA PIZARRAS S.A;12608,87;2647,86;12608,87
;218676;23/09/2025;3935;PUERTAS Y AUTOMATISMOS ROPER SL;70,2;14,74;70,2
;22500745;24/01/2025;1675;EMAC COMPLEMENTOS, S.L.;70,05;14,71;70,05
;22503461;02/04/2025;1675;EMAC COMPLEMENTOS, S.L.;111,91;23,51;111,91
;2250408774;11/04/2025;7543;VELILLA GROUP EUROPE, SLU;205,55;43,17;205,55
;2250408775;11/04/2025;7543;VELILLA GROUP EUROPE, SLU;440,01;92,4;440,01
;22505558;10/02/2025;7494;GRUPODESA FASTENERS, S.A.U.;90,74;19,06;90,74
;22507404;25/07/2025;1675;EMAC COMPLEMENTOS, S.L.;27,36;5,75;27,36
;22508270;27/02/2025;7494;GRUPODESA FASTENERS, S.A.U.;137,95;28,97;137,95
;22509370;06/03/2025;7494;GRUPODESA FASTENERS, S.A.U.;3087,81;648,44;3087,81
;22509601;07/03/2025;7494;GRUPODESA FASTENERS, S.A.U.;370,51;77,81;370,51
;225100706;24/01/2025;6340;MARAZZI IBERIA, S.A.U.;238,45;50,07;238,45
;2251010891;14/10/2025;7543;VELILLA GROUP EUROPE, SLU;80,34;16,87;80,34
;225102409;07/03/2025;6340;MARAZZI IBERIA, S.A.U.;353,23;74,18;353,23
;225103240;28/03/2025;6340;MARAZZI IBERIA, S.A.U.;2149,64;451,42;2149,64
;250131;31/01/2025;7469;CERÁMICA BELIANES, S.L.;3066,75;644,02;3066,75
;25014981;04/06/2025;583;PLASTICOS TA-TAY,S.A.;226,27;47,52;226,27
;250396;31/03/2025;7469;CERÁMICA BELIANES, S.L.;-2198;-461,58;-2198
;25150428;16/09/2025;7246;ROYO SPAIN, S.L.;323,99;68,04;323,99
;25151285;19/09/2025;7246;ROYO SPAIN, S.L.;481,52;101,12;481,52
;25158593;28/10/2025;7246;ROYO SPAIN, S.L.;109,41;22,98;109,41
;25165676;02/12/2025;7246;ROYO SPAIN, S.L.;196,07;41,17;196,07
;25502904;20/01/2025;6917;FIORA BATH COLLECTIONS, S.L.;285,43;59,94;285,43
;25519340;02/09/2025;6917;FIORA BATH COLLECTIONS, S.L.;210,97;44,3;210,97
;25520768;23/09/2025;6917;FIORA BATH COLLECTIONS, S.L.;210,97;44,3;210,97
;3010;30/09/2025;846;SODITEC SPAIN CAUCHO Y PVC, SL;689,26;144,74;689,26
;3121;31/07/2025;4450;VALENPLAS, S.L.;425,06;89,26;425,06
;4048;17/12/2025;846;SODITEC SPAIN CAUCHO Y PVC, SL;2403,56;504,75;2403,56
;425073;31/05/2025;12497;TRANSVIA RAPIT, S.L.;41,59;8,73;41,59
;425106;31/07/2025;12497;TRANSVIA RAPIT, S.L.;18,34;3,85;18,34
;5220;30/04/2025;11337;HERRERIA MORELLO, S.L.;72;15,12;72
;5291;30/06/2025;11337;HERRERIA MORELLO, S.L.;26;5,46;26
;89100925;10/09/2025;10013;BANCO SANTANDER, S.A.;60,51;12,71;60,51
;99230425;23/04/2025;10013;BANCO SANTANDER, S.A.;30,19;6,34;30,19
;01/00467;10/01/2025;2621;COFAN LA MANCHA, S.A.;124,31;26,11;124,31
;01/0075310;20/07/2025;8380;MANUFACTURAS ROCAL, S.A.;31,69;6,65;31,69
;01/01558;23/01/2025;2621;COFAN LA MANCHA, S.A.;176,74;37,11;176,74
;01/21690;24/04/2025;2621;COFAN LA MANCHA, S.A.;167,93;35,26;167,93
;01/33987;02/06/2025;2621;COFAN LA MANCHA, S.A.;159,68;33,54;159,68
;01/35977;24/06/2025;2621;COFAN LA MANCHA, S.A.;182,43;38,31;182,43
;01/43193;23/07/2025;2621;COFAN LA MANCHA, S.A.;176,66;37,1;176,66
;01/49083;07/08/2025;2621;COFAN LA MANCHA, S.A.;150,52;31,61;150,52
;01/49293;12/08/2025;2621;COFAN LA MANCHA, S.A.;186,46;39,16;186,46
;01/49765;20/08/2025;2621;COFAN LA MANCHA, S.A.;190,47;40;190,47
;01/49976;22/08/2025;2621;COFAN LA MANCHA, S.A.;150,67;31,64;150,67
;01/50343;28/08/2025;2621;COFAN LA MANCHA, S.A.;161,45;33,9;161,45
;01/53312;31/08/2025;2621;COFAN LA MANCHA, S.A.;372,06;78,13;372,06
;01/55871;19/09/2025;2621;COFAN LA MANCHA, S.A.;186,28;39,12;186,28
;01/56632;29/09/2025;2621;COFAN LA MANCHA, S.A.;11,96;2,52;11,96
;01/61671;03/10/2025;2621;COFAN LA MANCHA, S.A.;160,24;33,65;160,24
;01/63094;20/10/2025;2621;COFAN LA MANCHA, S.A.;157,4;33,06;157,4
;01/63341;22/10/2025;2621;COFAN LA MANCHA, S.A.;178,55;37,49;178,55
;01/64162;30/10/2025;2621;COFAN LA MANCHA, S.A.;195,81;41,12;195,81
;01/69316;04/11/2025;2621;COFAN LA MANCHA, S.A.;176,2;37;176,2
;01/69589;06/11/2025;2621;COFAN LA MANCHA, S.A.;184,32;38,71;184,32
;01/70913;20/11/2025;2621;COFAN LA MANCHA, S.A.;159,6;33,52;159,6
;01/71036;21/11/2025;2621;COFAN LA MANCHA, S.A.;184,21;38,68;184,21
;01/71232;24/11/2025;2621;COFAN LA MANCHA, S.A.;184,17;38,67;184,17
;01/71513;27/11/2025;2621;COFAN LA MANCHA, S.A.;122,05;25,63;122,05
;01/77201;11/12/2025;2621;COFAN LA MANCHA, S.A.;45,8;9,62;45,8
;01/77755;18/12/2025;2621;COFAN LA MANCHA, S.A.;150,77;31,66;150,77
;100053148;30/11/2025;4983;CATA ELECTRODOMESTICOS, S.L.;319,36;67,07;319,36
;-11781;29/09/2025;20055;POALGI, S.L.;230;48,3;230
;-12371;13/10/2025;20055;POALGI, S.L.;599,4;125,87;599,4
;-14400;24/11/2025;20055;POALGI, S.L.;195,83;41,12;195,83
;-14738;28/11/2025;20055;POALGI, S.L.;36,76;7,72;36,76
;117240725;24/07/2025;10013;BANCO SANTANDER, S.A.;95,57;20,07;95,57
;210605505;14/08/2025;7529;BENITO URBAN, SLU;454,18;95,38;454,18
;210610315;29/10/2025;7529;BENITO URBAN, SLU;400,38;84,08;400,38
;222060325;06/03/2025;10013;BANCO SANTANDER, S.A.;15,4;3,23;15,4
;252002096;30/04/2025;10778;PRETENSADOS RIBERA, S.L.;100,75;21,16;100,75
;025B130290;30/11/2025;502;ELEKTRA CATALUNYA XXI SL;-28,49;-5,98;-28,49
;025V776637;31/10/2025;502;ELEKTRA CATALUNYA XXI SL;1724,64;362,17;1724,64
;025V783095;15/12/2025;502;ELEKTRA CATALUNYA XXI SL;812,46;170,62;812,46
;30016;30/04/2025;1908;TUBS 1313, S.A.;245,71;51,6;245,71
;30111;31/05/2025;1908;TUBS 1313, S.A.;224,89;47,23;224,89
;30243;30/06/2025;1908;TUBS 1313, S.A.;125,26;26,3;125,26
;5634603;15/06/2025;7800;FERRETERIA DOMENEC SEGUI, S.L.;181,16;38,04;181,16
;5636726;31/08/2025;7800;FERRETERIA DOMENEC SEGUI, S.L.;94,87;19,92;94,87
;653705773;06/03/2025;10013;BANCO SANTANDER, S.A.;68,1;14,3;68,1
;09VFV02333;11/09/2025;826;VELAMEN, S.A.;495,1;103,97;495,1
;1633185072;20/02/2025;800;HOLCIM ESPAÑA, S.A.U.;4648,8;976,25;4648,8
;1633190398;30/04/2025;800;HOLCIM ESPAÑA, S.A.U.;2860,8;600,77;2860,8
;1633193706;10/06/2025;800;HOLCIM ESPAÑA, S.A.U.;3397,2;713,41;3397,2
;1633202832;10/10/2025;800;HOLCIM ESPA?A, S.A.U.;2682;563,22;2682
;1633204550;31/10/2025;800;HOLCIM ESPA?A, S.A.U.;4315;906,15;4315
;1633206135;20/11/2025;800;HOLCIM ESPA?A, S.A.U.;2682;563,22;2682
;1644053199;10/09/2025;800;HOLCIM ESPA?A, S.A.U.;2349,88;493,47;2349,88
;1644054658;31/10/2025;800;HOLCIM ESPA?A, S.A.U.;4874,64;1023,67;4874,64
;1644055224;20/11/2025;800;HOLCIM ESPA?A, S.A.U.;2435,2;511,39;2435,2
;17012336;17/04/2025;721;ARISTON THERMO ESPAÑA, S.L.U.;320,26;67,25;320,26
;17267311;01/01/2025;17473;LEASE PLAN SERVICIOS, SA;492,86;103,5;492,86
;172677;29/07/2025;4254;SOLUCIONES CONFORT TERMICO S.A.;4370,8;917,87;4370,8
;17903338;26/12/2025;5143;TOYOTOMI EUROPE SALES SPAIN, S.A.;2520;529,2;2520
;1908278250;14/08/2025;7218;FERRETERIES CATALONIA, S.A.;109,66;23,03;109,66
;1908286751;15/11/2025;7218;FERRETERIES CATALONIA, S.A.;37,15;7,8;37,15
;1908288498;29/11/2025;7218;FERRETERIES CATALONIA, S.A.;60,65;12,74;60,65
;1914035565;15/01/2025;3273;FUSTES LLEIDA, S.L.;1005,85;211,23;1005,85
;1914036545;14/04/2025;3273;FUSTES LLEIDA, S.L.;156,52;32,87;156,52
;1914036874;15/05/2025;3273;FUSTES LLEIDA, S.L.;139,77;29,35;139,77
;1914037039;31/05/2025;3273;FUSTES LLEIDA, S.L.;309,65;65,03;309,65
;1914037210;14/06/2025;3273;FUSTES LLEIDA, S.L.;1427,41;299,76;1427,41
;1914037925;30/08/2025;3273;FUSTES LLEIDA, S.L.;1076,97;226,16;1076,97
;1914037926;30/08/2025;3273;FUSTES LLEIDA, S.L.;183,09;38,45;183,09
;1914038064;15/09/2025;3273;FUSTES LLEIDA, S.L.;1205,11;253,07;1205,11
;1914038065;15/09/2025;3273;FUSTES LLEIDA, S.L.;250,97;52,7;250,97
;1914038562;31/10/2025;3273;FUSTES LLEIDA, S.L.;1264,26;265,49;1264,26
;1914038901;29/11/2025;3273;FUSTES LLEIDA, S.L.;132,76;27,88;132,76
;1914039248;29/12/2025;3273;FUSTES LLEIDA, S.L.;243,84;51,21;243,84
;2.025/2071;30/09/2025;3875;BROQUETAS, SL;629,3;132,15;629,3
;2.500.202;10/02/2025;9039;PREFABRICADOS FRAGA, S.A.;1273,8;267,5;1273,8
;20;19/08/2025;10483;MARC REIG LOPEZ;210;44,1;210
;23/455275;13/05/2025;6623;TUCAI, S.A.;1129,88;237,27;1129,88
;23/456006;20/05/2025;6623;TUCAI, S.A.;37,18;7,81;37,18
;23/459141;20/06/2025;6623;TUCAI, S.A.;1280,76;268,96;1280,76
;23/461096;11/07/2025;6623;TUCAI, S.A.;759,34;159,46;759,34
;23/462730;29/07/2025;6623;TUCAI, S.A.;560,92;117,79;560,92
;23/462946;31/07/2025;6623;TUCAI, S.A.;36,86;7,74;36,86
;23006027;04/07/2025;7632;FERRETERÍA Y PRENSAS, S.L.;724,97;152,24;724,97
;2345;15/10/2025;13947;BALUE JUSTO ADVOCATS, S.L.;110;23,1;110
;252006565;31/10/2025;10778;PRETENSADOS RIBERA, S.L.;570,36;119,78;570,36
;252007519;30/11/2025;10778;PRETENSADOS RIBERA, S.L.;235,5;49,46;235,5
;252007527;30/11/2025;10778;PRETENSADOS RIBERA, S.L.;0,8;0,17;0,8
;252007926;31/12/2025;10778;PRETENSADOS RIBERA, S.L.;27,04;5,68;27,04
;252007933;31/12/2025;10778;PRETENSADOS RIBERA, S.L.;33,43;7,02;33,43
;252007934;31/12/2025;10778;PRETENSADOS RIBERA, S.L.;72;15,12;72
;252007935;31/12/2025;10778;PRETENSADOS RIBERA, S.L.;12,15;2,55;12,15
;252007936;31/12/2025;10778;PRETENSADOS RIBERA, S.L.;462,72;97,17;462,72
;25200823;27/03/2025;6145;PERFUM&BEAUTY INNOVA, SL;323,48;67,93;323,48
;25203122;17/09/2025;2748;GME DIVISION DE BA?OS SL;72,8;15,29;72,8
;25203938;19/11/2025;2748;GME DIVISION DE BA?OS SL;302,89;63,61;302,89
;25204123;04/12/2025;2748;GME DIVISION DE BA?OS SL;143,15;30,06;143,15
;25204287;16/12/2025;2748;GME DIVISION DE BA?OS SL;241,54;50,72;241,54
;2523A12159;17/11/2025;2315;EQUIPE CERAMICAS, S.L.;389,24;81,74;389,24
;252501153;11/06/2025;6793;PLABELL COMERCIAL,S.L.;592;124,32;592
;252509635;17/12/2025;6080;WIRQUIN CALAF, S.L.;112,83;23,69;112,83
;252798;15/10/2025;9332;INDUSTRIAS LASSER, S.A.;353,76;74,29;353,76
;25-28535;31/07/2025;1973;STANDARD HIDRÁULICA, S.A.U.;571,03;119,92;571,03
;2531000936;17/07/2025;14708;BIGMAT LOGISTICA, S.A.;574;120,54;574
;2531001137;05/08/2025;14708;BIGMAT LOGISTICA, S.A.;262,6;55,15;262,6
;253565;31/05/2025;4256;MECANO CAMP, S.A.;145,03;30,46;145,03
;253876;18/06/2025;4256;MECANO CAMP, S.A.;95,83;20,12;95,83
;253889;18/06/2025;4256;MECANO CAMP, S.A.;20,2;4,24;20,2
;253994;02/12/2025;2759;SAET 94, S.L.;1016,9;213,55;1016,9
;2540001545;20/01/2025;4708;BIGMAT LOGISTICA, S.A.;3211,51;674,42;3211,51
;2540001875;22/01/2025;4708;BIGMAT LOGISTICA, S.A.;3975,42;834,84;3975,42
;25-4000209;16/04/2025;9813;BIGMAT IBERIA, S.A.;-62,4;-13,1;-62,4
;25400021;07/03/2025;17733;SAKYDU, S.L.;-51,24;-10,76;-51,24
;2540004888;20/02/2025;4708;BIGMAT LOGISTICA, S.A.;3014,54;633,05;3014,54
;25-4000581;10/09/2025;9813;BIGMAT IBERIA, S.A.;-21,5;-4,52;-21,5
;25400081;14/03/2025;17687;SOPREMA IBERIA, S.L.U.;-80,36;-16,88;-80,36
;2540010429;14/04/2025;4708;BIGMAT LOGISTICA, S.A.;6090,49;1279;6090,49
;2540012630;08/05/2025;4708;BIGMAT LOGISTICA, S.A.;9672,86;2031,3;9672,86
;2540013114;13/05/2025;4708;BIGMAT LOGISTICA, S.A.;744,94;156,44;744,94
;2540014227;22/05/2025;4708;BIGMAT LOGISTICA, S.A.;3877,11;814,19;3877,11
;2540017514;19/06/2025;4708;BIGMAT LOGISTICA, S.A.;5422,21;1138,66;5422,21
;2540018840;01/07/2025;14708;BIGMAT LOGISTICA, S.A.;2,13;0,45;2,13
;2540020228;14/07/2025;4708;BIGMAT LOGISTICA, S.A.;3377,69;709,31;3377,69
;2540023130;11/08/2025;4708;BIGMAT LOGISTICA, S.A.;8115,25;1704,2;8115,25
;2540023969;20/08/2025;4708;BIGMAT LOGISTICA, S.A.;4660,51;978,71;4660,51
;1145107960;08/01/2025;3550;BSH ELECTRODOMESTICOS ESPAÑA, S.A.;405,9;85,24;405,9
;1145136299;29/01/2025;3550;BSH ELECTRODOMESTICOS ESPAÑA, S.A.;254,3;53,4;254,3
;1145142707;31/01/2025;3550;BSH ELECTRODOMESTICOS ESPAÑA, S.A.;381,45;80,1;381,45
;1146517629;13/01/2025;13550;BSH ELECTRODOMESTICOS ESPAÑA, S.A.;-248,53;-52,19;-248,53
;1146533677;07/05/2025;13550;BSH ELECTRODOMESTICOS ESPAÑA, S.A.;-189,83;-39,86;-189,83
;1146534105;07/05/2025;13550;BSH ELECTRODOMESTICOS ESPAÑA, S.A.;-324,8;-68,21;-324,8
;1146551195;08/09/2025;13550;BSH ELECTRODOMESTICOS ESPAÑA, S.A.;-57,89;-12,16;-57,89
;1148090878;25/04/2025;13550;BSH ELECTRODOMESTICOS ESPAÑA, S.A.;-455;-95,55;-455
;1148096936;25/08/2025;13550;BSH ELECTRODOMESTICOS ESPAÑA, S.A.;-70;-14,7;-70
;1148097682;25/09/2025;13550;BSH ELECTRODOMESTICOS ESPA?A, S.A.;-770;-161,7;-770
;1148102833;22/12/2025;13550;BSH ELECTRODOMESTICOS ESPA?A, S.A.;-255;-53,55;-255
;1180;01/10/2025;18159;MARCO INVEST, S.A.;125;26,25;125
;1183025012;01/09/2025;12667;AYVENS SPAIN MOVILITY SOLUTIONS, SAU;492,86;103,5;492,86
;1192;12/09/2025;1556;MANUFACTURAS LUMA, S.L.;3375,6;708,88;3375,6
;1541030504;31/01/2025;800;HOLCIM ESPAÑA, S.A.U.;-429;-90,09;-429
;1541031233;30/03/2025;800;HOLCIM ESPAÑA, S.A.U.;-14;-2,94;-14
;1541032256;20/05/2025;800;HOLCIM ESPAÑA, S.A.U.;-429;-90,09;-429
;1541034920;12/11/2025;10800;HOLCIM ESPA?A, S.A.U.;-469;-98,49;-469
;1544015494;20/05/2025;800;HOLCIM ESPAÑA, S.A.U.;-208;-43,68;-208
;157008/;10/03/2025;9030;SOBOPLAC;1388,97;291,68;1388,97
;1592318280;30/06/2025;9030;SOBOPLAC;1677,5;352,28;1677,5
;160190625;19/06/2025;10013;BANCO SANTANDER, S.A.;11,29;2,37;11,29
;16228913;09/01/2025;14708;BIGMAT LOGISTICA, S.A.;0,17;0,04;0,17
;16229932;07/05/2025;14708;BIGMAT LOGISTICA, S.A.;0,39;0,08;0,39
;16230756;06/08/2025;14708;BIGMAT LOGISTICA, S.A.;2,75;0,58;2,75
;16230999;04/09/2025;14708;BIGMAT LOGISTICA, S.A.;1,28;0,27;1,28
;16231000;04/09/2025;14708;BIGMAT LOGISTICA, S.A.;3,42;0,72;3,42
;16231478;06/11/2025;14708;BIGMAT LOGISTICA, S.A.;1,18;0,25;1,18
;16231479;06/11/2025;14708;BIGMAT LOGISTICA, S.A.;1,47;0,31;1,47
;2025/00131;28/02/2025;13326;TRANSPORTS GIRON PALACIN,S.L.;7525,32;1580,32;7525,32
;2025/00236;30/04/2025;13326;TRANSPORTS GIRON PALACIN,S.L.;7185,36;1508,93;7185,36
;2025/00363;30/06/2025;13326;TRANSPORTS GIRON PALACIN,S.L.;8417,48;1767,67;8417,48
;2025/00462;31/08/2025;13326;TRANSPORTS GIRON PALACIN,S.L.;6695,2;1405,99;6695,2
;2025/00527;30/09/2025;13326;TRANSPORTS GIRON PALACIN,S.L.;9565,76;2008,81;9565,76
;2025/00606;31/10/2025;13326;TRANSPORTS GIRON PALACIN,S.L.;10100,06;2121,01;10100,06
;2025/1/112;01/12/2025;13373;ARANBROADCAST PUBLICITAT, S.L.;180;37,8;180
;2025/1/34;01/07/2025;13373;ARANBROADCAST PUBLICITAT, S.L.;180;37,8;180
;2025/1/49;01/08/2025;13373;ARANBROADCAST PUBLICITAT, S.L.;180;37,8;180
;2025/12531;01/09/2025;18424;ROSICH ROMEU, Carmen;58,11;12,2;58,11
;2025/15;01/04/2025;15970;RIBERA BADIA, Alberto;1500;315;1500
;2025/794;12/09/2025;4600;COCINAS CARBEL, S.L.;1514,62;318,07;1514,62
;2025/A/12;01/02/2025;15595;GUM TV SLU;180;37,8;180
;2025000038;29/04/2025;7322;OLI SISTEMAS SANITARIOS ESPAÑA, SLU;494,1;103,76;494,1
;2025001908;06/06/2025;2007;EDILKAMIN IBERICA, S.L.;1380,6;289,93;1380,6
;2025003851;31/12/2025;2007;EDILKAMIN IBERICA, S.L.;48,6;10,21;48,6
;2025005986;05/02/2025;5808;LOREFAR S.L;271,34;56,98;271,34
;2025006429;31/01/2025;491;TECNICAS EXPANSIVAS,S.L.;194,66;40,88;194,66
;2025008803;12/02/2025;4037;PROFILTEK SPAIN, S.L.;205,34;43,12;205,34
;2025014028;19/03/2025;5808;LOREFAR S.L;90,5;19,01;90,5
;2025022456;10/04/2025;491;TECNICAS EXPANSIVAS,S.L.;885,44;185,94;885,44
;2025033305;30/05/2025;491;TECNICAS EXPANSIVAS,S.L.;567,65;119,21;567,65
;2025033420;01/09/2025;1582;INDUSTRIAS RAMON SOLER, S.A.;141,6;29,74;141,6
;2025-04;11/01/2025;11540;MAYALS MARBÀ, Josep Ramon;120;25,2;120
;20250422;31/05/2025;9833;CLIMARAN INSTALACIONES, S.L.;231;48,51;231
;202504326;08/10/2025;5633;FIG, S.L.;104,38;21,92;104,38
;2025046272;25/07/2025;491;TECNICAS EXPANSIVAS,S.L.;168,49;35,38;168,49
;2025048958;30/07/2025;5808;LOREFAR S.L;186,01;39,06;186,01
;202505151;15/06/2025;8463;L'ISOLANTE K-FLEX ESPAÑA, SA;752,69;158,06;752,69
;2025052894;21/08/2025;5808;LOREFAR S.L;185,03;38,86;185,03
;2025055081;31/10/2025;4037;PROFILTEK SPAIN, S.L.;272,69;57,26;272,69
;2025064568;20/10/2025;491;TECNICAS EXPANSIVAS,S.L.;299,03;62,8;299,03
;2025065815;06/11/2025;5808;LOREFAR S.L;146,4;30,74;146,4
;202506660;15/05/2025;1530;GRUPO EMP. DAKOTA PENINSULA IBERICA SLU;313,25;65,78;313,25
;2025071656;10/12/2025;5808;LOREFAR S.L;59,03;12,4;59,03
;2025077990;15/12/2025;491;TECNICAS EXPANSIVAS,S.L.;396,79;83,33;396,79
;2025-090;07/08/2025;2552;PINATER, SL;1764;370,44;1764
;2025126966;28/02/2025;502;ELEKTRA CATALUNYA XXI SL;-189,73;-39,84;-189,73
;2025-127;23/10/2025;2552;PINATER, SL;1653,75;347,29;1653,75
;2025-1992;24/12/2025;2823;VIDRES LA NOGUERA S.L.;359,47;75,49;359,47
;2025233563;31/03/2025;2315;EQUIPE CERAMICAS, S.L.;109,3;22,95;109,3
;2025236564;16/06/2025;2315;EQUIPE CERAMICAS, S.L.;151,6;31,84;151,6
;2025250409;30/11/2025;12359;HERMUTRAEX, S.L.;1102,5;231,53;1102,5
;20253186;30/09/2025;2284;TARROS PINTURES I DECORACI?, S.L.;1323,52;277,94;1323,52
;20253188;29/08/2025;1408;PROFESIONAL DE SUMINISTROS, S.A;163,05;34,24;163,05
;20253255;18/12/2025;5411;ATRON, S.L.;197,4;41,45;197,4
;20253734;08/10/2025;1408;PROFESIONAL DE SUMINISTROS, S.A;99,12;20,82;99,12
;20253794;10/10/2025;1408;PROFESIONAL DE SUMINISTROS, S.A;699,19;146,83;799,31
;2025741134;17/01/2025;502;ELEKTRA CATALUNYA XXI SL;601,31;126,28;601,31
;2025741624;31/01/2025;502;ELEKTRA CATALUNYA XXI SL;1733,32;364;1733,32
;2025744030;15/02/2025;502;ELEKTRA CATALUNYA XXI SL;2218,38;465,86;2218,38
;2025755978;15/05/2025;502;ELEKTRA CATALUNYA XXI SL;235,88;49,53;235,88
;2025759859;15/06/2025;502;ELEKTRA CATALUNYA XXI SL;413,02;86,73;413,02
;2080441264;30/04/2025;809;FRANKE ESPAÑA, S.A.U.;6,6;1,39;6,6
;2080446096;30/05/2025;809;FRANKE ESPAÑA, S.A.U.;769,3;161,55;769,3
;2080470089;15/11/2025;809;FRANKE ESPAÑA, S.A.U.;389,1;81,71;389,1
;2090059723;16/12/2025;809;FRANKE ESPAÑA, S.A.U.;-237,5;-49,88;-237,5
;2360928601;14/01/2025;8247;VELUX SPAIN, S.A.;1965,2;412,69;1965,2
;2360932485;21/02/2025;8247;VELUX SPAIN, S.A.;57,49;12,07;57,49
;2360933344;03/03/2025;8247;VELUX SPAIN, S.A.;2692,3;565,38;2692,3
;2360933494;04/03/2025;8247;VELUX SPAIN, S.A.;3271,11;686,93;3271,11
;2360937396;11/04/2025;8247;VELUX SPAIN, S.A.;166,46;34,96;166,46
;2360939512;07/05/2025;8247;VELUX SPAIN, S.A.;154,94;32,54;154,94
;2360940017;12/05/2025;8247;VELUX SPAIN, S.A.;2423,79;509;2423,79
;2360941661;27/05/2025;8247;VELUX SPAIN, S.A.;40,42;8,49;40,42
;2360945986;25/06/2025;8247;VELUX SPAIN, S.A.;763,3;160,29;763,3
;2360947355;04/07/2025;8247;VELUX SPAIN, S.A.;1093,96;229,73;1093,96
;2360948077;10/07/2025;8247;VELUX SPAIN, S.A.;13125,64;2756,38;13125,64
;2360952065;08/08/2025;8247;VELUX SPAIN, S.A.;127,38;26,75;127,38
;2360953299;21/08/2025;8247;VELUX SPAIN, S.A.;34,71;7,29;34,71
;2360953300;21/08/2025;8247;VELUX SPAIN, S.A.;1921,26;403,46;1921,26
;2360954413;02/09/2025;8247;VELUX SPAIN, S.A.;19,37;4,07;19,37
;2360955473;11/09/2025;8247;VELUX SPAIN, S.A.;1882,96;395,42;1882,96
;2360955627;15/09/2025;8247;VELUX SPAIN, S.A.;128,87;27,06;128,87
;2360955628;15/09/2025;8247;VELUX SPAIN, S.A.;526,39;110,54;526,39
;2360957782;02/10/2025;8247;VELUX SPAIN, S.A.;10816,42;2271,45;10816,42
;2360959018;14/10/2025;8247;VELUX SPAIN, S.A.;5591,85;1174,29;5591,85
;2360960895;30/10/2025;8247;VELUX SPAIN, S.A.;48,1;10,1;48,1
;2360962635;14/11/2025;8247;VELUX SPAIN, S.A.;41,91;8,8;41,91
;2360964582;05/12/2025;8247;VELUX SPAIN, S.A.;48,2;10,12;48,2
;2360964783;09/12/2025;8247;VELUX SPAIN, S.A.;2326,76;488,62;2326,76
;2360964875;10/12/2025;8247;VELUX SPAIN, S.A.;121,3;25,47;121,3
;2360965035;11/12/2025;8247;VELUX SPAIN, S.A.;78,21;16,42;78,21
;2360965036;11/12/2025;8247;VELUX SPAIN, S.A.;36,5;7,67;36,5
;2360965456;15/12/2025;8247;VELUX SPAIN, S.A.;803;168,63;803
;239469;28/03/2025;3065;ESTOLI, S.A.;61,32;12,88;61,32
;23RD/6776;31/01/2025;16623;TUCAI, S.A.;-139,5;-29,3;-139,5
;3025000483;13/01/2025;7987;PLADUR GYPSUM, S.A.U.;3003,26;630,68;3003,26
;3025005974;08/04/2025;7987;PLADUR GYPSUM, S.A.U.;10667,25;2240,12;10667,25
;3025007050;29/04/2025;7987;PLADUR GYPSUM, S.A.U.;11682,51;2453,33;11682,51
;3025008769;27/05/2025;7987;PLADUR GYPSUM, S.A.U.;2942,37;617,9;2942,37
;3025010822;02/07/2025;7987;PLADUR GYPSUM, S.A.U.;8583,64;1802,56;8583,64
;3025016378;15/10/2025;7987;PLADUR GYPSUM, S.A.U.;85,73;18;85,73
;3025016888;23/10/2025;7987;PLADUR GYPSUM, S.A.U.;9946,79;2088,83;9946,79
;3025018476;18/11/2025;7987;PLADUR GYPSUM, S.A.U.;13034,5;2737,25;13034,5
;3025107283;13/02/2025;7191;AC MARCA ADHESIVES, SAU;23,07;4,84;23,07
;3025107715;17/02/2025;7191;AC MARCA ADHESIVES, SAU;6726,44;1412,55;6726,44
;3025118263;14/04/2025;7191;AC MARCA ADHESIVES, SAU;391,68;82,25;391,68
;3025120812;30/04/2025;7191;AC MARCA ADHESIVES, SAU;624,6;131,17;624,6
;3025126487;29/05/2025;7191;AC MARCA ADHESIVES, SAU;253,72;53,28;253,72
;3025135752;21/07/2025;7191;AC MARCA ADHESIVES, SAU;45,03;9,46;45,03
;3025138650;05/08/2025;7191;AC MARCA ADHESIVES, SAU;118,27;24,84;118,27
;3025142455;04/09/2025;7191;AC MARCA ADHESIVES, SAU;1399,15;293,82;1399,15
;3025150165;13/10/2025;7191;AC MARCA ADHESIVES, SAU;1032,7;216,87;1032,7
;3025151259;16/10/2025;7191;AC MARCA ADHESIVES, SAU;44,23;9,29;44,23
;3025158795;26/11/2025;7191;AC MARCA ADHESIVES, SAU;8127,56;1706,79;8127,56
;3109346;09/05/2025;533;ADI HOGAR Y HOSTELERIA IBERIA, S.L.;258,76;54,34;258,76
;3110038427;09/01/2025;5547;WENKO HISPANIA,S.L.;1037,63;217,9;1037,63
;3110048332;06/06/2025;5547;WENKO HISPANIA,S.L.;489,27;102,75;489,27
;3125103660;15/05/2025;910;IRSAP-RHOSS CLIMA INTEGRAL, S.L.;9,79;2,06;9,79
;3125103796;15/05/2025;910;IRSAP-RHOSS CLIMA INTEGRAL, S.L.;441;92,61;441
;3125108295;31/10/2025;910;IRSAP-RHOSS CLIMA INTEGRAL, S.L.;446,87;93,84;446,87
;3125110157;15/12/2025;910;IRSAP-RHOSS CLIMA INTEGRAL, S.L.;-20;-4,2;-20
;3206941/25;15/11/2025;6595;CMT, S.L.;325,21;68,29;325,21
;325020031;31/07/2025;1080;INDUSTRIAS MURTRA, SA;255,93;53,75;255,93
;3250305;30/07/2025;7906;SUCESORES DE FALIP NAVARRO, S.A;597,87;125,55;597,87
;327000160;22/01/2025;17392;ROCA SANITARIO, S.A.;-8300,19;-1743,04;-8300,19
;251658854;31/10/2025;12407;SOC. ESTATAL CORREOS Y TELEGRAFOS, S.A.;18,69;0;18,69
;28024683;04/07/2025;11866;RODI ARAN, S.L.;400;;400
;1834140125;14/01/2025;10013;BANCO SANTANDER, S.A.;-320,89;;-319,39
;2500092142;14/03/2025;11444;APPLUS ITEUVE TECHNOLOGY, S.L.;4,18;;56,59
;2500092143;14/03/2025;11444;APPLUS ITEUVE TECHNOLOGY, S.L.;4,18;;38,27
;250383;15/07/2025;11735;VIATGES TOCASONS S.L.;308,76;0;308,76
;251223428;31/07/2025;12407;SOC. ESTATAL CORREOS Y TELEGRAFOS, S.A.;26,7;;84,12
;9300735440;20/11/2025;7392;ROCA SANITARIO, S.A.;0,7;0;0,7
;EI25336376;22/05/2025;10865;BUREAU VERITAS INSPECCION Y TESTING, SLU;11,4;;148,39
;SA23;20/06/2025;11927;GABRIEL CHELARU;2321,99;;2321,99
;#F183167;30/09/2025;5920;COORDONN?, S.L.;134,92;28,34;134,92
;#F187393;31/10/2025;5920;COORDONN?, S.L.;270,63;56,84;270,63
;#F194055;31/12/2025;5920;COORDONN?, S.L.;50;10,51;50
;_250044785;08/10/2025;2748;GME DIVISION DE BA?OS SL;165,26;34,7;165,26
;_250050582;13/11/2025;2748;GME DIVISION DE BA?OS SL;201,74;42,37;201,74
;0/10312;17/10/2025;4518;FUNDICION DUCTIL FABREGAS,S.L.;325,2;68,29;325,2
;0/25000682;31/03/2025;214;CERAMICA FUSTE, S.A.;-1116;-234,36;-1116
;0/25001722;31/08/2025;214;CERAMICA FUSTE, S.A.;240,09;50,42;240,09
;0/25105344;28/11/2025;2955;GRIFERIA SANITARIA ROVIRA, S.A.;373,35;78,4;373,35
;0/25105511;19/12/2025;2955;GRIFERIA SANITARIA ROVIRA, S.A.;100,65;21,14;100,65
;0/5141;25/05/2025;4518;FUNDICION DUCTIL FABREGAS,S.A.;711,31;149,38;711,31
;0/6383;25/06/2025;4518;FUNDICION DUCTIL FABREGAS,S.A.;512,9;107,71;512,9
;0/977;31/01/2025;4518;FUNDICION DUCTIL FABREGAS,S.A.;1122,9;235,81;1122,9
;131;19/06/2025;11030;ELECTRICITAT R. GIRON, S.L.;59,16;12,42;59,16
;309;16/12/2025;11030;ELECTRICITAT R. GIRON, S.L.;32,44;6,81;32,44
;105149;31/10/2025;4634;CIFRE CERAMICA, S.L.;678,44;142,47;678,44
;2500341;15/07/2025;18317;LLEIDA MANUTENCIO, S.L.;685,12;143,88;685,12
;2500617;15/12/2025;18317;LLEIDA MANUTENCIO, S.L.;945,98;198,66;945,98
;4724;17/04/2025;1913;BARIPERFIL, S.L.;429;90,09;429
;11221;29/10/2025;1728;BRUCS CASA, S.L.;2238;469,98;2238
;1580411;23/09/2025;6472;DAKE FREGADEROS,S.L.U.;331,1;69,53;331,1
;1581826;21/10/2025;6472;DAKE FREGADEROS,S.L.U.;406,2;85,3;406,2
;1583933;27/11/2025;6472;DAKE FREGADEROS,S.L.U.;19;3,99;19
;1584723;12/12/2025;6472;DAKE FREGADEROS,S.L.U.;91;19,11;91
;22102793;13/06/2025;6065;MONTANA COLORS, S.L.;179,08;37,61;179,08
;2211801;15/04/2025;15693;DELTA PLUS SAS;330,5;69,41;330,5
;2216673;15/05/2025;15693;DELTA PLUS SAS;612;128,52;612
;133515256;13/02/2025;3550;BSH ELECTRODOMESTICOS ESPAÑA, S.A.;96,05;20,17;96,05
;142200225;20/02/2025;10013;BANCO SANTANDER, S.A.;50,02;10,5;50,02
;1435;01/12/2025;18159;MARCO INVEST, S.A.;125;26,25;125
;1802;24/07/2025;13947;BALUE JUSTO ADVOCATS, S.L.;250;52,5;250
;1834140125;14/01/2025;10013;BANCO SANTANDER, S.A.;1,5;0,32;-319,39
;1834210325;21/03/2025;10013;BANCO SANTANDER, S.A.;5,12;1,08;5,12
;210769761;21/08/2025;472;BOLTZE GRUPPE GmbH;1938,01;406,98;1938,01
;21148877;17/10/2025;7301;ROLLGUM CORP S.L.;2088,98;438,69;2088,98
;2154;16/09/2025;13947;BALUE JUSTO ADVOCATS, S.L.;750;157,5;750
;24-023504;15/01/2025;841;SOC.ANON.SERVEI I COMERÇ ELECTRODOMESTIC;1573,8;330,5;1609,35
;24132171;03/03/2025;7048;MAKITA, S.A.;111,55;23,43;111,55
;25.012.405;31/12/2025;12527;CAJEBEL, S.L.;124,39;26,12;124,39
;25/0013;23/04/2025;15422;WOOD ROOF ARAN, S.L.U.;4450;934,5;4450
;25/018;30/06/2025;13173;FERNANDO Y ALONSO, S.A.;1300;273;1300
;25/022610;04/02/2025;15191;NABALIA ENERGIA 2000, SA;3144,97;660,44;3144,97
;25/042557;04/03/2025;15191;NABALIA ENERGIA 2000, SA;2133,92;448,12;2133,92
;25-ene;13/01/2025;2747;SAURMIDECOR S.L;-65,12;-13,68;-65,12
;25/117;28/01/2025;13947;BALUE JUSTO ADVOCATS, S.L.;750;157,5;750
;25-feb;08/01/2025;13947;BALUE JUSTO ADVOCATS, S.L.;767,6;161,2;767,6
;25/2039;29/08/2025;13947;BALUE JUSTO ADVOCATS, S.L.;340;71,4;340
;25/2607;04/11/2025;13947;BALUE JUSTO ADVOCATS, S.L.;110;23,1;110
;25/4545;22/09/2025;13151;ARANDIS 2000 SL;834,71;175,29;945,82
;25/55;13/02/2025;6277;MARMOLES ROYES, S.C.;1129;237,09;1129
;25/9760;30/09/2025;4518;FUNDICION DUCTIL FABREGAS,S.L.;373,52;78,44;373,52
;25/9761;30/09/2025;4518;FUNDICION DUCTIL FABREGAS,S.L.;45,94;9,65;45,94
;25/M2982;15/10/2025;9452;ARENES BELLPUIG, S.L.;1150,05;241,51;1150,05
;250.606;29/01/2025;4402;INDUSTRIAL BLANSOL, SA;1102,95;231,62;1102,95
;2500001050;28/02/2025;6004;MORTERO BENSEC SL;1706,24;358,31;1706,24
;2500001268;07/01/2025;4813;EHLIS, S.A.;157,17;33,01;157,17
;250000175;04/04/2025;17404;MORTERO BENSEC SL;-3027,13;-635,7;-3027,13
;2500003675;01/03/2025;11602;DE LAGE LANDEN INTERNATIONAL V.V.;158,55;33,3;158,55
;2500004090;31/07/2025;6004;MORTERO BENSEC SL;5278;1108,38;5278
;25-000059;20/01/2025;1460;AFFINI BATH, SL;112,86;23,7;112,86
;2500007592;14/01/2025;4813;EHLIS, S.A.;259,43;54,48;259,43
;250000901;06/02/2025;9091;CERAMICA LA ESCANDELLA, S.A.;32,88;6,91;32,88
;2500010926;16/01/2025;4813;EHLIS, S.A.;-37,78;-7,93;-37,78
;2500012004;17/01/2025;4813;EHLIS, S.A.;77;16,17;77
;250001508;14/01/2025;2748;GME DIVISION DE BAÑOS SL;14,95;3,14;14,95
;2500015221;21/01/2025;4813;EHLIS, S.A.;121,41;25,5;121,41
;25-000160;31/01/2025;1460;AFFINI BATH, SL;974,13;204,57;974,13
;2500016968;22/01/2025;4813;EHLIS, S.A.;135;28,35;135
;2500018645;25/06/2025;18590;ACUMBAMAIL S.L.;65,29;13,71;65,29
;2500019067;23/01/2025;4813;EHLIS, S.A.;1288,8;270,65;1288,8
;2500019539;24/01/2025;4813;EHLIS, S.A.;751,34;157,78;751,34
;25000213;27/02/2025;964;MCF HIDRO LIGHTNING S.L.;420,18;88,24;420,18
;2500021520;27/01/2025;4813;EHLIS, S.A.;194,73;40,89;194,73
;25-000223;05/02/2025;841;SOC.ANON.SERVEI I COMERÇ ELECTRODOMESTIC;3635,02;763,35;3635,02
;2500022449;28/01/2025;4813;EHLIS, S.A.;131;27,51;131
;25-000232;10/02/2025;1460;AFFINI BATH, SL;27,36;5,75;27,36
;2500027242;31/01/2025;4813;EHLIS, S.A.;15,6;3,28;15,6
;2500029987;03/02/2025;4813;EHLIS, S.A.;452,45;95,01;452,45
;250003240;22/01/2025;2748;GME DIVISION DE BAÑOS SL;143,71;30,18;143,71
;2500033001;04/02/2025;4813;EHLIS, S.A.;66,26;13,91;66,26
;250003485;23/01/2025;2748;GME DIVISION DE BAÑOS SL;126,02;26,46;126,02
;2500035195;05/02/2025;4813;EHLIS, S.A.;662,71;139,17;662,71
;2500042360;13/02/2025;4813;EHLIS, S.A.;608;127,68;608
;2500042367;13/02/2025;4813;EHLIS, S.A.;1467,94;308,27;1467,94
;2500042843;13/02/2025;4813;EHLIS, S.A.;1228,88;258,06;1228,88
;25000468;10/01/2025;7676;FABRICACION DE MATERIAL ELECTRICO, S.A.;376,42;79,05;376,42
;2500048214;18/02/2025;4813;EHLIS, S.A.;500,54;105,11;500,54
;250004959;31/01/2025;2748;GME DIVISION DE BAÑOS SL;215,56;45,27;215,56
;2500049685;20/02/2025;4813;EHLIS, S.A.;-112,67;-23,66;-112,67
;2500049969;20/02/2025;4813;EHLIS, S.A.;340,44;71,49;340,44
;2500050940;21/02/2025;4813;EHLIS, S.A.;149,67;31,43;149,67
;2500053765;25/02/2025;4813;EHLIS, S.A.;142,54;29,93;142,54
;250005740;25/07/2025;9091;CERAMICA LA ESCANDELLA, S.A.;69,39;14,57;69,39
;250005744;05/02/2025;2748;GME DIVISION DE BAÑOS SL;273,04;57,34;273,04
;250006842;12/09/2025;9091;CERAMICA LA ESCANDELLA, S.A.;2867;602,07;2867
;25-000759;13/02/2025;841;SOC.ANON.SERVEI I COMERÇ ELECTRODOMESTIC;312,33;65,59;312,33
;2500084878;11/03/2025;4813;EHLIS, S.A.;21;4,41;21
;2500092142;14/03/2025;11444;APPLUS ITEUVE TECHNOLOGY, S.L.;52,41;11,01;56,59
;2500092143;14/03/2025;11444;APPLUS ITEUVE TECHNOLOGY, S.L.;34,09;7,16;38,27
;2500097168;19/03/2025;4813;EHLIS, S.A.;11,4;2,39;11,4
;2500097366;19/03/2025;4813;EHLIS, S.A.;-253,33;-53,2;-253,33
;2500097367;19/03/2025;4813;EHLIS, S.A.;-473,81;-99,5;-473,81
;2500100126;31/07/2025;2118;CUBIERTAS Y ACCESORIOS VITORIA, S.L;1081,74;227,17;1081,74
;250010034;28/02/2025;2748;GME DIVISION DE BAÑOS SL;289,07;60,7;289,07
;2500101247;20/03/2025;4813;EHLIS, S.A.;773,69;162,47;773,69
;250010213;03/03/2025;2748;GME DIVISION DE BAÑOS SL;143,71;30,18;143,71
;25001089;01/12/2025;964;MCF HIDRO LIGHTNING S.L.;29,49;6,19;29,49
;2500114677;31/03/2025;4813;EHLIS, S.A.;374,99;78,75;374,99
;2500118706;01/04/2025;4813;EHLIS, S.A.;334,6;70,27;334,6
;25001192;25/02/2025;7243;BOSCH MARIN, S.L.;29,77;6,25;29,77
;2500119605;02/04/2025;4813;EHLIS, S.A.;41,37;8,69;41,37
;2500122363;03/04/2025;4813;EHLIS, S.A.;513,39;107,81;513,39
;2500128443;08/04/2025;4813;EHLIS, S.A.;249;52,29;286,5
;2500133027;10/04/2025;4813;EHLIS, S.A.;401,1;84,23;401,1
;2500133294;11/04/2025;4813;EHLIS, S.A.;268,61;56,41;268,61
;2500133570;11/04/2025;4813;EHLIS, S.A.;436,17;91,6;436,17
;2500134;12/05/2025;8510;PEDRAVAL, S.L.;9504;1995,84;9504
;25-001375;15/02/2025;536;HIDRO LLEIDA S.A.;814,96;171,13;814,96
;2500138904;16/04/2025;4813;EHLIS, S.A.;289,84;60,87;289,84
;2500139178;16/04/2025;4813;EHLIS, S.A.;38,69;8,12;38,69
;2500141846;17/04/2025;4813;EHLIS, S.A.;335,74;70,51;335,74
;2500145166;23/04/2025;4813;EHLIS, S.A.;335,3;70,41;335,3
;2500150578;28/04/2025;4813;EHLIS, S.A.;503,7;105,78;503,7
;2500154328;02/05/2025;4813;EHLIS, S.A.;482,96;101,42;482,96
;250015437;01/04/2025;2748;GME DIVISION DE BAÑOS SL;218,32;45,85;218,32
;250015546;02/04/2025;2748;GME DIVISION DE BAÑOS SL;136,52;28,67;136,52
;25001556;31/03/2025;1034;OTM SISTEMAS CONSTRUCTIVOS, S.L.U.;236,28;49,62;236,28
;2500156181;05/05/2025;4813;EHLIS, S.A.;291,37;61,19;291,37
;2500157843;06/05/2025;4813;EHLIS, S.A.;150,26;31,55;150,26
;2500162718;09/05/2025;4813;EHLIS, S.A.;895,16;187,98;895,16
;25-0016284;28/02/2025;3441;ALFA DYSER, S.L.;4380,07;919,81;4380,07
;2500169210;14/05/2025;4813;EHLIS, S.A.;145,64;30,58;145,64
;2500172726;16/05/2025;4813;EHLIS, S.A.;861,22;180,86;861,22
;2500176751;20/05/2025;4813;EHLIS, S.A.;145,68;30,59;145,68
;250017763;14/04/2025;2748;GME DIVISION DE BAÑOS SL;151,45;31,8;151,45
;2500180604;22/05/2025;4813;EHLIS, S.A.;343,07;72,04;343,07
;2500185;11/06/2025;8510;PEDRAVAL, S.L.;2300,4;483,08;2300,4
;2500186310;27/05/2025;4813;EHLIS, S.A.;286,4;60,14;286,4
;2500186345;27/05/2025;4813;EHLIS, S.A.;113,89;23,92;113,89
;2500187057;28/05/2025;4813;EHLIS, S.A.;299,39;62,87;299,39
;25001925;05/04/2025;405;COBRES Y ALEACIONES PARA LA SOLDADURA,SA;1676,95;352,16;1676,95
;2500205690;10/06/2025;4813;EHLIS, S.A.;675,34;141,82;675,34
;2500207800;11/06/2025;4813;EHLIS, S.A.;32,51;6,83;32,51
;2500219883;19/06/2025;4813;EHLIS, S.A.;642,95;135,02;642,95
;250022431;15/05/2025;2748;GME DIVISION DE BAÑOS SL;224,96;47,24;224,96
;2500224511;25/06/2025;4813;EHLIS, S.A.;230,84;48,48;230,84
;2500227379;26/06/2025;4813;EHLIS, S.A.;231,88;48,69;231,88
;2500231691;30/06/2025;4813;EHLIS, S.A.;364,79;76,61;364,79
;2500234465;01/07/2025;4813;EHLIS, S.A.;-25,37;-5,33;-25,37
;2500242172;04/07/2025;4813;EHLIS, S.A.;471,87;99,09;471,87
;2500242504;06/07/2025;4813;EHLIS, S.A.;375,92;78,94;375,92
;250024379;27/05/2025;2748;GME DIVISION DE BAÑOS SL;146,86;30,84;146,86
;2500245852;08/07/2025;4813;EHLIS, S.A.;315,99;66,36;315,99
;2500249048;10/07/2025;4813;EHLIS, S.A.;563,1;118,25;563,1
;25002604;29/04/2025;2151;INDUSTRIAL RECENSE, S.L.;559,6;117,52;559,6
;2500267204;23/07/2025;4813;EHLIS, S.A.;287,11;60,29;287,11
;2500267313;23/07/2025;4813;EHLIS, S.A.;945,1;198,47;945,1
;2500271362;28/07/2025;4813;EHLIS, S.A.;607,95;127,67;607,95
;250027423;12/06/2025;2748;GME DIVISION DE BAÑOS SL;1053,48;221,23;1053,48
;2500274811;30/07/2025;4813;EHLIS, S.A.;154,31;32,41;154,31
;2500281554;04/08/2025;4813;EHLIS, S.A.;252,69;53,06;252,69
;2500282;31/01/2025;9588;DUCASA CLIMA, S.A.;480,38;100,88;480,38
;2500286640;08/08/2025;4813;EHLIS, S.A.;263,47;55,33;263,47
;2500288529;11/08/2025;4813;EHLIS, S.A.;374,77;78,7;374,77
;2500288540;11/08/2025;4813;EHLIS, S.A.;326,46;68,56;326,46
;250029515;26/06/2025;2748;GME DIVISION DE BAÑOS SL;290,73;61,05;290,73
;2500296435;26/08/2025;4813;EHLIS, S.A.;508,14;106,71;508,14
;2500296771;26/08/2025;4813;EHLIS, S.A.;254,16;53,37;254,16
;2500302165;01/09/2025;4813;EHLIS, S.A.;633,79;133,1;633,79
;2500304685;02/09/2025;4813;EHLIS, S.A.;253,71;53,28;253,71
;2500320048;17/09/2025;4813;EHLIS, S.A.;393,24;82,58;393,24
;2500327538;23/09/2025;4813;EHLIS, S.A.;474,63;99,67;474,63
;2500332854;25/09/2025;4813;EHLIS, S.A.;197,74;41,53;197,74
;2500333543;26/09/2025;4813;EHLIS, S.A.;316,76;66,52;316,76
;2500335;06/02/2025;5946;GERMANS ALEGRET, S.L.;90;18,9;90
;2500348463;02/10/2025;4813;EHLIS, S.A.;311,35;65,38;311,35
;25-003525;26/03/2025;841;SOC.ANON.SERVEI I COMERÇ ELECTRODOMESTIC;1858,23;390,23;1858,23
;2500370073;17/10/2025;4813;EHLIS, S.A.;799,57;167,91;799,57
;2500372685;21/10/2025;4813;EHLIS, S.A.;270,16;56,73;270,16
;2500377;17/10/2025;8510;PEDRAVAL, S.L.;47,83;10,04;47,83
;250038170;26/08/2025;2748;GME DIVISION DE BAÑOS SL;105,41;22,14;105,41
;2500392308;04/11/2025;4813;EHLIS, S.A.;808,5;169,79;808,5
;2500399640;10/11/2025;4813;EHLIS, S.A.;278,47;58,48;278,47
;2500417931;24/11/2025;4813;EHLIS, S.A.;295,5;62,06;295,5
;2500420244;25/11/2025;4813;EHLIS, S.A.;219,65;46,13;219,65
;2500420827;25/11/2025;4813;EHLIS, S.A.;269,54;56,6;269,54
;2500422256;26/11/2025;4813;EHLIS, S.A.;143,33;30,1;143,33
;25-004367;15/04/2025;536;HIDRO LLEIDA S.A.;528,35;110,95;528,35
;2500443525;12/12/2025;4813;EHLIS, S.A.;314,14;65,97;314,14
;2500444107;15/12/2025;4813;EHLIS, S.A.;324,29;68,1;324,29
;2500444611;15/12/2025;4813;EHLIS, S.A.;708,76;148,84;708,76
;2500444985;15/12/2025;4813;EHLIS, S.A.;282,85;59,4;282,85
;2500447740;16/12/2025;4813;EHLIS, S.A.;485,2;101,89;485,2
;2500448169;16/12/2025;4813;EHLIS, S.A.;209,5;44;209,5
;2500449582;17/12/2025;4813;EHLIS, S.A.;125,37;26,33;125,37
;2500451597;18/12/2025;4813;EHLIS, S.A.;49,27;10,35;49,27
;250045354;14/10/2025;2748;GME DIVISION DE BA?OS SL;80,54;16,91;80,54
;2500454301;22/12/2025;4813;EHLIS, S.A.;237,78;49,93;237,78
;2500456668;23/12/2025;4813;EHLIS, S.A.;412,19;86,56;412,19
;2500459391;29/12/2025;4813;EHLIS, S.A.;79,46;16,69;79,46
;2500459800;29/12/2025;4813;EHLIS, S.A.;1635,15;343,38;1635,15
;25004777;31/01/2025;8826;COMERCIAL SALGAR, S.A.;81;17,01;81
;25005005;11/04/2025;7048;MAKITA, S.A.;519,6;109,12;519,6
;25005098;07/10/2025;1034;OTM SISTEMAS CONSTRUCTIVOS, S.L.U.;1125;236,25;1125
;250052464;25/11/2025;2748;GME DIVISION DE BA?OS SL;224,96;47,24;224,96
;250052959;27/11/2025;2748;GME DIVISION DE BA?OS SL;19,92;4,18;19,92
;2500565;24/02/2025;4969;BUR 2000, S.A.;998,33;209,65;998,33
;25005869;12/11/2025;7243;BOSCH MARIN, S.L.;2524,68;530,18;2524,68
;25005881;07/11/2025;1034;OTM SISTEMAS CONSTRUCTIVOS, S.L.U.;423,85;89,01;423,85
;25005976;31/10/2025;5453;BRUC JARDI, S.L.U.;520,38;109,28;520,38
;25-006256;07/05/2025;841;SOC.ANON.SERVEI I COMERÇ ELECTRODOMESTIC;2539,56;533,31;2539,56
;25-006792;14/05/2025;841;SOC.ANON.SERVEI I COMERÇ ELECTRODOMESTIC;1633,46;343,03;1633,46
;2500694;22/05/2025;9039;PREFABRICADOS FRAGA, S.A.;4047,94;850,07;4047,94
;250077;11/01/2025;16167;ACG PROJECTES INFORMATICS, SL.;946;198,66;946
;25008283;31/03/2025;193;AD MASANES, S.A.;114,36;24,02;114,36
;2500857;31/01/2025;8235;MADERAS PLANES, S.L.;116,21;24,4;116,21
;2501000734;14/05/2025;2118;CUBIERTAS Y ACCESORIOS VITORIA, S.L;880,4;184,88;880,4
;250100216;03/02/2025;2162;INDUSTRIAS DEL CEMENTO AGLOMERADO, SL;2051,32;430,78;2051,32
;2501002815;27/01/2025;4983;CATA ELECTRODOMESTICOS, S.L.;240,57;50,52;240,57
;2501003108;10/03/2025;20055;POALGI, S.L.;137,8;28,94;137,8
;250100377;10/01/2025;1235;COMERCIAL SANYC CES, S.L.;49,5;10,4;49,5
;2501004058;31/03/2025;20055;POALGI, S.L.;555,6;116,68;555,6
;2501004158;07/04/2025;20055;POALGI, S.L.;-32,76;-6,88;-32,76
;2501004436;07/04/2025;20055;POALGI, S.L.;488,4;102,56;488,4
;2501004663;05/02/2025;4983;CATA ELECTRODOMESTICOS, S.L.;442,03;92,83;442,03
;2501005829;12/05/2025;20055;POALGI, S.L.;745,8;156,62;745,8
;2501-00629;14/01/2025;50044;SPAX TORNILLERÍA, S.A.U.;63,86;13,41;63,86
;25010097;14/05/2025;7676;FABRICACION DE MATERIAL ELECTRICO, S.A.;416,67;87,5;416,67
;2501010551;13/03/2025;4983;CATA ELECTRODOMESTICOS, S.L.;491,64;103,24;491,64
;250101151;17/01/2025;1235;COMERCIAL SANYC CES, S.L.;1019,7;214,14;1019,7
;2501016793;22/04/2025;4983;CATA ELECTRODOMESTICOS, S.L.;145,92;30,64;145,92
;250101684;20/10/2025;20055;POALGI, S.L.;114,4;24,02;114,4
;2501-02008;30/01/2025;50044;SPAX TORNILLERÍA, S.A.U.;1409,59;296,01;1409,59
;2501053;19/02/2025;7548;ACO PRODUCTOS POLIMEROS, S.A.;798,12;167,61;798,12
;25013103;31/12/2025;2541;MATERIALS CAMA, S.L.;556,8;116,93;556,8
;2501314;28/05/2025;15946;GERMANS ALEGRET, S.L.;78,06;16,39;78,06
;25014101;19/03/2025;6078;BELLOTA HERRAMIENTAS, S.A.;885,14;185,88;885,14
;25-014198;31/10/2025;536;HIDRO LLEIDA S.A.;4019,78;844,15;4019,78
;25-014263;27/08/2025;841;SOC.ANON.SERVEI I COMERÇ ELECTRODOMESTIC;1896,14;398,19;1896,14
;25014487;21/03/2025;6078;BELLOTA HERRAMIENTAS, S.A.;625,37;131,33;625,37
;25-014942;15/11/2025;536;HIDRO LLEIDA S.A.;643,91;135,22;643,91
;25015190;07/08/2025;6701;VALVULAS ARCO, S.L.;659,47;138,49;659,47
;2501624;28/10/2025;9039;PREFABRICADOS FRAGA, S.A.;-1008,4;-211,76;-1008,4
;2501649;21/07/2025;5946;GERMANS ALEGRET, S.L.;52,8;11,09;52,8
;25016892;31/03/2025;8826;COMERCIAL SALGAR, S.A.;515,7;108,3;515,7
;25016996;18/09/2025;6701;VALVULAS ARCO, S.L.;2334,18;490,18;2334,18
;25-017040;31/12/2025;536;HIDRO LLEIDA S.A.;102,33;21,49;102,33
;2501722;27/05/2025;4969;BUR 2000, S.A.;1239,32;260,26;1239,32
;2501723;01/08/2025;5946;GERMANS ALEGRET, S.L.;32;6,72;32
;2501817;21/11/2025;9039;PREFABRICADOS FRAGA, S.A.;3069,48;644,59;3069,48
;25018538;31/03/2025;8826;COMERCIAL SALGAR, S.A.;-991,23;-208,16;-991,23
;2501915;24/09/2025;9588;DUCASA CLIMA, S.A.;2674,07;561,55;2674,07
;2501993;01/10/2025;9588;DUCASA CLIMA, S.A.;334,9;70,33;334,9
;250200226;07/02/2025;1235;COMERCIAL SANYC CES, S.L.;84,15;17,67;84,15
;250200276;17/02/2025;7426;ARIDS CATALUNYA, S.A.;323,4;67,91;323,4
;250200752;15/02/2025;7134;ALBERTO SOLER, S.A.;5,47;1,15;5,47
;250202673;28/02/2025;1235;COMERCIAL SANYC CES, S.L.;523,05;109,84;523,05
;250202740;05/02/2025;7543;VELILLA GROUP EUROPE, SLU;287,26;60,32;287,26
;2502045;09/09/2025;5946;GERMANS ALEGRET, S.L.;8,5;1,79;8,5
;25020518;15/04/2025;8826;COMERCIAL SALGAR, S.A.;76,95;16,16;76,95
;2502164;26/09/2025;5946;GERMANS ALEGRET, S.L.;27,27;5,73;27,27
;2502200;28/10/2025;9588;DUCASA CLIMA, S.A.;1584,52;332,75;1584,52
;25-022076;03/12/2025;841;SOC.ANON.SERVEI I COMERÇ ELECTRODOMESTIC;3354,3;704,4;3390,3
;25022121;15/04/2025;8826;COMERCIAL SALGAR, S.A.;-81;-17,01;-81
;25023727;11/06/2025;7048;MAKITA, S.A.;564,93;118,63;564,93
;2502388;30/04/2025;3180;GRONPES, S.L.;95,93;20,15;95,93
;25024454RI;03/12/2025;7676;FABRICACION DE MATERIAL ELECTRICO, S.A.;600,08;126,02;600,08
;25025636RI;22/12/2025;7676;FABRICACION DE MATERIAL ELECTRICO, S.A.;788,31;165,55;788,31
;2502718;09/12/2025;9588;DUCASA CLIMA, S.A.;1304;273,84;1304
;2502747;31/05/2025;3180;GRONPES, S.L.;590;123,9;590
;2503005;23/12/2025;5946;GERMANS ALEGRET, S.L.;57,14;12;57,14
;2503-01947;28/03/2025;50044;SPAX TORNILLERÍA, S.A.U.;30,31;6,37;30,31
;250302489;31/03/2025;7134;ALBERTO SOLER, S.A.;28,24;5,93;28,24
;250302588;28/03/2025;1235;COMERCIAL SANYC CES, S.L.;471,9;99,1;471,9
;2503064;03/09/2025;4969;BUR 2000, S.A.;2522,66;529,76;2522,66
;25032364;30/06/2025;7048;MAKITA, S.A.;223,1;46,85;223,1
;25032366;30/06/2025;7048;MAKITA, S.A.;175,57;36,87;175,57
;25032367;30/06/2025;7048;MAKITA, S.A.;139,1;29,21;139,1
;25033359;15/06/2025;8826;COMERCIAL SALGAR, S.A.;725,94;152,45;725,94
;2503389;23/12/2025;9349;GRONPESTANKA, SLU;3132,38;657,8;3132,38
;25035089;17/07/2025;5313;ITEM INTERNATIONAL, S.A;441,12;92,64;441,12
;25036172;09/07/2025;7048;MAKITA, S.A.;699,56;146,91;699,56
;25-400362;22/01/2025;9813;BIGMAT IBERIA, S.A.;57,56;12,09;57,56
;25-400497;29/01/2025;9813;BIGMAT IBERIA, S.A.;40,17;8,44;40,17
;25-400535;31/01/2025;9813;BIGMAT IBERIA, S.A.;58,96;12,38;58,96
;25400589;14/03/2025;7733;SAKYDU, S.L.;165,96;34,85;165,96
;2540128882;05/08/2025;15662;LEASYS S.P.A. Sucursal España;435,29;91,41;435,29
;2540174114;02/10/2025;15662;LEASYS S.P.A. Sucursal Espa?a;435,29;91,41;435,29
;25-401752;04/04/2025;9813;BIGMAT IBERIA, S.A.;20,04;4,21;20,04
;2540219689;02/12/2025;15662;LEASYS S.P.A. Sucursal Espa?a;435,29;91,41;435,29
;25-402425;07/05/2025;9813;BIGMAT IBERIA, S.A.;108,51;22,79;108,51
;25402671;16/05/2025;9813;BIGMAT IBERIA, S.A.;29,3;6,15;29,3
;25-402952;28/05/2025;9813;BIGMAT IBERIA, S.A.;271,15;56,94;271,15
;25-403067;02/06/2025;9813;BIGMAT IBERIA, S.A.;221,1;46,43;221,1
;25-404785;13/08/2025;9813;BIGMAT IBERIA, S.A.;89,34;18,76;89,34
;25-405279;12/09/2025;9813;BIGMAT IBERIA, S.A.;80,1;16,82;80,1
;25-405638;03/10/2025;9813;BIGMAT IBERIA, S.A.;62,34;13,09;62,34
;25-406546;19/11/2025;9813;BIGMAT IBERIA, S.A.;9,88;2,07;9,88
;254204;30/06/2025;4256;MECANO CAMP, S.A.;87,47;18,37;87,47
;2550000357;14/01/2025;14708;BIGMAT LOGISTICA, S.A.;358;75,18;358
;2550000742;13/02/2025;14708;BIGMAT LOGISTICA, S.A.;280;58,8;280
;2550001051;13/02/2025;14708;BIGMAT LOGISTICA, S.A.;1843,68;387,17;1843,68
;2550001553;05/03/2025;14708;BIGMAT LOGISTICA, S.A.;366;76,86;366
;2550001653;02/04/2025;14708;BIGMAT LOGISTICA, S.A.;529;111,09;529
;2550002401;06/05/2025;14708;BIGMAT LOGISTICA, S.A.;1292,82;271,49;1292,82
;2550002938;04/06/2025;14708;BIGMAT LOGISTICA, S.A.;1415,01;297,15;1415,01
;2550003828;05/08/2025;19813;BIGMAT IBERIA, S.A.;456;95,76;456
;25-510000;28/03/2025;19813;BIGMAT IBERIA, S.A.;-2404,05;-504,85;-2404,05
;25520;15/10/2025;10483;MARC REIG LOPEZ;250;52,5;250
;255432;10/09/2025;4256;MECANO CAMP, S.A.;35,69;7,49;35,69
;255582;23/09/2025;4256;MECANO CAMP, S.A.;39,34;8,26;39,34
;256.965;15/10/2025;4402;INDUSTRIAL BLANSOL, SA;689,18;144,73;689,18
;256022003;08/08/2025;2748;GME DIVISION DE BAÑOS SL;632,31;132,79;632,31
;256023452;02/09/2025;2748;GME DIVISION DE BAÑOS SL;193,45;40,62;193,45
;256023541;03/09/2025;2748;GME DIVISION DE BAÑOS SL;235,46;49,45;235,46
;25686342;21/01/2025;7455;GRESPANIA, S.A.;322,88;67,8;322,88
;25692393;31/03/2025;7455;GRESPANIA, S.A.;502,96;105,62;502,96
;25693986;16/04/2025;7455;GRESPANIA, S.A.;456,03;95,77;456,03
;25694779;29/04/2025;7455;GRESPANIA, S.A.;285,24;59,9;285,24
;25697426;28/05/2025;7455;GRESPANIA, S.A.;69,57;14,61;69,57
;256975;25/11/2025;4256;MECANO CAMP, S.A.;94,88;19,92;94,88
;257.709;12/11/2025;4402;INDUSTRIAL BLANSOL, SA;-421,68;-88,55;-421,68
;25701608;15/07/2025;7455;GRESPANIA, S.A.;870,53;182,81;870,53
;25702029;18/07/2025;7455;GRESPANIA, S.A.;314,47;66,04;314,47
;25704509;27/08/2025;7455;GRESPANIA, S.A.;463,69;97,37;463,69
;257709;12/11/2025;4402;INDUSTRIAL BLANSOL, SA;421,68;88,55;421,68
;258.606;15/12/2025;4402;INDUSTRIAL BLANSOL, SA;-517,26;-108,62;-517,26
;25-800212;24/01/2025;19813;BIGMAT IBERIA, S.A.;1105,74;232,21;1105,74
;25-801184;25/05/2025;19813;BIGMAT IBERIA, S.A.;1080,31;226,87;1080,31
;25-802283;24/10/2025;19813;BIGMAT IBERIA, S.A.;1080,31;226,87;1080,31
;25-802500;25/11/2025;19813;BIGMAT IBERIA, S.A.;1080,31;226,87;1080,31
;258300006;30/05/2025;14708;BIGMAT LOGISTICA, S.A.;-2531,11;-531,53;-2531,11
;258300007;26/06/2025;14708;BIGMAT LOGISTICA, S.A.;-276,05;-57,97;-276,05
;25-830002;27/02/2025;19813;BIGMAT IBERIA, S.A.;-102,66;-21,56;-102,66
;259100564;19/02/2025;16197;PRESTO IBERICA, S.A.;-2,33;-0,49;-2,33
;25911669;04/04/2025;5450;INDUSTRIAL ZAPATERA, S.A.;93,28;19,59;93,28
;25A/323;31/10/2025;7671;FRANCISCO JAVIER SANTIAGO PEREZ;3168;665,28;3168
;25A0010640;05/05/2025;3441;ALFA DYSER, S.L.;-10,8;-2,27;-10,8
;25A0015808;04/07/2025;3441;ALFA DYSER, S.L.;-8,6;-1,81;-8,6
;25A0019611;01/09/2025;3441;ALFA DYSER, S.L.;-34,35;-7,21;-34,35
;25A0020345;12/09/2025;3441;ALFA DYSER, S.L.;-101,13;-21,24;-101,13
;25F001915;29/09/2025;4306;INVAPAL, SA;388,3;81,54;388,3
;25F1100236;02/12/2025;2162;INDUSTRIAS DEL CEMENTO AGLOMERADO, SL;1473,36;309,41;1473,36
;25FC005140;18/02/2025;5495;IBERMAPEI, S.A.;1362,49;286,12;1362,49
;25FC011882;16/04/2025;5495;IBERMAPEI, S.A.;1060,1;222,62;1060,1
;25FC012008;22/04/2025;5495;IBERMAPEI, S.A.;56;11,77;56
;25FC013461;06/05/2025;5495;IBERMAPEI, S.A.;95,86;20,13;95,86
;25FC015736;22/05/2025;5495;IBERMAPEI, S.A.;47,73;10,03;47,73
;25FC016072;26/05/2025;5495;IBERMAPEI, S.A.;1046,4;219,74;1046,4
;25FC023738;23/07/2025;5495;IBERMAPEI, S.A.;2333,23;489,98;2333,23
;25FC030700;02/10/2025;5495;IBERMAPEI, S.A.;97,63;20,5;97,63
;25FC031621;10/10/2025;5495;IBERMAPEI, S.A.;63,41;13,32;63,41
;25FC033209;24/10/2025;5495;IBERMAPEI, S.A.;902,07;189,43;902,07
;25FCO29346;19/09/2025;5495;IBERMAPEI, S.A.;104;21,84;104
;25FCO29370;19/09/2025;5495;IBERMAPEI, S.A.;1044,12;219,27;1044,12
;25FV00988;27/01/2025;4641;SCHLÜTER-SYSTEMS S.L.;456,27;95,82;456,27
;25FV01215;24/02/2025;20168;EXOJO, S.L.;390,01;81,9;390,01
;25FV02571;27/02/2025;4641;SCHLÜTER-SYSTEMS S.L.;670,61;140,83;670,61
;25FV02672;28/02/2025;4641;SCHLÜTER-SYSTEMS S.L.;913,57;191,85;913,57
;25FV04631;09/04/2025;4641;SCHLÜTER-SYSTEMS S.L.;388,88;81,66;388,88
;25FV05139;23/04/2025;4641;SCHLÜTER-SYSTEMS S.L.;260,25;54,65;260,25
;25FV05995;13/05/2025;4641;SCHLÜTER-SYSTEMS S.L.;5,48;1,15;5,48
;25FV06674;27/05/2025;4641;SCHLÜTER-SYSTEMS S.L.;768,9;161,47;768,9
;25FV07689;16/06/2025;4641;SCHLÜTER-SYSTEMS S.L.;1709,92;359,08;1709,92
;25FV08986;14/07/2025;4641;SCHLÜTER-SYSTEMS S.L.;529,18;111,13;529,18
;25FV09149;16/07/2025;4641;SCHLÜTER-SYSTEMS S.L.;51,32;10,78;51,32
;25FV09588;28/07/2025;4641;SCHLÜTER-SYSTEMS S.L.;377,97;79,37;377,97
;25FV10821;01/09/2025;4641;SCHL?TER-SYSTEMS S.L.;141,75;29,77;141,75
;25FV11132;09/09/2025;4641;SCHL?TER-SYSTEMS S.L.;119,1;25,01;119,1
;25FV11819;25/09/2025;4641;SCHL?TER-SYSTEMS S.L.;522,33;109,69;522,33
;25FV12796;16/10/2025;4641;SCHL?TER-SYSTEMS S.L.;1729,8;363,26;1729,8
;25FV12967;21/10/2025;4641;SCHL?TER-SYSTEMS S.L.;165,28;34,71;165,28
;25FV13501;31/10/2025;4641;SCHL?TER-SYSTEMS S.L.;71,97;15,11;71,97
;25FV13624;04/11/2025;4641;SCHL?TER-SYSTEMS S.L.;1223,79;257;1223,79
;25FV13943;11/11/2025;4641;SCHL?TER-SYSTEMS S.L.;203,25;42,68;203,25
;25FV14021;12/11/2025;4641;SCHL?TER-SYSTEMS S.L.;98,39;20,66;98,39
;25N11148;24/09/2025;8096;VIVES AZULEJOS Y GRES, S.A.;-53,97;-11,33;-53,97
;25O000482;24/04/2025;10122;DISCAR VAL D'ARAN, SL;1552,73;326,07;1552,73
;2625;12/11/2025;13947;BALUE JUSTO ADVOCATS, S.L.;1066;223,86;1066
;276847;15/02/2025;629;ROAR, S.A.;124,42;26,13;124,42
;277349;31/05/2025;629;ROAR, S.A.;-940;-197,4;-940
;278111125;11/11/2025;10013;BANCO SANTANDER, S.A.;11,75;2,47;11,75
;280158;17/01/2025;5358;I&E FOREST PANELS, S.L.;429,62;90,22;429,62
;280251;27/01/2025;5358;I&E FOREST PANELS, S.L.;1156,33;242,83;1156,33
;281058;15/04/2025;5358;I&E FOREST PANELS, S.L.;3664,92;769,63;3664,92
;28/12/2025;28/12/2025;3553;VICAL HOME S.L.;330,63;69,43;330,63
;281496;04/06/2025;5358;I&E FOREST PANELS, S.L.;738,99;155,19;738,99
;281558;10/06/2025;5358;I&E FOREST PANELS, S.L.;961,88;201,99;961,88
;281746;27/06/2025;5358;I&E FOREST PANELS, S.L.;780,36;163,88;780,36
;281794;04/07/2025;5358;I&E FOREST PANELS, S.L.;1720,18;361,24;1720,18
;281871;09/07/2025;5358;I&E FOREST PANELS, S.L.;358,37;75,26;358,37
;2822;20/11/2025;13947;BALUE JUSTO ADVOCATS, S.L.;55;11,55;55
;282354;16/09/2025;5358;I E FOREST PANELS, S.L.;911,36;191,39;911,36
;282492;03/10/2025;5358;I E FOREST PANELS, S.L.;1682,68;353,36;1682,68
;282504;03/10/2025;5358;I E FOREST PANELS, S.L.;874,77;183,7;874,77
;282671;21/10/2025;5358;I E FOREST PANELS, S.L.;860,09;180,62;860,09
;282740;28/10/2025;5358;I E FOREST PANELS, S.L.;389,48;81,79;389,48
;282752;29/10/2025;5358;I E FOREST PANELS, S.L.;1045,15;219,48;1045,15
;282987;26/11/2025;5358;I E FOREST PANELS, S.L.;1742,88;366;1742,88
;283103;12/12/2025;5358;I E FOREST PANELS, S.L.;64,51;13,55;64,51
;2850;20/06/2025;484;SOBIME, S.A.;718,95;150,98;718,95
;2892;12/12/2025;13947;BALUE JUSTO ADVOCATS, S.L.;704;147,84;704
;29.121;10/09/2025;2062;DISTRIBUIDORA BOSCH HNOS.,S.A.;215,22;45,2;215,22
;2914002860;31/01/2025;3273;FUSTES LLEIDA, S.L.;-57,45;-12,06;-57,45
;2914003056;15/09/2025;3273;FUSTES LLEIDA, S.L.;-94,8;-19,91;-94,8
;2914003072;30/09/2025;3273;FUSTES LLEIDA, S.L.;-41,03;-8,62;-41,03
;298;17/02/2025;13947;BALUE JUSTO ADVOCATS, S.L.;685;143,85;685
;3;22/01/2025;14822;BENJAMIN ABADIA MOGA;660;138,6;660
;3.084;30/01/2025;2062;DISTRIBUIDORA BOSCH HNOS.,S.A.;165,04;34,66;165,04
;3.991;06/02/2025;2062;DISTRIBUIDORA BOSCH HNOS.,S.A.;100,92;21,19;100,92
;30010160;09/04/2025;8737;OLI - SISTEMAS SANITARIOS, S.A.;942,96;198,02;942,96
;449820;24/11/2025;8184;ALYCO TOOLS, SA;238,94;50,18;238,94
;450442;27/11/2025;8184;ALYCO TOOLS, SA;138,26;29,03;138,26
;452213;15/12/2025;8184;ALYCO TOOLS, SA;162,7;34,17;162,7
;452692;17/12/2025;8184;ALYCO TOOLS, SA;228,67;48,02;228,67
;466873;15/02/2025;7079;PREFABRICADOS CASTELLBISBAL SL;815,56;171,27;815,56
;467927;07/10/2025;6623;TUCAI, S.A.;531,38;111,59;531,38
;470676;07/11/2025;6623;TUCAI, S.A.;727,07;152,68;727,07
;4712501600;23/06/2025;9313;ZENON BATH & SPC SURFACES S.L.;46;9,66;46
;4732500186;31/10/2025;9313;ZENON BATH   SPC SURFACES S.L.;159,57;33,51;159,57
;474346;16/12/2025;6623;TUCAI, S.A.;245,06;51,46;245,06
;474582;19/12/2025;6623;TUCAI, S.A.;553,29;116,19;553,29
;484823;04/06/2025;9173;IRPEN, S.A.U.;519,53;109,1;519,53
;5/00004799;15/09/2025;6004;MORTERO BENSEC SL;3220,16;676,23;3220,16
;5/00005097;30/09/2025;6004;MORTERO BENSEC SL;5090,4;1068,98;5090,4
;50/6026728;30/09/2025;6414;ISOLANA AISLAMIENTOS, S.L.;1889,6;396,82;1889,6
;50/6049755;31/12/2025;6414;ISOLANA AISLAMIENTOS, S.L.;1579,47;331,69;1579,47
;5001001600;30/09/2025;2118;CUBIERTAS Y ACCESORIOS VITORIA, S.L;666,31;139,93;666,31
;5-016.009;02/10/2025;7669;IRONLUX GROUP 2003, S.A.;663,78;139,39;663,78
;504205659;30/06/2025;361;GERSAL, S.A.;208,7;43,83;208,7
;5060608928;28/10/2025;2032;TECHTRONIC INDUSTRIES IBERIA, SL;66,78;14,02;66,78
;25038;31/12/2025;15443;PIRINEO NATURAL, S.L.;120;25,2;120
;2503842;09/07/2025;3954;BATHCO;200,9;42,19;200,9
;25039113;17/07/2025;7048;MAKITA, S.A.;559,57;117,51;559,57
;2504005997;01/01/2025;11265;ASCENSORES GALO, S.L.U;288,67;60,62;288,67
;2504007494;01/02/2025;11265;ASCENSORES GALO, S.L.U;288,67;60,62;288,67
;250401052;11/04/2025;1235;COMERCIAL SANYC CES, S.L.;1782;374,22;1782
;2504-01810;28/04/2025;50044;SPAX TORNILLERÍA, S.A.U.;148,32;31,15;148,32
;2504018103;01/06/2025;11265;ASCENSORES GALO, S.L.U;35;7,35;35
;2504-01942;29/04/2025;50044;SPAX TORNILLERÍA, S.A.U.;1312,41;275,61;1312,41
;250402460;25/04/2025;1235;COMERCIAL SANYC CES, S.L.;2946,35;618,73;2946,35
;2504024898;01/07/2025;11265;ASCENSORES GALO, S.L.U;175;36,75;175
;2504026319;01/08/2025;11265;ASCENSORES GALO, S.L.U;35;7,35;35
;2504035689;01/11/2025;11265;ASCENSORES GALO, S.L.U;175;36,75;175
;25042697;28/07/2025;7048;MAKITA, S.A.;454,52;95,45;454,52
;25-04390;03/06/2025;4946;INDUSTRIAS PEYGRAN, S.L.;1111,05;233,32;1111,05
;2504390517;30/04/2025;12006;MOVISTAR PROSEGUR ALARMAS, S.L.;53,77;11,29;53,77
;25-04392;03/06/2025;4946;INDUSTRIAS PEYGRAN, S.L.;1434,29;301,2;1434,29
;25044317;25/09/2025;15313;ITEM INTERNATIONAL, S.A;203,3;42,69;203,3
;2504461;01/08/2025;3954;BATHCO;751,85;157,89;751,85
;25045422;27/05/2025;14562;SISTEMAS DIGITALES CORPORATE, S.L.;282,76;59,38;282,76
;2504683;24/10/2025;6847;DCU ADVANCE TECNOLOGIC, S.L.;204,37;42,92;204,37
;2504765;30/09/2025;3180;GRONPES, S.L.;339,78;71,35;339,78
;2504791;14/05/2025;3840;VENTAS INTERNACIONLES, S.A.;1193,76;250,69;1193,76
;25048142;12/08/2025;7048;MAKITA, S.A.;4,44;0,93;4,44
;2504856;03/09/2025;3954;BATHCO;287,8;60,44;287,8
;2504992;30/09/2025;3180;GRONPES, S.L.;762,36;160,1;762,36
;2505000072;30/05/2025;17783;TRANSPORTES Y EXCAVACIONES BARBA, SL;162,5;34,13;162,5
;250500129;16/05/2025;7426;ARIDS CATALUNYA, S.A.;660,52;138,71;660,52
;250500254;09/05/2025;1235;COMERCIAL SANYC CES, S.L.;377,3;79,23;377,3
;250500255;09/05/2025;1235;COMERCIAL SANYC CES, S.L.;977,35;205,24;977,35
;250501072;16/05/2025;1235;COMERCIAL SANYC CES, S.L.;78,65;16,52;78,65
;2505-01400;22/05/2025;50044;SPAX TORNILLERÍA, S.A.U.;139,75;29,35;139,75
;250501910;23/05/2025;1235;COMERCIAL SANYC CES, S.L.;366,3;76,92;366,3
;25051906;26/08/2025;7048;MAKITA, S.A.;293,79;61,7;293,79
;2505207;25/11/2025;6847;DCU ADVANCE TECNOLOGIC, S.L.;218,27;45,84;218,27
;2505250;27/05/2025;3840;VENTAS INTERNACIONLES, S.A.;711,89;149,5;711,89
;25052841;30/09/2025;8826;COMERCIAL SALGAR, S.A.;171;35,91;171
;25053482;01/09/2025;7048;MAKITA, S.A.;582;122,22;582
;2505875;22/12/2025;6847;DCU ADVANCE TECNOLOGIC, S.L.;165,63;34,78;165,63
;25059007;01/12/2025;5313;ITEM INTERNATIONAL, S.A;201,2;42,25;201,2
;250600147;16/06/2025;7426;ARIDS CATALUNYA, S.A.;1257,65;264,11;1257,65
;2506003036;29/10/2025;11265;ASCENSORES GALO, S.L.U;338,36;71,06;338,36
;25060175;16/09/2025;7048;MAKITA, S.A. UNIPERSONAL;2081,92;437,2;2081,92
;2506-01804;26/06/2025;50044;SPAX TORNILLERÍA, S.A.U.;302,62;63,55;302,62
;2506-01805;26/06/2025;50044;SPAX TORNILLERÍA, S.A.U.;1493,02;313,53;1493,02
;2506099;30/11/2025;3180;GRONPES, S.L.;223,3;46,89;223,3
;25068248;08/10/2025;7048;MAKITA, S.A. UNIPERSONAL;990,85;208,08;990,85
;25068250;08/10/2025;7048;MAKITA, S.A. UNIPERSONAL;416,13;87,39;416,13
;250700194;04/07/2025;1235;COMERCIAL SANYC CES, S.L.;3202,66;672,56;3202,66
;250700869;11/07/2025;1235;COMERCIAL SANYC CES, S.L.;1817,2;381,61;1817,2
;25074385;24/10/2025;7048;MAKITA, S.A. UNIPERSONAL;739,35;155,26;739,35
;2507448949;31/07/2025;12006;MOVISTAR PROSEGUR ALARMAS, S.L.;53,77;11,29;53,77
;25077658;03/11/2025;7048;MAKITA, S.A. UNIPERSONAL;393,39;82,61;393,39
;25079707;11/11/2025;7048;MAKITA, S.A. UNIPERSONAL;107,67;22,61;107,67
;25080288;12/11/2025;7048;MAKITA, S.A. UNIPERSONAL;821,59;172,53;821,59
;25082830;29/09/2025;14562;SISTEMAS DIGITALES CORPORATE, S.L.;320,12;67,23;320,12
;25085660;26/11/2025;7048;MAKITA, S.A. UNIPERSONAL;38,33;8,05;38,33
;2508692;11/09/2025;8235;MADERAS PLANES, S.L.;1208,71;253,83;1208,71
;2509043;07/11/2025;3840;VENTAS INTERNACIONLES, S.A.;1220,74;256,36;1220,74
;2509542;11/12/2025;6080;WIRQUIN CALAF, S.L.;521,52;109,52;521,52
;251000137;31/01/2025;10778;PRETENSADOS RIBERA, S.L.;626,15;131,49;626,15
;251000138;31/01/2025;10778;PRETENSADOS RIBERA, S.L.;16,94;3,56;16,94
;251000140;31/01/2025;10778;PRETENSADOS RIBERA, S.L.;19,88;4,17;19,88
;25100047;07/03/2025;12339;BUJIOL S.L.;-49,96;-10,49;-49,96
;251000747;30/04/2025;10778;PRETENSADOS RIBERA, S.L.;327,31;68,74;327,31
;251000752;30/04/2025;10778;PRETENSADOS RIBERA, S.L.;29,32;6,16;29,32
;251000948;31/05/2025;10778;PRETENSADOS RIBERA, S.L.;86,88;18,24;86,88
;251001270;30/06/2025;10778;PRETENSADOS RIBERA, S.L.;11,6;2,44;11,6
;251001272;30/06/2025;10778;PRETENSADOS RIBERA, S.L.;5,84;1,23;5,84
;251001273;30/06/2025;10778;PRETENSADOS RIBERA, S.L.;2,07;0,43;2,07
;2510-01421;23/10/2025;50044;SPAX TORNILLER?A, S.A.U.;2402,48;504,52;2402,48
;25013964;26/05/2025;583;PLASTICOS TA-TAY,S.A.;269,24;56,54;269,24
;25017338;25/06/2025;583;PLASTICOS TA-TAY,S.A.;228,89;48,07;228,89
;25021549;25/07/2025;583;PLASTICOS TA-TAY,S.A.;236,57;49,68;236,57
;25024585;22/08/2025;583;PLASTICOS TA-TAY,S.A.;292,03;61,33;292,03
;25027110;17/09/2025;583;PLASTICOS TA-TAY,S.A.;-460,42;-96,69;-460,42
;25106066;22/01/2025;7246;ROYO SPAIN, S.L.;503,06;105,64;503,06
;251097;28/08/2025;7469;CERÁMICA BELIANES, S.L.;3187,12;669,3;3187,12
;25157494;23/10/2025;7246;ROYO SPAIN, S.L.;323,43;67,92;323,43
;25166896;10/12/2025;7246;ROYO SPAIN, S.L.;211,15;44,34;211,15
;3181;13/10/2025;846;SODITEC SPAIN CAUCHO Y PVC, SL;136,94;28,76;136,94
;008/2025;24/09/2025;10110;NURIA PUYOL TAMARIT;95;19,95;95
;80170925;17/09/2025;10013;BANCO SANTANDER, S.A.;22,23;4,67;22,23
;81110825;11/08/2025;10013;BANCO SANTANDER, S.A.;11,29;2,37;11,29
;97080825;08/08/2025;10013;BANCO SANTANDER, S.A.;11,29;2,37;11,29
;01/00673;14/01/2025;2621;COFAN LA MANCHA, S.A.;184,29;38,7;184,29
;01/13548;06/03/2025;2621;COFAN LA MANCHA, S.A.;164,42;34,52;164,42
;01/14060;12/03/2025;2621;COFAN LA MANCHA, S.A.;121,19;25,45;121,19
;01/15205;27/03/2025;2621;COFAN LA MANCHA, S.A.;158,13;33,21;158,13
;01/20363;04/04/2025;2621;COFAN LA MANCHA, S.A.;151,98;31,91;151,98
;01/26673;05/05/2025;2621;COFAN LA MANCHA, S.A.;259,41;54,47;259,41
;01/34284;05/06/2025;2621;COFAN LA MANCHA, S.A.;155,72;32,7;155,72
;01/43293;23/07/2025;2621;COFAN LA MANCHA, S.A.;214,83;45,12;214,83
;01/49742;19/08/2025;2621;COFAN LA MANCHA, S.A.;172,29;36,18;172,29
;01/63636;24/10/2025;2621;COFAN LA MANCHA, S.A.;223,53;46,95;223,53
;01/78011;22/12/2025;2621;COFAN LA MANCHA, S.A.;167,18;35,1;167,18
;01/78314;29/12/2025;2621;COFAN LA MANCHA, S.A.;205,67;43,19;205,67
;100047313;27/10/2025;4983;CATA ELECTRODOMESTICOS, S.L.;471,24;98,96;471,24
;-10742;08/09/2025;20055;POALGI, S.L.;369,2;77,53;369,2
;-14090;17/11/2025;20055;POALGI, S.L.;176,8;37,13;176,8
;-15069;09/12/2025;20055;POALGI, S.L.;176,8;37,13;176,8
;1024010;29/04/2025;2621;COFAN LA MANCHA, S.A.;210,86;44,28;210,86
;105010725;01/07/2025;10013;BANCO SANTANDER, S.A.;11,29;2,37;11,29
;01/10/2025;01/10/2025;11866;RODI ARAN, S.L.;704,57;147,96;704,57
;1250271;10/10/2025;12556;VIALPE FINESTRES I TANCAMENTS, S.L.;554;116,34;554
;1250361;12/12/2025;12556;VIALPE FINESTRES I TANCAMENTS, S.L.;715;150,15;715
;135070825;07/08/2025;10013;BANCO SANTANDER, S.A.;11,29;2,37;11,29
;183060825;06/08/2025;10013;BANCO SANTANDER, S.A.;11,29;2,37;11,29
;250352545;18/08/2025;16603;SMARTCONTA, S.L.U.;7,87;1,65;7,87
;251212142;30/10/2025;1136;GRUPO PRILUX ILUMINACION, S.L.;86;18,06;86
;252501740;30/09/2025;6793;PLABELL COMERCIAL,S.L.;460,5;96,71;460,5
;025V775688;15/10/2025;502;ELEKTRA CATALUNYA XXI SL;673,46;141,43;673,46
;027806/51;15/12/2025;7286;PAMESA CERAMICA COMPACTTO, SLU;182,1;38,24;182,1
;28024153;05/06/2025;11866;RODI ARAN, S.L.;34,65;7,28;34,65
;28024578;30/06/2025;11866;RODI ARAN, S.L.;57,82;12,14;57,82
;30520;30/09/2025;1908;TUBS 1313, S.A.;575,98;120,96;575,98
;5635490;15/07/2025;7800;FERRETERIA DOMENEC SEGUI, S.L.;43,8;9,2;43,8
;5639651;15/12/2025;7800;FERRETERIA DOMENEC SEGUI, S.L.;137,35;28,84;137,35
;05VFN00284;13/05/2025;9638;DIMOS;2029;426,09;2029
;0A-007912;16/05/2025;8072;HEPOLUZ, S.L.;261,4;54,89;261,4
;1633188003;31/03/2025;800;HOLCIM ESPAÑA, S.A.U.;2758;579,18;2758
;1633189565;20/04/2025;800;HOLCIM ESPAÑA, S.A.U.;1773;372,33;1773
;1633206134;20/11/2025;800;HOLCIM ESPA?A, S.A.U.;2395,8;503,12;2395,8
;1644049594;30/04/2025;800;HOLCIM ESPAÑA, S.A.U.;974,08;204,56;974,08
;1644052884;31/08/2025;800;HOLCIM ESPAÑA, S.A.U.;1509,76;317,05;1509,76
;1644052885;31/08/2025;800;HOLCIM ESPAÑA, S.A.U.;3640,36;764,48;3640,36
;1644053987;10/10/2025;800;HOLCIM ESPA?A, S.A.U.;3406;715,26;3406
;1666;22/07/2025;13947;BALUE JUSTO ADVOCATS, S.L.;750;157,5;750
;17007854;11/03/2025;721;ARISTON THERMO ESPAÑA, S.L.U.;206,59;43,38;206,59
;17300895;01/02/2025;17473;LEASE PLAN SERVICIOS, SA;492,86;103,5;492,86
;173060225;06/02/2025;10013;BANCO SANTANDER, S.A.;12,62;2,65;12,62
;17334231;01/03/2025;17473;LEASE PLAN SERVICIOS, SA;492,86;103,5;492,86
;17367365;01/04/2025;17473;LEASE PLAN SERVICIOS, SA;492,86;103,5;492,86
;18/11/2025;18/11/2025;8438;DINAK, S.A.;1096,34;230,23;1096,34
;1908267586;14/04/2025;7218;FERRETERIES CATALONIA, S.A.;3,05;0,64;3,05
;1914035566;15/01/2025;3273;FUSTES LLEIDA, S.L.;51,83;10,88;51,83
;1914035710;31/01/2025;3273;FUSTES LLEIDA, S.L.;813,13;170,76;813,13
;1914035711;31/01/2025;13273;FUSTES LLEIDA, S.L.;166,37;34,94;166,37
;1914035904;15/02/2025;3273;FUSTES LLEIDA, S.L.;1032,21;216,76;1032,21
;1914036055;28/02/2025;3273;FUSTES LLEIDA, S.L.;186,22;39,11;186,22
;1914036389;31/03/2025;3273;FUSTES LLEIDA, S.L.;1028,23;215,93;1028,23
;1914036873;15/05/2025;3273;FUSTES LLEIDA, S.L.;683,38;143,51;683,38
;1914037038;31/05/2025;3273;FUSTES LLEIDA, S.L.;935,17;196,39;935,17
;1914037211;14/06/2025;3273;FUSTES LLEIDA, S.L.;307,33;64,54;307,33
;1914037513;15/07/2025;3273;FUSTES LLEIDA, S.L.;446,98;93,87;446,98
;1914039075;15/12/2025;3273;FUSTES LLEIDA, S.L.;517,99;108,78;517,99
;1932;15/08/2025;13947;BALUE JUSTO ADVOCATS, S.L.;750;157,5;750
;2.479,30;03/10/2025;4306;INVAPAL, SA;2049,01;430,29;2049,01
;2.500.388;14/03/2025;9039;PREFABRICADOS FRAGA, S.A.;2918,7;612,93;2918,7
;2/46828;06/06/2025;7301;ROLLGUM CORP S.L.;2198,92;461,77;2198,92
;23/444020;17/01/2025;6623;TUCAI, S.A.;1573,92;330,52;1573,92
;23/454407;30/04/2025;6623;TUCAI, S.A.;568,97;119,48;568,97
;23/461716;18/07/2025;6623;TUCAI, S.A.;346,98;72,87;346,98
;23005202;28/02/2025;7632;FERRETERÍA Y PRENSAS, S.L.;137,78;28,93;137,78
;23006604;03/10/2025;7632;FERRETER?A Y PRENSAS, S.L.;179,97;37,79;179,97
;231106612;11/03/2025;4578;ROCKWOOL PENINSULAR, S.A.U.;4938,52;1037,09;4938,52
;231120203;06/10/2025;4578;ROCKWOOL PENINSULAR, S.A.U.;2332,8;489,89;2332,8
;252006567;31/10/2025;10778;PRETENSADOS RIBERA, S.L.;201,88;42,39;201,88
;25200688;20/03/2025;2911;SUMINISTROS RECOVAL, S.L.;237,16;49,8;237,16
;252007515;30/11/2025;10778;PRETENSADOS RIBERA, S.L.;83,36;17,51;83,36
;252007516;30/11/2025;10778;PRETENSADOS RIBERA, S.L.;542,01;113,82;542,01
;252007523;30/11/2025;10778;PRETENSADOS RIBERA, S.L.;25,18;5,29;25,18
;252007929;31/12/2025;10778;PRETENSADOS RIBERA, S.L.;310,62;65,23;310,62
;252007930;31/12/2025;10778;PRETENSADOS RIBERA, S.L.;201,88;42,39;201,88
;25203571;23/10/2025;2748;GME DIVISION DE BA?OS SL;186,82;39,23;186,82
;25203601;30/10/2025;2748;GME DIVISION DE BA?OS SL;186,82;39,23;186,82
;2523/A3182;20/03/2025;3553;VICAL HOME S.L.;1512,14;317,55;1512,14
;2523/A5140;09/05/2025;3553;VICAL HOME S.L.;197,96;41,57;197,96
;25-23399;23/06/2025;1973;STANDARD HIDRÁULICA, S.A.U.;250,35;52,57;250,35
;252506791;16/09/2025;6080;WIRQUIN CALAF, S.L.;180,02;37,8;180,02
;252925;22/09/2025;343;CORTAG EUROPE, S.L.;693,32;145,6;693,32
;253017;15/05/2025;4256;MECANO CAMP, S.A.;134,36;28,22;134,36
;2531000076;14/01/2025;14708;BIGMAT LOGISTICA, S.A.;228,05;47,89;228,05
;2531000827;04/06/2025;14708;BIGMAT LOGISTICA, S.A.;486;102,06;486
;2531000858;30/06/2025;14708;BIGMAT LOGISTICA, S.A.;659,37;138,47;659,37
;2531001794;12/12/2025;14708;BIGMAT LOGISTICA, S.A.;354,25;74,39;354,25
;253203407;30/05/2025;6595;CMT, S.L.;715,8;150,32;715,8
;253414;15/12/2025;9332;INDUSTRIAS LASSER, S.A.;2583,77;542,59;2583,77
;253483;31/05/2025;4256;MECANO CAMP, S.A.;237,75;49,93;237,75
;253613;15/06/2025;4256;MECANO CAMP, S.A.;56,7;11,91;56,7
;2540000492;21/05/2025;4708;BIGMAT LOGISTICA, S.A.;-26,3;-5,52;-26,3
;2540002869;03/02/2025;4708;BIGMAT LOGISTICA, S.A.;6342,65;1331,96;6342,65
;2540003504;06/02/2025;4708;BIGMAT LOGISTICA, S.A.;2002,35;420,49;2002,35
;2540005844;03/03/2025;4708;BIGMAT LOGISTICA, S.A.;1495,93;314,15;1495,93
;2540007181;13/03/2025;4708;BIGMAT LOGISTICA, S.A.;8084,71;1697,79;8084,71
;2540008248;25/03/2025;4708;BIGMAT LOGISTICA, S.A.;3407,72;715,62;3407,72
;2540008798;31/03/2025;4708;BIGMAT LOGISTICA, S.A.;6284,36;1319,72;6284,36
;2540010908;21/04/2025;4708;BIGMAT LOGISTICA, S.A.;3583,9;752,62;3583,9
;2540012032;05/05/2025;14708;BIGMAT LOGISTICA, S.A.;13,76;2,89;13,76
;2540013570;16/05/2025;4708;BIGMAT LOGISTICA, S.A.;833,76;175,09;833,76
;2540016712;12/06/2025;4708;BIGMAT LOGISTICA, S.A.;2949;619,29;2949
;2540019132;03/07/2025;4708;BIGMAT LOGISTICA, S.A.;5566,4;1168,94;5566,4
;2540019858;10/07/2025;4708;BIGMAT LOGISTICA, S.A.;6289,41;1320,78;6289,41
;2540021005;22/07/2025;4708;BIGMAT LOGISTICA, S.A.;4755,59;998,67;4755,59
;25-400214;15/01/2025;9813;BIGMAT IBERIA, S.A.;23,04;4,84;23,04
;2540021900;30/07/2025;4708;BIGMAT LOGISTICA, S.A.;477,4;100,25;477,4
;25400275;07/02/2025;7733;SAKYDU, S.L.;380,06;79,81;380,06
;2540057326;03/04/2025;15662;LEASYS S.P.A. Sucursal España;435,29;91,41;435,29
;25-400612;05/02/2025;9813;BIGMAT IBERIA, S.A.;114,28;24;114,28
;2540072769;04/05/2025;15662;LEASYS S.P.A. Sucursal España;435,29;91,41;435,29
;25-400955;21/02/2025;9813;BIGMAT IBERIA, S.A.;106,29;22,32;106,29
;2540104869;03/07/2025;15662;LEASYS S.P.A. Sucursal España;435,29;91,41;435,29
;25-401319;12/03/2025;9813;BIGMAT IBERIA, S.A.;77,75;16,33;77,75
;25-404362;23/07/2025;9813;BIGMAT IBERIA, S.A.;73,14;15,36;73,14
;25-405021;29/08/2025;9813;BIGMAT IBERIA, S.A.;58,55;12,3;58,55
;25-405822;15/10/2025;9813;BIGMAT IBERIA, S.A.;88,44;18,57;88,44
;25-406161;31/10/2025;9813;BIGMAT IBERIA, S.A.;8,96;1,88;8,96
;25-406376;12/11/2025;9813;BIGMAT IBERIA, S.A.;167,88;35,25;167,88
;2543005025;27/05/2025;19645;SYSTEM OFIPRIX, S.L.;195,87;41,13;195,87
;254463;15/07/2025;4256;MECANO CAMP, S.A.;304,82;64,01;304,82
;254547;25/07/2025;4256;MECANO CAMP, S.A.;531,81;111,68;531,81
;2546;30/11/2025;18254;ALEXIA GARCIA PARDO;16,74;3,52;16,74
;0/9761;30/09/2025;4518;FUNDICION DUCTIL FABREGAS,S.L.;55,59;0;55,59
;250216228;31/01/2025;12407;SOC. ESTATAL CORREOS Y TELEGRAFOS, S.A.;40,61;;40,61
;250602;10/10/2025;11735;VIATGES TOCASONS S.L.;488;0;488
;250604;15/10/2025;11735;VIATGES TOCASONS S.L.;1653;0;1653
;250786;22/12/2025;11735;VIATGES TOCASONS S.L.;927;;927
;251054338;30/06/2025;12407;SOC. ESTATAL CORREOS Y TELEGRAFOS, S.A.;16,45;;16,45
;257402994;29/10/2025;18435;AIGÜES DE BARCELONA S.A.;34,02;;68,16
;258877602;22/12/2025;18435;AIGÜES DE BARCELONA S.A.;51,86;;116,58
;A00551322;02/12/2025;15169;BANCO BILBAO VIZCAYA ARGENTARIA, S.A.;16,21;;32,37
;AB0/9761;30/09/2025;4518;FUNDICION DUCTIL FABREGAS,S.L.;-55,59;;-55,59
;F25-331054;01/07/2025;17629;PREVENACTIVA, S.L.U.;272,49;;709,74
;F25-342272;01/10/2025;17629;PREVENACTIVA, S.L.U.;272,49;;709,74
;#F181499;30/09/2025;5920;COORDONN?, S.L.;421,79;88,58;421,79
;_250039264;04/09/2025;2748;GME DIVISION DE BA?OS SL;207,27;43,53;207,27
;_256025854;25/09/2025;2748;GME DIVISION DE BA?OS SL;225,51;47,36;225,51
;0.384834;29/04/2025;4891;STAYER IBERICA, S.A.;301,95;63,41;301,95
;0/12184;25/11/2025;4518;FUNDICION DUCTIL FABREGAS,S.L.;79,92;16,78;79,92
;0/25000898;30/04/2025;214;CERAMICA FUSTE, S.A.;3115,31;654,22;3115,31
;0/25001232;16/06/2025;214;CERAMICA FUSTE, S.A.;2915,63;612,28;2915,63
;0/25002094;20/10/2025;214;CERAMICA FUSTE, S.A.;-322;-67,62;-322
;0/25103876;31/07/2025;2955;GRIFERIA SANITARIA ROVIRA, S.A.;173,25;36,38;173,25
;0/25105269;21/11/2025;2955;GRIFERIA SANITARIA ROVIRA, S.A.;645,15;135,48;645,15
;0/3243;31/03/2025;4518;FUNDICION DUCTIL FABREGAS,S.A.;1019,48;214,09;1019,48
;0/3964;25/04/2025;4518;FUNDICION DUCTIL FABREGAS,S.A.;522,36;109,7;522,36
;0/7642;25/07/2025;4518;FUNDICION DUCTIL FABREGAS,S.A.;589,93;123,89;589,93
;0/976;31/01/2025;4518;FUNDICION DUCTIL FABREGAS,S.A.;446,57;93,78;446,57
;238;10/04/2025;12060;RADIO SYSTEMS EQUIP.ELECTRONICOS S.L.;439,65;92,33;439,65
;2500218;15/05/2025;18317;LLEIDA MANUTENCIO, S.L.;1354,36;284,42;1354,36
;11122122;22/12/2025;10013;BANCO SANTANDER, S.A.;21,97;4,61;21,97
;11326;11/11/2025;1728;BRUCS CASA, S.L.;1378;289,38;1378
;1573782;06/05/2025;6472;DAKE FREGADEROS,S.L.U.;499,2;104,83;499,2
;1579474;02/09/2025;6472;DAKE FREGADEROS,S.L.U.;234;49,14;234
;22106077;18/07/2025;6065;MONTANA COLORS, S.L.;229,96;48,29;229,96
;134201025;20/10/2025;10013;BANCO SANTANDER, S.A.;17,29;3,63;17,29
;1399;17/06/2025;13947;BALUE JUSTO ADVOCATS, S.L.;750;157,5;750
;14.861;08/05/2025;2062;DISTRIBUIDORA BOSCH HNOS.,S.A.;138,41;29,07;138,41
;1818;30/07/2025;13947;BALUE JUSTO ADVOCATS, S.L.;55;11,55;55
;1831;05/08/2025;13947;BALUE JUSTO ADVOCATS, S.L.;666;139,86;666
;1890087905;17/12/2025;6799;HENKEL IBERICA, S.A.;522,96;109,82;522,96
;19;14/08/2025;14572;SANDRA BATLLORI JOVER;1724,26;362,09;1724,26
;19000578;05/03/2025;721;ARISTON THERMO ESPAÑA, S.L.U.;-35,32;-7,42;-35,32
;21/10/2025;21/10/2025;8438;DINAK, S.A.;243,94;51,23;243,94
;21/11/2025;21/11/2025;9813;BIGMAT IBERIA, S.A.;88,44;18,57;88,44
;21/09/2025;21/07/2025;4970;GRANITOS LEON, C.B.;1620;340,2;1620
;210724921;27/01/2025;472;BOLTZE GRUPPE GmbH;1663,01;349,23;1663,01
;210797424;20/10/2025;472;BOLTZE GRUPPE GmbH;222,46;46,72;222,46
;24-022615;02/01/2025;841;SOC.ANON.SERVEI I COMERÇ ELECTRODOMESTIC;2131,13;447,54;2190,38
;2409;30/04/2025;6555;INNOVACION BAÑO, S.L.;242,8;50,99;242,8
;241.756;31/01/2025;8830;ESCAYOLAS VILLAR, S.L.;97,78;20,53;97,78
;24131110;27/02/2025;7048;MAKITA, S.A.;278,39;58,46;278,39
;24132621;04/03/2025;7048;MAKITA, S.A.;32,98;6,93;32,98
;2447;31/10/2025;18254;ALEXIA GARCIA PARDO;96,99;20,37;96,99
;25.008.099;27/08/2025;12527;CAJEBEL, S.L.;231,6;48,64;231,6
;25.008.146;26/08/2025;12527;CAJEBEL, S.L.;55,6;11,68;55,6
;25.011.083;26/11/2025;12527;CAJEBEL, S.L.;387,44;81,36;387,44
;25.438;07/08/2025;2062;DISTRIBUIDORA BOSCH HNOS.,S.A.;290,91;61,09;290,91
;25/011732;14/01/2025;15191;NABALIA ENERGIA 2000, SA;976,14;204,99;976,14
;25/017017;23/01/2025;15191;NABALIA ENERGIA 2000, SA;416,55;87,48;416,55
;25/036201;21/02/2025;15191;NABALIA ENERGIA 2000, SA;325,77;68,41;325,77
;25/040294;03/03/2025;15191;NABALIA ENERGIA 2000, SA;1083,07;227,44;1083,07
;25/052690;14/03/2025;15191;NABALIA ENERGIA 2000, SA;716,16;150,39;716,16
;25/055058;19/03/2025;15191;NABALIA ENERGIA 2000, SA;908,22;190,73;908,22
;25/055059;19/03/2025;15191;NABALIA ENERGIA 2000, SA;104,8;22,01;104,8
;25/1319;05/09/2025;920;COIMPE SUMINISTROS, S.L.;315,79;66,32;315,79
;25/178;30/04/2025;6277;MARMOLES ROYES, S.C.;2071,5;435,02;2071,5
;25-feb;22/01/2025;14822;BENJAMIN ABADIA MOGA;2790;585,9;2790
;25/222;27/05/2025;6277;MARMOLES ROYES, S.C.;1394,5;292,85;1394,5
;25/2840;25/11/2025;13947;BALUE JUSTO ADVOCATS, S.L.;840,4;176,48;840,4
;25/403;20/02/2025;13947;BALUE JUSTO ADVOCATS, S.L.;750;157,5;750
;2500000143;02/01/2025;4813;EHLIS, S.A.;409,53;86;409,53
;2500000623;01/02/2025;11602;DE LAGE LANDEN INTERNATIONAL V.V.;158,55;33,3;158,55
;25-000007;10/01/2025;10536;HIDRO LLEIDA S.A.;-216,26;-45,42;-216,26
;2500001301;07/01/2025;4813;EHLIS, S.A.;352,7;74,07;352,7
;2500001330;15/03/2025;6004;MORTERO BENSEC SL;1816,48;381,46;1816,48
;2500001655;31/03/2025;6004;MORTERO BENSEC SL;2067,04;434,08;2067,04
;2500001929;15/04/2025;6004;MORTERO BENSEC SL;3831,2;804,55;3831,2
;2500002876;31/05/2025;6004;MORTERO BENSEC SL;5472,96;1149,32;5472,96
;2500003022;09/01/2025;4813;EHLIS, S.A.;292,72;61,47;292,72
;2500003420;09/01/2025;4813;EHLIS, S.A.;87,67;18,41;87,67
;2500003496;30/06/2025;6004;MORTERO BENSEC SL;6966,4;1462,94;6966,4
;2500005805;25/02/2025;18590;ACUMBAMAIL S.L.;54,55;11,45;54,55
;2500008311;15/01/2025;4813;EHLIS, S.A.;119,2;25,03;119,2
;2500009234;15/01/2025;4813;EHLIS, S.A.;493,63;103,66;493,63
;2500015814;21/01/2025;4813;EHLIS, S.A.;-740;-155,4;-740
;2500016339;22/01/2025;4813;EHLIS, S.A.;167,94;35,27;167,94
;250001677;02/06/2025;2748;GME DIVISION DE BAÑOS SL;-133,76;-28,09;-133,76
;2500018902;23/01/2025;4813;EHLIS, S.A.;290,73;61,05;290,73
;2500019587;24/01/2025;4813;EHLIS, S.A.;289,65;60,83;289,65
;2500020009;24/01/2025;4813;EHLIS, S.A.;266,4;55,94;266,4
;250002002;15/01/2025;2748;GME DIVISION DE BAÑOS SL;171,34;35,98;171,34
;2500023769;28/01/2025;4813;EHLIS, S.A.;134,57;28,26;134,57
;2500024273;24/08/2025;18590;ACUMBAMAIL S.L.;65,29;13,71;65,29
;2500027255;31/01/2025;4813;EHLIS, S.A.;177,88;37,35;177,88
;25000281;22/01/2025;2142;IMCOINSA 1985, S.L.;203,84;42,81;203,84
;250003283;22/01/2025;2748;GME DIVISION DE BAÑOS SL;168,58;35,4;168,58
;2500035978;06/02/2025;4813;EHLIS, S.A.;84,2;17,68;84,2
;250003760;23/05/2025;9091;CERAMICA LA ESCANDELLA, S.A.;2339,4;491,27;2339,4
;250004641;30/01/2025;2748;GME DIVISION DE BAÑOS SL;158,63;33,31;158,63
;2500049454;20/02/2025;4813;EHLIS, S.A.;225,86;47,43;225,86
;25-000531;07/03/2025;1460;AFFINI BATH, SL;515,85;108,33;515,85
;2500054164;25/02/2025;4813;EHLIS, S.A.;44,46;9,34;44,46
;25000558;18/06/2025;964;MCF HIDRO LIGHTNING S.L.;228,84;48,06;228,84
;25000613;07/02/2025;1034;OTM SISTEMAS CONSTRUCTIVOS, S.L.U.;506,18;106,3;506,18
;25000677;03/02/2025;2142;IMCOINSA 1985, S.L.;216,37;45,44;216,37
;250007508;14/02/2025;2748;GME DIVISION DE BAÑOS SL;330,53;69,41;330,53
;25000753;28/08/2025;964;MCF HIDRO LIGHTNING S.L.;411,94;86,51;411,94
;2500078884;06/03/2025;4813;EHLIS, S.A.;220,22;46,25;220,22
;2500080571;07/03/2025;4813;EHLIS, S.A.;486,92;102,25;486,92
;25000859;01/10/2025;964;MCF HIDRO LIGHTNING S.L.;570,17;119,74;570,17
;25000873;27/03/2025;6672;FALMEC IBERIA, SL;1662;349,02;1662
;250008926;24/11/2025;9091;CERAMICA LA ESCANDELLA, S.A.;1653,04;347,14;1653,04
;2500091874;17/03/2025;4813;EHLIS, S.A.;516,21;108,4;516,21
;250009297;05/12/2025;9091;CERAMICA LA ESCANDELLA, S.A.;2117,58;444,69;2117,58
;2500097160;19/03/2025;4813;EHLIS, S.A.;1386,68;291,2;1386,68
;2500097169;19/03/2025;4813;EHLIS, S.A.;84;17,64;84
;2500097368;19/03/2025;4813;EHLIS, S.A.;-487,18;-102,31;-487,18
;25000989;05/11/2025;964;MCF HIDRO LIGHTNING S.L.;394,6;82,87;394,6
;2500103157;21/03/2025;4813;EHLIS, S.A.;53,04;11,14;53,04
;2500107144;26/03/2025;4813;EHLIS, S.A.;227,86;47,85;227,86
;2500108186;26/03/2025;4813;EHLIS, S.A.;13;2,73;13
;250011164;07/03/2025;2748;GME DIVISION DE BAÑOS SL;173,55;36,45;173,55
;25-001130;19/02/2025;841;SOC.ANON.SERVEI I COMERÇ ELECTRODOMESTIC;575,64;120,88;575,64
;2500113186;28/03/2025;4813;EHLIS, S.A.;669,04;140,5;669,04
;2500114441;31/03/2025;4813;EHLIS, S.A.;-279;-58,59;-279
;2500116977;01/04/2025;4813;EHLIS, S.A.;225;47,25;225
;2500117981;01/04/2025;4813;EHLIS, S.A.;230,92;48,49;230,92
;2500125230;07/04/2025;4813;EHLIS, S.A.;399,98;84;399,98
;25001273;28/01/2025;8191;MICEL-VEGA, S.L.;321,68;67,55;321,68
;250013103;20/03/2025;2748;GME DIVISION DE BAÑOS SL;556,59;116,88;556,59
;250013536;24/03/2025;2748;GME DIVISION DE BAÑOS SL;30,98;6,51;30,98
;2500140614;16/04/2025;4813;EHLIS, S.A.;126,87;26,64;126,87
;2500141070;17/04/2025;4813;EHLIS, S.A.;81,6;17,14;81,6
;250014259;26/03/2025;2748;GME DIVISION DE BAÑOS SL;245,96;51,65;245,96
;2500144266;23/04/2025;4813;EHLIS, S.A.;68,88;14,46;68,88
;2500144760;23/04/2025;4813;EHLIS, S.A.;378,43;79,47;378,43
;2500150505;29/04/2025;4813;EHLIS, S.A.;103,89;21,82;103,89
;250015894;03/04/2025;2748;GME DIVISION DE BAÑOS SL;207,82;43,64;207,82
;25-001637;27/08/2025;1460;AFFINI BATH, SL;1234,05;259,15;1234,05
;25001735;28/01/2025;7676;FABRICACION DE MATERIAL ELECTRICO, S.A.;298,94;62,78;298,94
;2500187395;28/05/2025;4813;EHLIS, S.A.;51,38;10,79;51,38
;2500189616;29/05/2025;4813;EHLIS, S.A.;381,53;80,12;381,53
;2500194;30/12/2025;9457;PREFRAGA SYSTEMS, S.L.;2807,1;589,49;2807,1
;2500198627;04/06/2025;4813;EHLIS, S.A.;54,32;11,41;54,32
;25-002038;20/05/2025;8040;ALTADEX, S.A.;1022,79;214,79;1022,79
;25002044;31/03/2025;7243;BOSCH MARIN, S.L.;70,19;14,74;70,19
;250020613;06/05/2025;2748;GME DIVISION DE BAÑOS SL;212,8;44,69;212,8
;25-002072;31/10/2025;1460;AFFINI BATH, SL;1671,63;351,04;1671,63
;2500207713;11/06/2025;4813;EHLIS, S.A.;413,96;86,93;413,96
;11374;14/01/2025;14915;GERMANS BOADA S.A.;-61,55;-12,93;-61,55
;1145111399;10/01/2025;3550;BSH ELECTRODOMESTICOS ESPAÑA, S.A.;479,26;100,64;479,26
;1145122163;17/01/2025;3550;BSH ELECTRODOMESTICOS ESPAÑA, S.A.;828,45;173,97;828,45
;1146516062;13/01/2025;13550;BSH ELECTRODOMESTICOS ESPAÑA, S.A.;-49,07;-10,3;-49,07
;1146517631;13/01/2025;13550;BSH ELECTRODOMESTICOS ESPAÑA, S.A.;-187,99;-39,48;-187,99
;1146550654;08/09/2025;13550;BSH ELECTRODOMESTICOS ESPAÑA, S.A.;-389,1;-81,71;-389,1
;1148086746;24/01/2025;13550;BSH ELECTRODOMESTICOS ESPAÑA, S.A.;-330;-69,3;-330
;1148086747;24/01/2025;13550;BSH ELECTRODOMESTICOS ESPAÑA, S.A.;-495;-103,95;-495
;1148089937;25/03/2025;13550;BSH ELECTRODOMESTICOS ESPAÑA, S.A.;-230;-48,3;-230
;1148102215;22/12/2025;13550;BSH ELECTRODOMESTICOS ESPA?A, S.A.;-885;-185,85;-885
;1183016659;01/10/2025;12667;AYVENS SPAIN MOVILITY SOLUTIONS, SAU;492,86;103,5;492,86
;1183018817;01/08/2025;12667;AYVENS SPAIN MOVILITY SOLUTIONS, SAU;492,86;103,5;492,86
;1183025587;01/11/2025;12667;AYVENS SPAIN MOVILITY SOLUTIONS, SAU;492,86;103,5;492,86
;119031025;03/10/2025;10013;BANCO SANTANDER, S.A.;11,29;2,37;11,29
;11VFV04685;21/11/2025;826;VELAMEN, S.A.;496,81;104,33;496,81
;1531639244;07/01/2025;9079;KARCHER, S.A.;641,25;134,66;641,25
;1531683777;18/06/2025;9079;KARCHER, S.A.;381,64;80,14;381,64
;1531690512;11/07/2025;9079;KARCHER, S.A.;41,2;8,65;41,2
;1531691848;17/07/2025;9079;KARCHER, S.A.;25,2;5,29;25,2
;1541031234;30/03/2025;800;HOLCIM ESPAÑA, S.A.U.;-259;-54,39;-259
;1541035255;30/11/2025;800;HOLCIM ESPAÑA, S.A.U.;-1092;-229,32;-1092
;1544017153;30/11/2025;800;HOLCIM ESPAÑA, S.A.U.;-390;-81,9;-390
;160;14/04/2025;6277;MARMOLES ROYES, S.C.;2302;483,42;2302
;16228912;09/01/2025;14708;BIGMAT LOGISTICA, S.A.;0,27;0,06;0,27
;16229416;06/03/2025;14708;BIGMAT LOGISTICA, S.A.;0,81;0,17;0,81
;16229667;03/04/2025;14708;BIGMAT LOGISTICA, S.A.;1,13;0,24;1,13
;16229931;07/05/2025;14708;BIGMAT LOGISTICA, S.A.;4,54;0,95;4,54
;16230200;05/06/2025;14708;BIGMAT LOGISTICA, S.A.;4,86;1,02;4,86
;16230755;06/08/2025;14708;BIGMAT LOGISTICA, S.A.;1,16;0,24;1,16
;2024/110;03/07/2025;16963;ALDA ARAN MULTISERVICIOS, SL;1170;245,7;1170
;2025/00019;31/01/2025;17909;SISCO BELLART MOLINS;3500;735;3500
;2025/00078;03/09/2025;7635;ARBE STOLANIC, S.L.;178,75;37,54;178,75
;2025/00651;20/11/2025;7635;ARBE STOLANIC, S.L.;1612;338,52;1612
;2025/00780;31/12/2025;13326;TRANSPORTS GIRON PALACIN,S.L.;4127,84;866,85;4127,84
;2025/05646;12/06/2025;6439;JARDI POND, S.L.;215,6;45,28;215,6
;19/01/2025;01/06/2025;13373;ARANBROADCAST PUBLICITAT, S.L.;180;37,8;180
;03/01/2025;01/05/2025;13373;ARANBROADCAST PUBLICITAT, S.L.;210;44,1;210
;2025/12362;25/11/2025;18424;ROSICH ROMEU, Carmen;30,8;6,47;30,8
;2025/28;01/07/2025;15970;RIBERA BADIA, Alberto;1500;315;1500
;2025/39;01/10/2025;15970;RIBERA BADIA, Alberto;1500;315;1500
;2025/6351;19/05/2025;18424;ROSICH ROMEU, Carmen;6,09;1,28;6,09
;2025/7222;01/07/2025;20192;ODEM PROJECT SL;706,61;148,39;706,61
;2025/752;04/09/2025;4600;COCINAS CARBEL, S.L.;2205,09;463,07;2205,09
;2025/A/22;01/03/2025;15595;GUM TV SLU;210;44,1;210
;2025/A/31;01/04/2025;15595;GUM TV SLU;210;44,1;210
;2025000975;07/03/2025;2007;EDILKAMIN IBERICA, S.L.;278,37;58,46;278,37
;2025002252;29/08/2025;2007;EDILKAMIN IBERICA, S.L.;109;22,89;109
;20250056;30/06/2025;15119;IVAN SANTIAGO RUIZ;920;193,2;920
;20250079;08/01/2025;17018;AUTOMOVILES AUTORIUTOR, S.L.;142,79;29,99;142,79
;2025010412;07/01/2025;14792;ATUSA GRUPO EMPRESARIAL, S.A.;-29,33;-6,16;-29,33
;2025013932;06/03/2025;4037;PROFILTEK SPAIN, S.L.;552,42;116,01;552,42
;2025022208;15/04/2025;4037;PROFILTEK SPAIN, S.L.;35,23;7,4;35,23
;2025024;11/02/2025;14892;CASASNOVAS CAPDEVILA, MARIA JOSEP;7012,76;1472,68;7012,76
;202503454;14/03/2025;1530;GRUPO EMP. DAKOTA PENINSULA IBERICA SLU;233,91;49,12;233,91
;202504168;29/09/2025;5633;FIG, S.L.;626,69;131,6;626,69
;2025043781;15/07/2025;491;TECNICAS EXPANSIVAS,S.L.;290,24;60,95;290,24
;20250559;28/02/2025;2284;TARROS PINTURES I DECORACIÓ, S.L.;454,35;95,41;454,35
;2025062567;20/10/2025;5808;LOREFAR S.L;199,15;41,82;199,15
;2025-065;01/07/2025;2552;PINATER, SL;1764;370,44;1764
;2025065807;24/10/2025;491;TECNICAS EXPANSIVAS,S.L.;141,25;29,66;141,25
;2025067679;31/10/2025;491;TECNICAS EXPANSIVAS,S.L.;571,52;120,02;571,52
;2025068940;25/11/2025;5808;LOREFAR S.L;1034,16;217,17;1034,16
;2025070957;04/12/2025;5808;LOREFAR S.L;715,75;150,31;715,75
;2025-1159;31/07/2025;2823;VIDRES LA NOGUERA S.L.;208,43;43,77;208,43
;2025-1360;25/09/2025;2823;VIDRES LA NOGUERA S.L.;376,99;79,17;376,99
;20251866;14/06/2025;2284;TARROS PINTURES I DECORACIÓ, S.L.;738,32;155,05;738,32
;20252459;31/07/2025;2284;TARROS PINTURES I DECORACIÓ, S.L.;567,93;119,27;567,93
;2025250084;22/03/2025;12359;HERMUTRAEX, S.L.;1032;216,72;1032
;2025250253;31/07/2025;12359;HERMUTRAEX, S.L.;1080;226,8;1080
;2025250366;31/10/2025;12359;HERMUTRAEX, S.L.;2160;453,6;2160
;20252741;16/07/2025;1408;PROFESIONAL DE SUMINISTROS, S.A;391,07;82,12;391,07
;20252834;30/08/2025;2284;TARROS PINTURES I DECORACIÓ, S.L.;538,35;113,05;538,35
;20253380;15/10/2025;2284;TARROS PINTURES I DECORACI?, S.L.;1693,77;355,69;1693,77
;2025-444;31/03/2025;2823;VIDRES LA NOGUERA S.L.;28,77;6,04;28,77
;20255767;07/08/2025;17570;TOT RODA PIRINEU SC;116,58;24,48;116,58
;2025754556;30/04/2025;502;ELEKTRA CATALUNYA XXI SL;283,59;59,55;283,59
;2025784916;31/12/2025;502;ELEKTRA CATALUNYA XXI SL;628,93;132,08;628,93
;2025N14155;04/12/2025;8096;VIVES AZULEJOS Y GRES, S.A.;288,44;60,57;288,44
;2080426938;31/01/2025;809;FRANKE ESPAÑA, S.A.U.;256,2;53,8;256,2
;2080443466;15/05/2025;809;FRANKE ESPAÑA, S.A.U.;463;97,24;463
;2080453781;15/07/2025;809;FRANKE ESPAÑA, S.A.U.;237,5;49,88;237,5
;2090056405;29/04/2025;809;FRANKE ESPAÑA, S.A.U.;-7,5;-1,58;-7,5
;2360930590;05/02/2025;8247;VELUX SPAIN, S.A.;545,86;114,63;545,86
;2360931136;10/02/2025;8247;VELUX SPAIN, S.A.;1732,07;363,73;1732,07
;2360931579;13/02/2025;8247;VELUX SPAIN, S.A.;80,45;16,89;80,45
;2360935142;20/03/2025;8247;VELUX SPAIN, S.A.;2527,65;530,81;2527,65
;2360938556;29/04/2025;8247;VELUX SPAIN, S.A.;3993,98;838,74;3993,98
;2360940339;15/05/2025;8247;VELUX SPAIN, S.A.;7,23;1,52;7,23
;2360940340;15/05/2025;8247;VELUX SPAIN, S.A.;3025,74;635,4;3025,74
;2360940596;16/05/2025;8247;VELUX SPAIN, S.A.;15635,53;3283,46;15635,53
;2360943469;09/06/2025;8247;VELUX SPAIN, S.A.;12676,49;2662,07;12676,49
;2360944107;13/06/2025;8247;VELUX SPAIN, S.A.;9046,91;1899,85;9046,91
;2360951027;30/07/2025;8247;VELUX SPAIN, S.A.;14881,54;3125,12;14881,54
;2360952799;14/08/2025;8247;VELUX SPAIN, S.A.;2411,24;506,36;2411,24
;2360954655;03/09/2025;8247;VELUX SPAIN, S.A.;3997,07;839,38;3997,07
;2360957362;30/09/2025;8247;VELUX SPAIN, S.A.;67,78;14,23;67,78
;2360959347;16/10/2025;8247;VELUX SPAIN, S.A.;38,74;8,14;38,74
;2360960735;29/10/2025;8247;VELUX SPAIN, S.A.;122,16;25,65;122,16
;2360960736;29/10/2025;8247;VELUX SPAIN, S.A.;6108,94;1282,87;6108,94
;2360960896;30/10/2025;8247;VELUX SPAIN, S.A.;1530,31;321,36;1530,31
;2360962448;12/11/2025;8247;VELUX SPAIN, S.A.;2125,31;446,32;2125,31
;2360963713;25/11/2025;8247;VELUX SPAIN, S.A.;7672,07;1611,14;7672,07
;236164;30/09/2025;7493;MATERIALES Y PROTECCI?N EL?CTRICA, S.A.;37,61;7,9;37,61
;2378;17/10/2025;13947;BALUE JUSTO ADVOCATS, S.L.;750;157,5;750
;238995;04/03/2025;13065;ESTOLI, S.A.;-2,86;-0,6;-2,86
;3025000923;20/01/2025;7987;PLADUR GYPSUM, S.A.U.;14933,35;3136;14933,35
;3025002618;13/02/2025;7987;PLADUR GYPSUM, S.A.U.;10726,87;2252,64;10726,87
;3025003442;26/02/2025;7987;PLADUR GYPSUM, S.A.U.;7819,38;1642,07;7819,38
;3025008997;30/05/2025;7987;PLADUR GYPSUM, S.A.U.;8385,08;1760,87;8385,08
;3025015224;25/09/2025;7987;PLADUR GYPSUM, S.A.U.;9999,14;2099,82;9999,14
;3025016377;15/10/2025;7987;PLADUR GYPSUM, S.A.U.;9493,92;1993,72;9493,92
;3025103066;23/01/2025;7191;AC MARCA ADHESIVES, SAU;572,7;120,27;572,7
;3025106572;10/02/2025;7191;AC MARCA ADHESIVES, SAU;46,13;9,69;46,13
;3025110923;04/03/2025;7191;AC MARCA ADHESIVES, SAU;1377,47;289,27;1377,47
;3025119995;25/04/2025;7191;AC MARCA ADHESIVES, SAU;229,72;48,24;229,72
;3025142454;04/09/2025;7191;AC MARCA ADHESIVES, SAU;134,32;28,21;134,32
;3025146983;29/09/2025;7191;AC MARCA ADHESIVES, SAU;415,44;87,24;415,44
;3025156906;17/11/2025;7191;AC MARCA ADHESIVES, SAU;536,17;112,6;536,17
;3086546;20/01/2025;533;ADI HOGAR Y HOSTELERIA IBERIA, S.L.;432,52;90,83;432,52
;3125103573;15/05/2025;910;IRSAP-RHOSS CLIMA INTEGRAL, S.L.;97,55;20,49;97,55
;3125104175;31/05/2025;910;IRSAP-RHOSS CLIMA INTEGRAL, S.L.;294,66;61,88;294,66
;3125109736;15/12/2025;910;IRSAP-RHOSS CLIMA INTEGRAL, S.L.;59,58;12,51;59,58
;3136294;08/09/2025;533;ADI HOGAR Y HOSTELERIA IBERIA, S.L.;311,62;65,44;311,62
;31641327;27/03/2025;5952;MOREDA RIVIERE TREFILERIAS, S.A.;119,85;25,17;119,85
;31641951;13/05/2025;5952;MOREDA RIVIERE TREFILERIAS, S.A.;364,14;76,47;364,14
;3167580;30/12/2025;533;ADI HOGAR Y HOSTELERIA IBERIA, S.L.;221,93;46,61;221,93
;3207849/25;25/12/2025;6595;CMT, S.L.;218,84;45,96;218,84
;3250207;27/05/2025;7906;SUCESORES DE FALIP NAVARRO, S.A;877,25;184,22;877,25
;33;15/10/2025;10483;MARC REIG LOPEZ;250;52,5;250
;33/60151;08/01/2025;7774;PACAL SHOES, S.L.U.;89,68;18,83;89,68
;33/67234;20/05/2025;7774;PACAL SHOES, S.L.U.;1582,08;332,24;1582,08
;33/71434;27/08/2025;7774;PACAL SHOES, S.L.U.;464,1;97,46;464,1
;33/74994;23/10/2025;7774;PACAL SHOES, S.L.U.;334,62;70,27;334,62
;33/75082;24/10/2025;7774;PACAL SHOES, S.L.U.;277,74;58,33;277,74
;33/76109;13/11/2025;7774;PACAL SHOES, S.L.U.;463,12;97,26;463,12
;33/77203;05/12/2025;7774;PACAL SHOES, S.L.U.;259,84;54,57;259,84
;3348;28/04/2025;6499;LMT SUELOS TECNICOS, S.L.;2180,5;457,91;2180,5
;3374159;14/04/2025;8158;AKZO NOBEL COATINGS, S.L.;2322,94;487,82;2322,94
;34.959;06/11/2025;2062;DISTRIBUIDORA BOSCH HNOS.,S.A.;344,26;72,29;344,26
;3425100972;14/03/2025;2737;PORCELANOSA BATIMAT, S.A.U.;3950,08;829,52;3950,08
;3425101666;25/04/2025;2737;PORCELANOSA BATIMAT, S.A.;116,09;24,38;116,09
;3425102903;04/07/2025;2737;PORCELANOSA BATIMAT, S.A.;929,03;195,1;929,03
;3425103614;29/08/2025;2737;PORCELANOSA BATIMAT, S.A.;1308,86;274,86;1308,86
;3425103688;05/09/2025;2737;PORCELANOSA BATIMAT, S.A.;3993,31;838,6;3993,31
;2500209444;12/06/2025;4813;EHLIS, S.A.;304,68;63,98;304,68
;25002105;30/04/2025;1034;OTM SISTEMAS CONSTRUCTIVOS, S.L.U.;303,1;63,65;303,1
;2500218018;19/06/2025;4813;EHLIS, S.A.;266,57;55,98;266,57
;2500226976;26/06/2025;4813;EHLIS, S.A.;341,28;71,67;341,28
;2500226987;26/06/2025;4813;EHLIS, S.A.;440;92,4;440
;25-002307;28/11/2025;1460;AFFINI BATH, SL;1742,43;365,91;1742,43
;2500236051;30/06/2025;14813;EHLIS, S.A.;170,5;35,81;170,5
;2500237400;02/07/2025;4813;EHLIS, S.A.;101,97;21,41;101,97
;2500237680;02/07/2025;4813;EHLIS, S.A.;201,63;42,34;201,63
;2500237849;02/07/2025;4813;EHLIS, S.A.;236,61;49,69;236,61
;2500239510;03/07/2025;4813;EHLIS, S.A.;838,82;176,15;838,82
;25-002417;15/12/2025;1460;AFFINI BATH, SL;1310,43;275,19;1310,43
;2500242364;06/07/2025;4813;EHLIS, S.A.;647,71;136,02;647,71
;250024895;29/05/2025;2748;GME DIVISION DE BAÑOS SL;241,54;50,72;241,54
;2500251397;15/06/2025;20024;RIBE ENERGY MACHINERY,S.L.;47;9,87;47
;2500254057;15/07/2025;4813;EHLIS, S.A.;381,21;80,05;381,21
;250025461;02/06/2025;2748;GME DIVISION DE BAÑOS SL;224,96;47,24;224,96
;2500255871;16/07/2025;4813;EHLIS, S.A.;314,96;66,14;314,96
;2500257;31/07/2025;8510;PEDRAVAL, S.L.;1069,2;224,53;1069,2
;2500268399;24/07/2025;4813;EHLIS, S.A.;406;85,26;406
;2500270753;28/07/2025;4813;EHLIS, S.A.;341,83;71,78;341,83
;2500276472;01/07/2025;10143;BANCO SABADELL, S.A.;20;4,2;20
;2500278721;01/08/2025;4813;EHLIS, S.A.;49,92;10,48;49,92
;25002913;15/06/2025;1034;OTM SISTEMAS CONSTRUCTIVOS, S.L.U.;244,78;51,4;244,78
;2500291708;18/08/2025;4813;EHLIS, S.A.;198,38;41,66;198,38
;2500292;27/08/2025;8510;PEDRAVAL, S.L.;1069,2;224,53;1069,2
;2500293296;20/08/2025;4813;EHLIS, S.A.;657,9;138,16;657,9
;2500295520;25/08/2025;4813;EHLIS, S.A.;60,71;12,75;60,71
;2500298873;28/08/2025;4813;EHLIS, S.A.;240,56;50,52;240,56
;2500299366;29/08/2025;4813;EHLIS, S.A.;1205,42;253,14;1205,42
;25-002997;20/06/2025;8040;ALTADEX, S.A.;472,14;99,15;472,14
;2500301542;01/09/2025;4813;EHLIS, S.A.;718,52;150,89;718,52
;250030358;01/07/2025;2748;GME DIVISION DE BAÑOS SL;216,11;45,38;216,11
;2500304872;02/09/2025;4813;EHLIS, S.A.;686,46;144,16;686,46
;2500313077;12/09/2025;4813;EHLIS, S.A.;77,19;16,21;77,19
;2500313858;12/09/2025;4813;EHLIS, S.A.;13,96;2,93;13,96
;250031590;08/07/2025;2748;GME DIVISION DE BAÑOS SL;538,9;113,17;538,9
;25-0031996;30/04/2025;3441;ALFA DYSER, S.L.;3456,8;725,93;3456,8
;2500321301;18/09/2025;4813;EHLIS, S.A.;65,25;13,7;65,25
;25003316;31/01/2025;5983;GABARRO HERMANOS, S.A.;1048,77;220,24;1048,77
;2500341131;30/09/2025;4813;EHLIS, S.A.;125,43;26,34;125,43
;2500352389;06/10/2025;4813;EHLIS, S.A.;606,21;127,3;606,21
;2500352676;06/10/2025;4813;EHLIS, S.A.;253,45;53,22;253,45
;2500357061;09/10/2025;4813;EHLIS, S.A.;348,64;73,21;348,64
;2500358021;09/10/2025;4813;EHLIS, S.A.;1260;264,6;1260
;1644051132;20/06/2025;800;HOLCIM ESPAÑA, S.A.U.;3331,48;699,61;3331,48
;1644051677;10/07/2025;800;HOLCIM ESPAÑA, S.A.U.;654,4;137,42;654,4
;1644052495;10/08/2025;800;HOLCIM ESPAÑA, S.A.U.;1468,64;308,41;1468,64
;1644053988;10/10/2025;800;HOLCIM ESPA?A, S.A.U.;1375,8;288,92;1375,8
;17.969;05/06/2025;2062;DISTRIBUIDORA BOSCH HNOS.,S.A.;243,62;51,16;243,62
;17005659;21/02/2025;721;ARISTON THERMO ESPAÑA, S.L.U.;371,1;77,93;371,1
;1775;25/04/2025;484;SOBIME, S.A.;952,26;199,97;952,26
;1904;06/08/2025;13947;BALUE JUSTO ADVOCATS, S.L.;110;23,1;110
;1908266340;31/03/2025;7218;FERRETERIES CATALONIA, S.A.;252,36;53;252,36
;1908268853;30/04/2025;7218;FERRETERIES CATALONIA, S.A.;714,66;150,08;714,66
;1908269791;15/05/2025;7218;FERRETERIES CATALONIA, S.A.;234,32;49,21;234,32
;1908282193;30/09/2025;7218;FERRETERIES CATALONIA, S.A.;152,27;31,98;152,27
;1908283969;31/10/2025;7218;FERRETERIES CATALONIA, S.A.;18,74;3,94;18,74
;1908286752;15/11/2025;7218;FERRETERIES CATALONIA, S.A.;1,68;0,35;1,68
;1914035905;15/02/2025;3273;FUSTES LLEIDA, S.L.;135,81;28,52;135,81
;1914036712;30/04/2025;3273;FUSTES LLEIDA, S.L.;1106,48;232,36;1106,48
;1914037355;30/06/2025;3273;FUSTES LLEIDA, S.L.;1368,68;287,42;1368,68
;1914037512;15/07/2025;3273;FUSTES LLEIDA, S.L.;1564,85;328,62;1564,85
;1914038386;15/10/2025;3273;FUSTES LLEIDA, S.L.;1355,87;284,73;1355,87
;1914038900;29/11/2025;3273;FUSTES LLEIDA, S.L.;2313,56;485,85;2313,56
;1914039076;15/12/2025;3273;FUSTES LLEIDA, S.L.;1214,23;254,99;1214,23
;192;01/02/2025;18159;MARCO INVEST, S.A.;125;26,25;125
;1C01060615;21/12/2025;18948;MANGO MNG, S.A.;290,84;61,08;290,84
;2.500.084;28/01/2025;9039;PREFABRICADOS FRAGA, S.A.;1167;245,07;1167
;2.500.478;10/04/2025;9039;PREFABRICADOS FRAGA, S.A.;2477;520,17;2477
;2/45340;10/03/2025;7301;ROLLGUM CORP S.L.;1979,03;415,6;1979,03
;23/10/2025;23/10/2025;8438;DINAK, S.A.;205,47;43,15;205,47
;23/453742;25/04/2025;6623;TUCAI, S.A.;9,31;1,96;9,31
;23/462437;25/07/2025;6623;TUCAI, S.A.;1586,22;333,11;1586,22
;23/464653;29/08/2025;6623;TUCAI, S.A.;142;29,82;142
;23/C85236;26/03/2025;13842;UNECOL ADHESIVE IDEAS, SL.;-16,56;-3,48;-16,56
;23005265;07/03/2025;7632;FERRETERÍA Y PRENSAS, S.L.;150,22;31,55;150,22
;23006954;21/11/2025;7632;FERRETER?A Y PRENSAS, S.L.;155,71;32,7;155,71
;252006568;31/10/2025;10778;PRETENSADOS RIBERA, S.L.;156,66;32,9;156,66
;252007518;30/11/2025;10778;PRETENSADOS RIBERA, S.L.;496,76;104,32;496,76
;252007520;30/11/2025;10778;PRETENSADOS RIBERA, S.L.;8,51;1,79;8,51
;252007524;30/11/2025;10778;PRETENSADOS RIBERA, S.L.;15,26;3,2;15,26
;252007525;30/11/2025;10778;PRETENSADOS RIBERA, S.L.;39,09;8,21;39,09
;252007526;30/11/2025;10778;PRETENSADOS RIBERA, S.L.;6,93;1,46;6,93
;252007884;19/12/2025;10778;PRETENSADOS RIBERA, S.L.;171,16;35,94;171,16
;252007932;31/12/2025;10778;PRETENSADOS RIBERA, S.L.;20,75;4,36;20,75
;252007937;31/12/2025;10778;PRETENSADOS RIBERA, S.L.;465,99;97,86;465,99
;252007938;31/12/2025;10778;PRETENSADOS RIBERA, S.L.;4902,67;1029,56;4902,67
;25203069;11/09/2025;2748;GME DIVISION DE BA?OS SL;227,72;47,82;227,72
;252063;15/07/2025;9332;INDUSTRIAS LASSER, S.A.;1099,56;230,91;1099,56
;2521272;30/07/2025;2964;PRODUCTOS LAFAC, S.L.U.;1761,7;369,96;1761,7
;252299;09/04/2025;4256;MECANO CAMP, S.A.;5,47;1,15;5,47
;2523A8635;05/08/2025;2315;EQUIPE CERAMICAS, S.L.;180,03;37,81;180,03
;252500794;14/04/2025;6793;PLABELL COMERCIAL,S.L.;389,16;81,72;389,16
;252501226;25/06/2025;6793;PLABELL COMERCIAL,S.L.;397,5;83,48;397,5
;252508557;06/11/2025;6080;WIRQUIN CALAF, S.L.;753,55;158,25;753,55
;25-25184;07/07/2025;1973;STANDARD HIDRÁULICA, S.A.U.;73,94;15,53;73,94
;252784;08/09/2025;343;CORTAG EUROPE, S.L.;2205,13;463,08;2205,13
;252988;31/10/2025;9332;INDUSTRIAS LASSER, S.A.;3343,29;702,09;3343,29
;25-3133827;30/10/2025;1627;JULI? GRUP FURNITURE SOLUTIONS, SL;797,64;167,5;797,64
;2532000209;05/01/2025;14708;BIGMAT LOGISTICA, S.A.;100;21;100
;253873;18/06/2025;4256;MECANO CAMP, S.A.;428,91;90,07;428,91
;2540002261;27/01/2025;4708;BIGMAT LOGISTICA, S.A.;1640,55;344,52;1640,55
;25-4000253;08/05/2025;9813;BIGMAT IBERIA, S.A.;-62,4;-13,1;-62,4
;2540002677;30/01/2025;4708;BIGMAT LOGISTICA, S.A.;4898,53;1028,69;4898,53
;2540003232;04/02/2025;14708;BIGMAT LOGISTICA, S.A.;3,11;0,65;3,11
;2540006507;06/03/2025;4708;BIGMAT LOGISTICA, S.A.;1142,01;239,82;1142,01
;2540007459;17/03/2025;4708;BIGMAT LOGISTICA, S.A.;2686,96;564,26;2686,96
;1145108770;08/01/2025;3550;BSH ELECTRODOMESTICOS ESPAÑA, S.A.;190,72;40,05;190,72
;1145121424;17/01/2025;3550;BSH ELECTRODOMESTICOS ESPAÑA, S.A.;156,49;32,86;156,49
;1146516061;13/01/2025;13550;BSH ELECTRODOMESTICOS ESPAÑA, S.A.;-165,04;-34,66;-165,04
;1146516905;13/01/2025;13550;BSH ELECTRODOMESTICOS ESPAÑA, S.A.;-313,93;-65,93;-313,93
;1146533890;07/05/2025;13550;BSH ELECTRODOMESTICOS ESPAÑA, S.A.;-214,67;-45,08;-214,67
;1146546480;04/08/2025;13550;BSH ELECTRODOMESTICOS ESPAÑA, S.A.;-73,06;-15,34;-73,06
;1146550655;08/09/2025;13550;BSH ELECTRODOMESTICOS ESPAÑA, S.A.;-5,97;-1,25;-5,97
;1146550940;08/09/2025;13550;BSH ELECTRODOMESTICOS ESPAÑA, S.A.;-895,46;-188,05;-895,46
;1148098212;25/09/2025;13550;BSH ELECTRODOMESTICOS ESPA?A, S.A.;-3600;-756;-3600
;1148101231;21/11/2025;13550;BSH ELECTRODOMESTICOS ESPA?A, S.A.;-690;-144,9;-690
;1181;19/05/2025;13947;BALUE JUSTO ADVOCATS, S.L.;750;157,5;750
;1183013874;01/07/2025;12667;AYVENS SPAIN MOVILITY SOLUTIONS, SAU;492,86;103,5;492,86
;1183025738;01/12/2025;12667;AYVENS SPAIN MOVILITY SOLUTIONS, SAU;492,86;103,5;492,86
;1192833;03/11/2025;9955;MATERIALES DE CONSTRUCCION, S.A.;3246,35;681,73;3246,35
;2500358530;09/10/2025;4813;EHLIS, S.A.;430,97;90,5;430,97
;25-003610;31/03/2025;536;HIDRO LLEIDA S.A.;1236,02;259,56;1236,02
;2500366209;16/10/2025;4813;EHLIS, S.A.;58,59;12,3;58,59
;2500366706;16/10/2025;4813;EHLIS, S.A.;264,76;55,6;264,76
;2500370449;20/10/2025;4813;EHLIS, S.A.;340,12;71,43;340,12
;25003712;22/07/2025;1034;OTM SISTEMAS CONSTRUCTIVOS, S.L.U.;152,48;32,02;152,48
;2500373750;21/10/2025;4813;EHLIS, S.A.;748,17;157,12;748,17
;2500379282;27/10/2025;4813;EHLIS, S.A.;297,7;62,52;297,7
;2500386118;26/10/2025;14813;EHLIS, S.A.;945,5;198,56;945,5
;2500392525;04/11/2025;4813;EHLIS, S.A.;293,83;61,7;293,83
;2500394532;05/11/2025;4813;EHLIS, S.A.;46,44;9,75;46,44
;2500396503;06/11/2025;4813;EHLIS, S.A.;143,24;30,08;143,24
;25-0040009;30/05/2025;3441;ALFA DYSER, S.L.;3378,52;709,49;3378,52
;2500401778;11/11/2025;4813;EHLIS, S.A.;183,89;38,62;183,89
;2500417968;24/11/2025;4813;EHLIS, S.A.;62,09;13,04;62,09
;2500420122;25/11/2025;4813;EHLIS, S.A.;406,56;85,38;406,56
;2500435977;04/12/2025;4813;EHLIS, S.A.;1051,48;220,81;1051,48
;2500440135;10/12/2025;4813;EHLIS, S.A.;351,01;73,71;351,01
;2500440550;10/12/2025;4813;EHLIS, S.A.;1415,33;297,22;1415,33
;2500447766;16/12/2025;4813;EHLIS, S.A.;659,31;138,46;659,31
;2500448437;16/12/2025;4813;EHLIS, S.A.;112,21;23,56;112,21
;2500450728;18/12/2025;4813;EHLIS, S.A.;334,65;70,28;334,65
;2500452589;19/12/2025;4813;EHLIS, S.A.;280,86;58,98;280,86
;2500454375;22/12/2025;4813;EHLIS, S.A.;437,49;91,87;437,49
;2500455401;22/12/2025;4813;EHLIS, S.A.;103,72;21,78;103,72
;2500463714;31/12/2025;4813;EHLIS, S.A.;-92,54;-19,43;-92,54
;2500466;12/02/2025;9588;DUCASA CLIMA, S.A.;366,25;76,91;366,25
;25004784;22/09/2025;1034;OTM SISTEMAS CONSTRUCTIVOS, S.L.U.;69,89;14,68;69,89
;25-0048279;30/06/2025;3441;ALFA DYSER, S.L.;4198,2;881,62;4198,2
;250049472;06/11/2025;2748;GME DIVISION DE BA?OS SL;362,58;76,14;362,58
;250050985;14/11/2025;2748;GME DIVISION DE BA?OS SL;152,55;32,04;152,55
;250052357;25/11/2025;2748;GME DIVISION DE BA?OS SL;218,32;45,85;218,32
;25-0056685;31/07/2025;3441;ALFA DYSER, S.L.;3805,42;799,14;3805,42
;25005697;31/10/2025;1034;OTM SISTEMAS CONSTRUCTIVOS, S.L.U.;68,7;14,43;68,7
;25006071;15/11/2025;1034;OTM SISTEMAS CONSTRUCTIVOS, S.L.U.;43,05;9,04;43,05
;25006557;30/04/2025;8191;MICEL-VEGA, S.L.;83,9;17,62;83,9
;25-00667;19/03/2025;10841;SOC.ANON.SERVEI I COMERÇ ELECTRODOMESTIC;-15,59;-3,27;-15,59
;25006892;31/12/2025;5453;BRUC JARDI, S.L.U.;380,1;79,82;380,1
;2500701;07/03/2025;9588;DUCASA CLIMA, S.A.;2545,78;534,61;2545,78
;25-00722;19/03/2025;10841;SOC.ANON.SERVEI I COMERÇ ELECTRODOMESTIC;-71,76;-15,07;-71,76
;25-007547;15/06/2025;536;HIDRO LLEIDA S.A.;2598,03;545,58;2598,03
;2500845;31/03/2025;15946;GERMANS ALEGRET, S.L.;70,25;14,75;70,25
;25008927;24/11/2025;2142;IMCOINSA 1985, S.L.;621,98;130,62;621,98
;2501000280;13/01/2025;20055;POALGI, S.L.;70,4;14,78;70,4
;2501000579;15/04/2025;2118;CUBIERTAS Y ACCESORIOS VITORIA, S.L;1195,3;251,01;1195,3
;2501000785;21/05/2025;2118;CUBIERTAS Y ACCESORIOS VITORIA, S.L;179,04;37,6;179,04
;2501001095;09/07/2025;2118;CUBIERTAS Y ACCESORIOS VITORIA, S.L;1800,42;378,09;1800,42
;2501008594;07/07/2025;20055;POALGI, S.L.;452,4;95;452,4
;2501010109;11/03/2025;4983;CATA ELECTRODOMESTICOS, S.L.;228,1;47,9;228,1
;2501013043;27/03/2025;4983;CATA ELECTRODOMESTICOS, S.L.;223,13;46,86;223,13
;2501016358;15/04/2025;4983;CATA ELECTRODOMESTICOS, S.L.;256,04;53,77;256,04
;2501017265;24/04/2025;4983;CATA ELECTRODOMESTICOS, S.L.;706,86;148,44;706,86
;2501022339;22/05/2025;4983;CATA ELECTRODOMESTICOS, S.L.;16,98;3,57;16,98
;2501023138;27/05/2025;4983;CATA ELECTRODOMESTICOS, S.L.;772,11;162,14;772,11
;25-01036;09/04/2025;11973;STANDARD HIDRÁULICA, S.A.U.;-293,92;-61,72;-293,92
;2501040904;08/01/2025;12006;MOVISTAR PROSEGUR ALARMAS, S.L.;62,06;13,03;62,06
;2501045;12/02/2025;6080;WIRQUIN CALAF, S.L.;232,33;48,79;232,33
;25-010772;15/08/2025;536;HIDRO LLEIDA S.A.;2785,16;584,88;2785,16
;2501097;13/02/2025;6080;WIRQUIN CALAF, S.L.;159,55;33,51;159,55
;25011143;28/02/2025;8826;COMERCIAL SALGAR, S.A.;756,72;158,91;756,72
;250114;26/02/2025;8005;TORNILLERIA VERGARESA, S.L.;144,99;30,45;144,99
;25011863;29/11/2025;2541;MATERIALS CAMA, S.L.;371,2;77,95;371,2
;250129;07/03/2025;8005;TORNILLERIA VERGARESA, S.L.;221,71;46,56;221,71
;2501309;29/08/2025;9039;PREFABRICADOS FRAGA, S.A.;-4167,58;-875,19;-4167,58
;25-013413;15/10/2025;536;HIDRO LLEIDA S.A.;1240,11;260,42;1240,11
;25-013554;14/08/2025;841;SOC.ANON.SERVEI I COMERÇ ELECTRODOMESTIC;3854,72;809,49;3854,72
;2501420;16/09/2025;9039;PREFABRICADOS FRAGA, S.A.;1202,8;252,59;1202,8
;2501422405;31/01/2025;12006;MOVISTAR PROSEGUR ALARMAS, S.L.;53,77;11,29;53,77
;2501444;28/02/2025;6080;WIRQUIN CALAF, S.L.;349,05;73,3;349,05
;2501538;15/10/2025;9039;PREFABRICADOS FRAGA, S.A.;1907,95;400,67;1907,95
;25015416;12/08/2025;6701;VALVULAS ARCO, S.L.;44,53;9,35;44,53
;2501650;30/06/2025;9349;GRONPESTANKA, SLU;1271,96;267,11;1271,96
;25016937;20/08/2025;7676;FABRICACION DE MATERIAL ELECTRICO, S.A.;617,1;129,59;617,1
;2501724;01/08/2025;5946;GERMANS ALEGRET, S.L.;10,89;2,29;10,89
;25017353;31/03/2025;8826;COMERCIAL SALGAR, S.A.;1333,53;280,04;1333,53
;2501742;27/08/2025;9588;DUCASA CLIMA, S.A.;1877,51;394,28;1877,51
;2501823;27/03/2025;3954;BATHCO;107,95;22,67;107,95
;25018537;31/03/2025;8826;COMERCIAL SALGAR, S.A.;-756,72;-158,91;-756,72
;2501877;17/09/2025;9588;DUCASA CLIMA, S.A.;42,6;8,95;42,6
;25019672;02/06/2025;7048;MAKITA, S.A.;201,78;42,37;201,78
;1193804;18/12/2025;9955;MATERIALES DE CONSTRUCCION, S.A.;646,44;135,75;646,44
;1531689675;09/07/2025;9079;KARCHER, S.A.;10,08;2,12;10,08
;1541032416;31/05/2025;800;HOLCIM ESPAÑA, S.A.U.;-312;-65,52;-312
;1544014561;31/01/2025;800;HOLCIM ESPAÑA, S.A.U.;-72;-15,12;-72
;1544016304;31/08/2025;800;HOLCIM ESPAÑA, S.A.U.;-455;-95,55;-455
;1566;26/02/2025;9790;INDUSTRIAS GONAL HISPANIA, S.L.;229,99;48,3;229,99
;159;14/04/2025;6277;MARMOLES ROYES, S.C.;3624,5;761,15;3624,5
;16229166;06/03/2025;14708;BIGMAT LOGISTICA, S.A.;13,5;2,84;13,5
;16229167;06/03/2025;14708;BIGMAT LOGISTICA, S.A.;1,78;0,37;1,78
;16231238;07/10/2025;14708;BIGMAT LOGISTICA, S.A.;0,09;0,02;0,09
;2025/00049;15/07/2025;17909;SISCO BELLART MOLINS;3362,41;706,11;3362,41
;2025/00712;30/11/2025;13326;TRANSPORTS GIRON PALACIN,S.L.;6649,19;1396,33;6649,19
;2025/00883;19/02/2025;7635;ARBE STOLANIC, S.L.;828,75;174,04;828,75
;2025/03215;16/04/2025;6439;JARDI POND, S.L.;547;114,87;547
;2025/04586;21/05/2025;6439;JARDI POND, S.L.;533,12;111,96;533,12
;2025/04844;27/05/2025;6439;JARDI POND, S.L.;1064,28;223,5;1064,28
;2025/1/65;01/09/2025;13373;ARANBROADCAST PUBLICITAT, S.L.;180;37,8;180
;2025/10061;05/11/2025;6439;JARDI POND, S.L.;536,06;112,57;536,06
;2025/388;24/03/2025;4600;COCINAS CARBEL, S.L.;129,88;27,27;129,88
;2025/45;01/11/2025;15970;RIBERA BADIA, Alberto;1534,36;322,22;1534,36
;2025/468;25/02/2025;3875;BROQUETAS, SL;916;192,36;916
;2025/6559;20/05/2025;18424;ROSICH ROMEU, Carmen;30,8;6,47;30,8
;2025/773;05/09/2025;4600;COCINAS CARBEL, S.L.;129,88;27,27;129,88
;2025000527;15/07/2025;7322;OLI SISTEMAS SANITARIOS ESPA?A, SLU;323,22;67,88;323,22
;2025000593;22/07/2025;7322;OLI SISTEMAS SANITARIOS ESPAÑA, SLU;227,28;47,73;227,28
;2025000666;14/02/2025;2007;EDILKAMIN IBERICA, S.L.;73,6;15,46;73,6
;2025000780;21/02/2025;2007;EDILKAMIN IBERICA, S.L.;460;96,6;460
;2025000875;28/02/2025;2007;EDILKAMIN IBERICA, S.L.;113,2;23,77;113,2
;2025001085;14/03/2025;2007;EDILKAMIN IBERICA, S.L.;41,2;8,65;41,2
;2025001412;10/01/2025;491;TECNICAS EXPANSIVAS,S.L.;52,67;11,06;52,67
;2025001412;04/04/2025;2007;EDILKAMIN IBERICA, S.L.;84,4;17,72;84,4
;2025001793;23/05/2025;2007;EDILKAMIN IBERICA, S.L.;2992;628,32;2992
;2025001855;30/05/2025;2007;EDILKAMIN IBERICA, S.L.;2217,6;465,7;2217,6
;2025002028;27/06/2025;2007;EDILKAMIN IBERICA, S.L.;3780,81;793,97;3780,81
;2025002118;11/07/2025;2007;EDILKAMIN IBERICA, S.L.;130;27,3;130
;202500226;15/01/2025;1530;GRUPO EMP. DAKOTA PENINSULA IBERICA SLU;378,25;79,43;378,25
;2025007046;11/02/2025;5808;LOREFAR S.L;240,48;50,5;240,48
;2025-017;07/03/2025;2552;PINATER, SL;510;107,1;510
;2025029904;20/05/2025;491;TECNICAS EXPANSIVAS,S.L.;163,83;34,4;163,83
;2025031331;13/03/2025;4792;ATUSA GRUPO EMPRESARIAL, S.A.;257;53,97;257
;2025041032;04/07/2025;5808;LOREFAR S.L;114,14;23,97;114,14
;20250462;01/07/2025;17018;AUTOMOVILES AUTORIUTOR, S.L.;90,58;19,02;90,58
;202505592;15/12/2025;5633;FIG, S.L.;158,26;33,23;158,26
;2025059858;30/09/2025;491;TECNICAS EXPANSIVAS,S.L.;198,69;41,72;198,69
;2025061891;11/12/2025;4037;PROFILTEK SPAIN, S.L.;1594,83;334,91;1594,83
;2025063511;24/10/2025;5808;LOREFAR S.L;161,06;33,82;161,06
;2025-0723;18/12/2025;12562;VAL D'ARAN-FARRE JARDINERS, S.L.;900;189;1055
;2025073318;19/12/2025;5808;LOREFAR S.L;63,5;13,34;63,5
;2025091503;12/09/2025;4792;ATUSA GRUPO EMPRESARIAL, S.A.;485,25;101,9;485,25
;202510012;25/11/2025;8463;L ISOLANTE K-FLEX ESPA?A, SA;371,87;78,09;371,87
;2025121700;16/12/2025;4792;ATUSA GRUPO EMPRESARIAL, S.A.;117,1;24,59;117,1
;202512323;29/08/2025;1530;GRUPO EMP. DAKOTA PENINSULA IBERICA SLU;255,92;53,74;255,92
;20251470;15/05/2025;2284;TARROS PINTURES I DECORACIÓ, S.L.;624,73;131,19;624,73
;20251531;24/04/2025;1408;PROFESIONAL DE SUMINISTROS, S.A;658,67;138,32;658,67
;202516752;14/11/2025;1530;GRUPO EMP. DAKOTA PENINSULA IBERICA SLU;120,6;25,33;120,6
;2025-1791;28/11/2025;2823;VIDRES LA NOGUERA S.L.;260,82;54,77;260,82
;20252062;30/06/2025;2284;TARROS PINTURES I DECORACIÓ, S.L.;869,65;182,63;869,65
;20252208;12/06/2025;1408;PROFESIONAL DE SUMINISTROS, S.A;810,92;170,29;810,92
;20252260;15/07/2025;2284;TARROS PINTURES I DECORACIÓ, S.L.;1238,3;260,04;1238,3
;2025239117;25/08/2025;2315;EQUIPE CERAMICAS, S.L.;170,55;35,82;170,55
;20252459;18/08/2025;2767;CHEHOMA ATELIER D'AMBIANCES, S.A.;1026;215,46;1026
;2025250124;21/04/2025;12359;HERMUTRAEX, S.L.;1102,5;231,53;1102,5
;2025250212;30/06/2025;12359;HERMUTRAEX, S.L.;1080;226,8;1080
;2025-266;28/02/2025;2823;VIDRES LA NOGUERA S.L.;654,19;137,38;654,19
;2025-33;15/10/2025;11540;MAYALS MARBÀ, Josep Ramon;120;25,2;120
;20253773;15/11/2025;2284;TARROS PINTURES I DECORACI?, S.L.;567,45;119,16;567,45
;20254161;07/11/2025;1408;PROFESIONAL DE SUMINISTROS, S.A;311,4;65,39;311,4
;20256018;02/10/2025;17570;TOT RODA PIRINEU SC;80;16,8;80
;2025746380;28/02/2025;502;ELEKTRA CATALUNYA XXI SL;987,9;207,46;987,9
;2025752348;15/04/2025;502;ELEKTRA CATALUNYA XXI SL;743,9;156,22;743,9
;2025757547;31/05/2025;502;ELEKTRA CATALUNYA XXI SL;51,2;10,75;51,2
;2025762825;30/06/2025;502;ELEKTRA CATALUNYA XXI SL;881,59;185,13;881,59
;2025-788;30/05/2025;2823;VIDRES LA NOGUERA S.L.;151,92;31,9;151,92
;2025-95;31/01/2025;2823;VIDRES LA NOGUERA S.L.;483,24;101,48;483,24
;2038;29/08/2025;13947;BALUE JUSTO ADVOCATS, S.L.;100;21;100
;2052;10/09/2025;13947;BALUE JUSTO ADVOCATS, S.L.;685;143,85;685
;2080431606;28/02/2025;809;FRANKE ESPAÑA, S.A.U.;438,8;92,15;438,8
;25019970RI;03/10/2025;7676;FABRICACION DE MATERIAL ELECTRICO, S.A.;943,62;198,16;943,62
;2502-00082;03/02/2025;50044;SPAX TORNILLERÍA, S.A.U.;282,2;59,26;282,2
;250201067;14/02/2025;1235;COMERCIAL SANYC CES, S.L.;1720,4;361,28;1720,4
;25020316RI;09/10/2025;7676;FABRICACION DE MATERIAL ELECTRICO, S.A.;276,15;57,99;276,15
;25020516;15/04/2025;8826;COMERCIAL SALGAR, S.A.;1264,65;265,58;1264,65
;25020530;28/11/2025;6701;VALVULAS ARCO, S.L.;795;166,95;795
;2502054613;06/02/2025;12006;MOVISTAR PROSEGUR ALARMAS, S.L.;62,06;13,03;62,06
;25022120;15/04/2025;8826;COMERCIAL SALGAR, S.A.;-268,2;-56,32;-268,2
;25023778;30/04/2025;8826;COMERCIAL SALGAR, S.A.;3129,3;657,15;3129,3
;25023831;11/07/2025;5983;GABARRO HERMANOS, S.A.;177,45;37,26;177,45
;2502425140;28/02/2025;12006;MOVISTAR PROSEGUR ALARMAS, S.L.;53,77;11,29;53,77
;2502683;29/07/2025;4969;BUR 2000, S.A.;242,25;50,88;242,25
;2502745;31/05/2025;3180;GRONPES, S.L.;751,63;157,84;751,63
;250300091;17/03/2025;7426;ARIDS CATALUNYA, S.A.;330,26;69,35;330,26
;25030043;31/05/2025;8826;COMERCIAL SALGAR, S.A.;205,2;43,09;205,2
;2503-02084;31/03/2025;50044;SPAX TORNILLERÍA, S.A.U.;1520,86;319,38;1520,86
;250303362;15/05/2025;4360;MATERIALS PER LA CONSTRUCCIO I REFORMA;318,4;66,86;318,4
;2503084;17/07/2025;6847;DCU ADVANCE TECNOLOGIC, S.L.;274,55;57,66;274,55
;2503236;24/07/2025;6847;DCU ADVANCE TECNOLOGIC, S.L.;170,73;35,85;170,73
;25034690;05/06/2025;491;TECNICAS EXPANSIVAS,S.L.;187,73;39,42;187,73
;25036601;30/06/2025;8826;COMERCIAL SALGAR, S.A.;28,5;5,99;28,5
;2504-01900;29/04/2025;50044;SPAX TORNILLERÍA, S.A.U.;425,2;89,29;425,2
;2504027401;01/09/2025;11265;ASCENSORES GALO, S.L.U;175;36,75;175
;2504027402;01/09/2025;11265;ASCENSORES GALO, S.L.U;35;7,35;35
;25040299;21/07/2025;7048;MAKITA, S.A.;279,36;58,67;279,36
;2504034153;01/10/2025;11265;ASCENSORES GALO, S.L.U;35;7,35;35
;2504036782;01/12/2025;11265;ASCENSORES GALO, S.L.U;35;7,35;35
;2504201;25/11/2025;4969;BUR 2000, S.A.;429,91;90,28;429,91
;25044317;25/09/2025;5313;ITEM INTERNATIONAL, S.A;203,3;42,69;203,3
;2504530;20/05/2025;8235;MADERAS PLANES, S.L.;116,21;24,4;116,21
;2504573;30/06/2025;7548;ACO PRODUCTOS POLIMEROS, S.A.;251,26;52,76;251,26
;2504677;22/08/2025;3954;BATHCO;146,45;30,75;146,45
;2504779;29/08/2025;3954;BATHCO;433,4;91,01;433,4
;2504785;23/10/2025;9305;F.F. BOFILL, S.A.;270,64;56,83;270,64
;25048753;13/08/2025;7048;MAKITA, S.A.;269,66;56,63;269,66
;25049894;15/09/2025;8826;COMERCIAL SALGAR, S.A.;1378,83;289,55;1378,83
;2505002013;09/05/2025;12448;ECOTISA UNA TINTA DE IMPRESION SLU;149,9;31,48;149,9
;250500533;02/06/2025;7426;ARIDS CATALUNYA, S.A.;432;90,72;432
;250501911;23/05/2025;1235;COMERCIAL SANYC CES, S.L.;908;190,68;908
;25050616;21/08/2025;7048;MAKITA, S.A.;48,5;10,19;48,5
;2505293;13/11/2025;9305;F.F. BOFILL, S.A.;182,8;38,39;182,8
;250556;16/10/2025;8005;TORNILLERIA VERGARESA, S.L.;235,17;49,39;235,17
;25055646;15/10/2025;8826;COMERCIAL SALGAR, S.A.;1051,92;220,91;1051,92
;2505615;14/10/2025;3954;BATHCO;205,3;43,11;205,3
;2505846;30/04/2025;2137;ALTRAD PLETTAC IBERICA, S.L.;915;192,15;915
;25058712;31/10/2025;8826;COMERCIAL SALGAR, S.A.;615,06;129,16;615,06
;2506000050;30/06/2025;17783;TRANSPORTES Y EXCAVACIONES BARBA, SL;375;78,75;375
;250600978;13/06/2025;1235;COMERCIAL SANYC CES, S.L.;1019,7;214,14;1019,7
;250600979;13/06/2025;1235;COMERCIAL SANYC CES, S.L.;713,35;149,8;713,35
;250601729;20/06/2025;1235;COMERCIAL SANYC CES, S.L.;428,45;89,97;428,45
;25060174;16/09/2025;7048;MAKITA, S.A. UNIPERSONAL;140,65;29,54;140,65
;2506070376;06/06/2025;12006;MOVISTAR PROSEGUR ALARMAS, S.L.;62,06;13,03;62,06
;2506146;06/11/2025;3954;BATHCO;340,45;71,49;340,45
;25064413;25/07/2025;14562;SISTEMAS DIGITALES CORPORATE, S.L.;247,82;52,04;247,82
;2506449095;30/06/2025;12006;MOVISTAR PROSEGUR ALARMAS, S.L.;53,77;11,29;53,77
;25064910;30/11/2025;8826;COMERCIAL SALGAR, S.A.;1134,06;238,16;1134,06
;25065293;30/09/2025;7048;MAKITA, S.A. UNIPERSONAL;214,83;45,11;214,83
;2506653;10/07/2025;7048;MAKITA, S.A.;476,27;100,02;476,27
;2506717;14/07/2025;8235;MADERAS PLANES, S.L.;374,87;78,72;374,87
;25069367;31/12/2025;8826;COMERCIAL SALGAR, S.A.;476,28;100,02;476,28
;2507-01761;23/07/2025;50044;SPAX TORNILLERÍA, S.A.U.;276,53;58,07;276,53
;25071225;16/10/2025;7048;MAKITA, S.A. UNIPERSONAL;521,86;109,59;521,86
;25071818;17/10/2025;7048;MAKITA, S.A. UNIPERSONAL;102,35;21,49;102,35
;2507261;31/07/2025;8235;MADERAS PLANES, S.L.;2516,03;528,37;2516,03
;2507362;01/08/2025;3840;VENTAS INTERNACIONLES, S.A.;515,23;108,2;515,23
;25075420;28/10/2025;7048;MAKITA, S.A. UNIPERSONAL;636,82;133,73;636,82
;250755;11/04/2025;16167;ACG PROJECTES INFORMATICS, SL.;1031;216,51;1031
;25076073;29/10/2025;7048;MAKITA, S.A. UNIPERSONAL;8,96;1,88;8,96
;250785;14/03/2025;9332;INDUSTRIAS LASSER, S.A.;1584;332,64;1584
;25079564;07/11/2025;7048;MAKITA, S.A. UNIPERSONAL;123,93;26,02;123,93
;250800810;14/08/2025;1235;COMERCIAL SANYC CES, S.L.;865,23;181,7;865,23
;250801153;22/08/2025;1235;COMERCIAL SANYC CES, S.L.;1403,05;294,64;1403,05
;25082436;18/11/2025;7048;MAKITA, S.A. UNIPERSONAL;350,66;73,64;350,66
;25083677;20/11/2025;7048;MAKITA, S.A. UNIPERSONAL;388,22;81,53;388,22
;25083678;20/11/2025;7048;MAKITA, S.A. UNIPERSONAL;548,96;115,28;548,96
;25090515;12/12/2025;7048;MAKITA, S.A. UNIPERSONAL;6,21;1,3;6,21
;2509325184;30/09/2025;12006;MOVISTAR PROSEGUR ALARMAS, S.L.;53,77;11,29;53,77
;250953;31/03/2025;9332;INDUSTRIAS LASSER, S.A.;26,4;5,54;26,4
;2080462662;30/09/2025;809;FRANKE ESPA?A, S.A.U.;412,02;86,52;412,02
;2360927661;07/01/2025;8247;VELUX SPAIN, S.A.;200,78;42,16;200,78
;2360929126;20/01/2025;8247;VELUX SPAIN, S.A.;68,54;14,39;68,54
;2360929640;24/01/2025;8247;VELUX SPAIN, S.A.;3009,81;632,06;3009,81
;2360929910;28/01/2025;8247;VELUX SPAIN, S.A.;89,39;18,77;89,39
;2360932647;24/02/2025;8247;VELUX SPAIN, S.A.;4733,58;994,05;4733,58
;2360933089;28/02/2025;8247;VELUX SPAIN, S.A.;703,69;147,77;703,69
;2360933945;07/03/2025;8247;VELUX SPAIN, S.A.;338,26;71,03;338,26
;2360934618;14/03/2025;8247;VELUX SPAIN, S.A.;2645,97;555,66;2645,97
;2360936495;03/04/2025;8247;VELUX SPAIN, S.A.;193,67;40,67;193,67
;2360938536;25/04/2025;8247;VELUX SPAIN, S.A.;543,34;114,1;543,34
;2360941662;27/05/2025;8247;VELUX SPAIN, S.A.;527,45;110,76;527,45
;2360941959;28/05/2025;8247;VELUX SPAIN, S.A.;9143,73;1920,19;9143,73
;2360942902;04/06/2025;8247;VELUX SPAIN, S.A.;111,74;23,47;111,74
;2360943856;11/06/2025;8247;VELUX SPAIN, S.A.;1628,47;341,98;1628,47
;2360944108;13/06/2025;8247;VELUX SPAIN, S.A.;519,23;109,04;519,23
;2360946304;27/06/2025;8247;VELUX SPAIN, S.A.;2389,55;501,8;2389,55
;2360947139;03/07/2025;8247;VELUX SPAIN, S.A.;33,52;7,04;33,52
;2360948582;14/07/2025;8247;VELUX SPAIN, S.A.;52,14;10,95;52,14
;2360950210;24/07/2025;8247;VELUX SPAIN, S.A.;3186,02;669,06;3186,02
;2360955297;10/09/2025;8247;VELUX SPAIN, S.A.;3751,95;787,91;3751,95
;2360959370;17/10/2025;8247;VELUX SPAIN, S.A.;9256,28;1943,82;9256,28
;2360959371;17/10/2025;8247;VELUX SPAIN, S.A.;1280,74;268,95;1280,74
;2360962157;10/11/2025;8247;VELUX SPAIN, S.A.;2448,36;514,16;2448,36
;2360964032;27/11/2025;8247;VELUX SPAIN, S.A.;3607,25;757,52;3607,25
;237;27/10/2025;872;SOLARTECNIK, S.L.;-152,1;-31,94;-152,1
;24/03/2025;12/08/2025;4970;GRANITOS LEON, C.B.;1635,6;343,48;1635,6
;2400036879;01/01/2025;11602;DE LAGE LANDEN INTERNATIONAL V.V.;158,55;33,3;158,55
;3025001285;24/01/2025;7987;PLADUR GYPSUM, S.A.U.;12284,08;2579,66;12284,08
;3025001639;30/01/2025;7987;PLADUR GYPSUM, S.A.U.;10453,51;2195,24;10453,51
;3025004356;13/03/2025;7987;PLADUR GYPSUM, S.A.U.;13695,6;2876,08;13695,6
;3025010602;27/06/2025;7987;PLADUR GYPSUM, S.A.U.;9469,43;1988,58;9469,43
;3025012096;24/07/2025;7987;PLADUR GYPSUM, S.A.U.;10072,51;2115,23;10072,51
;3025013472;22/08/2025;7987;PLADUR GYPSUM, S.A.U.;12990,91;2728,09;12990,91
;3025014900;19/09/2025;7987;PLADUR GYPSUM, S.A.U.;11556,32;2426,83;11556,32
;3025101041;13/01/2025;7191;AC MARCA ADHESIVES, SAU;457,22;96,02;457,22
;3025106261;07/02/2025;7191;AC MARCA ADHESIVES, SAU;427,85;89,85;427,85
;3025106262;07/02/2025;7191;AC MARCA ADHESIVES, SAU;299,2;62,83;299,2
;3025120811;30/04/2025;7191;AC MARCA ADHESIVES, SAU;3980,1;835,82;3980,1
;3025125342;23/05/2025;7191;AC MARCA ADHESIVES, SAU;92,02;19,32;92,02
;3025131435;26/06/2025;7191;AC MARCA ADHESIVES, SAU;1209,42;253,98;1209,42
;3025134726;15/07/2025;7191;AC MARCA ADHESIVES, SAU;5338,48;1121,08;5338,48
;3025155919;12/11/2025;7191;AC MARCA ADHESIVES, SAU;495,65;104,09;495,65
;3025156181;13/11/2025;7191;AC MARCA ADHESIVES, SAU;57,57;12,09;57,57
;3025158564;25/11/2025;7191;AC MARCA ADHESIVES, SAU;1074,67;225,68;1074,67
;3039-25835;02/12/2025;13523;BANKTRACK;1300;273;1300
;3096152;10/03/2025;533;ADI HOGAR Y HOSTELERIA IBERIA, S.L.;277,19;58,21;277,19
;31/4/25;31/10/2025;4970;GRANITOS LEON, C.B.;2858;600,18;2858
;3125106888;15/09/2025;910;IRSAP-RHOSS CLIMA INTEGRAL, S.L.;462,55;97,14;462,55
;3125106937;15/09/2025;910;IRSAP-RHOSS CLIMA INTEGRAL, S.L.;462,55;97,14;462,55
;31643613;30/09/2025;5952;MOREDA RIVIERE TREFILERIAS, S.A.;211,37;44,39;211,37
;31644159;18/11/2025;5952;MOREDA RIVIERE TREFILERIAS, S.A.;607,14;127,5;607,14
;3250079;24/02/2025;7906;SUCESORES DE FALIP NAVARRO, S.A;617,5;129,68;617,5
;3250255;26/06/2025;7906;SUCESORES DE FALIP NAVARRO, S.A;617,5;129,68;617,5
;327000272;17/07/2025;17392;ROCA SANITARIO, S.A.;-2328,43;-488,97;-2328,43
;2500091923;17/01/2025;11444;APPLUS ITEUVE TECHNOLOGY, S.L.;4,18;;46,16
;2500267429;12/06/2025;15169;BANCO BILBAO VIZCAYA ARGENTARIA, S.A.;3,09;;9,09
;250097;13/03/2025;11735;VIATGES TOCASONS S.L.;758;;758
;250389159;28/02/2025;12407;SOC. ESTATAL CORREOS Y TELEGRAFOS, S.A.;24,92;;24,92
;250510;29/08/2025;11735;VIATGES TOCASONS S.L.;2580;;2713,6
;250723981;30/04/2025;12407;SOC. ESTATAL CORREOS Y TELEGRAFOS, S.A.;33,15;;119,28
;252921310;29/04/2025;18435;AIGÜES DE BARCELONA S.A.;56,83;;125,05
;A25-01989;29/09/2025;1973;STANDARD HIDRÁULICA, S.A.U.;115,39;;115,39
;C+25-36264;13/10/2025;1973;STANDARD HIDR?ULICA, S.A.U.;20,24;0;20,24
;#F180219;29/08/2025;5920;COORDONN?, S.L.;134,92;28,34;134,92
;_250040353;11/09/2025;2748;GME DIVISION DE BA?OS SL;215,01;45,15;215,01
;_256025277;19/09/2025;2748;GME DIVISION DE BA?OS SL;528,4;110,96;528,4
;_256025889;25/09/2025;2748;GME DIVISION DE BA?OS SL;590,3;123,96;590,3
;0.400547;31/10/2025;4891;STAYER IBERICA, S.A.;93,46;19,63;93,46
;0/12185;25/11/2025;4518;FUNDICION DUCTIL FABREGAS,S.L.;1188,79;249,65;1188,79
;0/25103419;11/07/2025;2955;GRIFERIA SANITARIA ROVIRA, S.A.;56;11,76;56
;0/2751;25/03/2025;4518;FUNDICION DUCTIL FABREGAS,S.A.;59,8;12,56;59,8
;0/9012;29/08/2025;4518;FUNDICION DUCTIL FABREGAS,S.A.;458,99;96,39;458,99
;0/9123;29/08/2025;4518;FUNDICION DUCTIL FABREGAS,S.A.;1042,72;218,97;1042,72
;846854;10/11/2025;5069;MAISONS DU MONDE ESPA?A SL;221,86;46,59;221,86
;216;27/01/2025;12060;RADIO SYSTEMS EQUIP.ELECTRONICOS S.L.;439,65;92,33;439,65
;218;03/03/2025;12060;RADIO SYSTEMS EQUIP.ELECTRONICOS S.L.;439,65;92,33;439,65
;2500142;31/03/2025;18317;LLEIDA MANUTENCIO, S.L.;701,9;147,4;701,9
;251000139;31/01/2025;10778;PRETENSADOS RIBERA, S.L.;884,44;185,73;884,44
;251000312;28/02/2025;10778;PRETENSADOS RIBERA, S.L.;26,37;5,54;26,37
;251000313;28/02/2025;10778;PRETENSADOS RIBERA, S.L.;31,31;6,58;31,31
;251000568;31/03/2025;10778;PRETENSADOS RIBERA, S.L.;9,06;1,9;9,06
;251000569;31/03/2025;10778;PRETENSADOS RIBERA, S.L.;111,13;23,34;111,13
;251000748;30/04/2025;10778;PRETENSADOS RIBERA, S.L.;61,84;12,99;61,84
;251000751;30/04/2025;10778;PRETENSADOS RIBERA, S.L.;10,75;2,26;10,75
;251001271;30/06/2025;10778;PRETENSADOS RIBERA, S.L.;18,78;3,94;18,78
;251001274;30/06/2025;10778;PRETENSADOS RIBERA, S.L.;11,88;2,49;11,88
;251001480;31/07/2025;10778;PRETENSADOS RIBERA, S.L.;22,9;4,81;22,9
;251001956;30/09/2025;10778;PRETENSADOS RIBERA, S.L.;4,2;0,88;4,2
;251001957;30/09/2025;10778;PRETENSADOS RIBERA, S.L.;19,93;4,19;19,93
;251002146;31/10/2025;10778;PRETENSADOS RIBERA, S.L.;55,16;11,58;55,16
;251002147;31/10/2025;10778;PRETENSADOS RIBERA, S.L.;258,89;54,37;258,89
;251002332;30/11/2025;10778;PRETENSADOS RIBERA, S.L.;845,95;177,65;845,95
;2510024;22/10/2025;8235;MADERAS PLANES, S.L.;353,8;74,3;353,8
;251002621;31/12/2025;10778;PRETENSADOS RIBERA, S.L.;53,16;11,16;53,16
;2510027557;11/06/2025;4813;EHLIS, S.A.;6,83;1,43;6,83
;2510039113;31/07/2025;4813;EHLIS, S.A.;4,32;0,91;4,32
;2510051016;02/10/2025;4813;EHLIS, S.A.;23,02;4,83;23,02
;2510053534;15/10/2025;4813;EHLIS, S.A.;14,76;3,1;14,76
;2510057452;04/11/2025;4813;EHLIS, S.A.;17,14;3,6;17,14
;2510060674;01/02/2025;11438;ALPHABET ESPAÑA FLEET MANAGEMENT, S.A.U.;927,16;194,7;927,16
;25101121;07/03/2025;2339;BUJIOL S.L.;751,82;157,88;751,82
;2510126;31/01/2025;3913;POLIESPOR, S.A.;3026,16;635,49;3026,16
;25101625;11/04/2025;2955;GRIFERIA SANITARIA ROVIRA, S.A.;201,2;42,25;201,2
;25102329;09/05/2025;2339;BUJIOL S.L.;345,55;72,57;345,55
;25103047;20/06/2025;2955;GRIFERIA SANITARIA ROVIRA, S.A.;380,6;79,93;380,6
;25103938;25/07/2025;2339;BUJIOL S.L.;1297,2;272,41;1297,2
;25104046;31/07/2025;2339;BUJIOL S.L.;1084,24;227,69;1084,24
;25104103;31/08/2025;2339;BUJIOL S.L.;1596,94;335,36;1596,94
;25104234;29/08/2025;2955;GRIFERIA SANITARIA ROVIRA, S.A.;173,8;36,5;173,8
;25104235;29/08/2025;2955;GRIFERIA SANITARIA ROVIRA, S.A.;30,25;6,35;30,25
;2510475;31/10/2025;8235;MADERAS PLANES, S.L.;5942,56;1247,94;5942,56
;25105071;10/10/2025;2339;BUJIOL S.L.;4375,72;918,9;4375,72
;25106338;20/02/2025;7687;SOPREMA IBERIA, S.L.U.;302,7;63,57;302,7
;25-11027;17/03/2025;1973;STANDARD HIDRÁULICA, S.A.U.;20,11;4,22;20,11
;2511320;24/11/2025;8235;MADERAS PLANES, S.L.;246,42;51,75;246,42
;25127093;23/07/2025;7687;SOPREMA IBERIA, S.L.U.;166,05;34,87;166,05
;25-13398;03/04/2025;1973;STANDARD HIDRÁULICA, S.A.U.;169,08;35,51;169,08
;251650;28/08/2025;872;SOLARTECNIK, S.L.;66,6;13,99;66,6
;25-18551;19/05/2025;1973;STANDARD HIDRÁULICA, S.A.U.;2,99;0,63;2,99
;251907;15/03/2025;4256;MECANO CAMP, S.A.;664,75;139,6;664,75
;252000598;31/01/2025;10778;PRETENSADOS RIBERA, S.L.;177,88;37,35;177,88
;252000599;31/01/2025;10778;PRETENSADOS RIBERA, S.L.;192,51;40,43;192,51
;252000863;28/02/2025;10778;PRETENSADOS RIBERA, S.L.;140,54;29,51;140,54
;252001338;31/03/2025;10778;PRETENSADOS RIBERA, S.L.;360,59;75,72;360,59
;252002103;30/04/2025;10778;PRETENSADOS RIBERA, S.L.;23,43;4,92;23,43
;252002104;30/04/2025;10778;PRETENSADOS RIBERA, S.L.;3,1;0,65;3,1
;252002747;31/05/2025;10778;PRETENSADOS RIBERA, S.L.;2,53;0,53;2,53
;252002755;31/05/2025;10778;PRETENSADOS RIBERA, S.L.;100,64;21,13;100,64
;252002758;31/05/2025;10778;PRETENSADOS RIBERA, S.L.;75,65;15,89;75,65
;252003829;30/06/2025;10778;PRETENSADOS RIBERA, S.L.;320,34;67,27;320,34
;252003833;30/06/2025;10778;PRETENSADOS RIBERA, S.L.;131,43;27,6;131,43
;252003838;30/06/2025;10778;PRETENSADOS RIBERA, S.L.;69,02;14,49;69,02
;252004139;31/07/2025;10778;PRETENSADOS RIBERA, S.L.;102,58;21,54;102,58
;252004759;31/08/2025;10778;PRETENSADOS RIBERA, S.L.;73,73;15,48;73,73
;252004760;31/08/2025;10778;PRETENSADOS RIBERA, S.L.;33,2;6,97;33,2
;252005279;30/09/2025;10778;PRETENSADOS RIBERA, S.L.;41,7;8,76;41,7
;252005283;30/09/2025;10778;PRETENSADOS RIBERA, S.L.;4,65;0,98;4,65
;252005284;30/09/2025;10778;PRETENSADOS RIBERA, S.L.;13,77;2,89;13,77
;8251403037;20/11/2025;13012;COLEGIO DE REGISTRADORES DE ESPAÑA;24;5,04;24
;8255;06/03/2025;5330;BRONPI CALEFACCION, S.L.;800,1;168,02;800,1
;83-00003;26/02/2025;14708;BIGMAT LOGISTICA, S.A.;-21088,79;-4428,65;-21088,79
;85990539;24/03/2025;666;FISCHER IBERICA, S.A.U.;980;205,8;980
;85990783;25/03/2025;666;FISCHER IBERICA, S.A.U.;1102,53;231,53;1102,53
;85990784;25/03/2025;666;FISCHER IBERICA, S.A.U.;210,04;44,11;210,04
;85994655;08/04/2025;666;FISCHER IBERICA, S.A.U.;30,26;6,35;30,26
;8600006936;26/02/2025;10192;PROMOTORA MEDITERRANEA-2, S.A.;-114,99;-24,15;-114,99
;8600007117;31/05/2025;192;PROMOTORA MEDITERRANEA-2, S.A.;-1380;-289,8;-1380
;876084ZIN1;20/11/2025;1269;CEMEX ESPA?A OPERACIONES, S.L.U.;3272,48;687,22;3272,48
;882592;21/01/2025;6169;REFREL, S.L.;419,25;88,04;419,25
;883;16/04/2025;13947;BALUE JUSTO ADVOCATS, S.L.;750;157,5;750
;884743;06/02/2025;6169;REFREL, S.L.;403,67;84,77;403,67
;887905;06/03/2025;6169;REFREL, S.L.;85,5;17,96;85,5
;887931;06/03/2025;6169;REFREL, S.L.;22,36;4,7;22,36
;889971;25/03/2025;6169;REFREL, S.L.;217,75;45,73;217,75
;891313;04/04/2025;6169;REFREL, S.L.;-217,75;-45,73;-217,75
;895487;15/05/2025;6169;REFREL, S.L.;407,79;85,64;407,79
;899493;12/06/2025;6169;REFREL, S.L.;178,77;37,54;178,77
;9000901269;19/11/2025;19045;GAS NATURAL REDES GLP, S.A.;267,6;56,2;267,6
;90020604;04/04/2025;8184;ALYCO TOOLS, SA;-533,88;-112,11;-533,88
;9010286363;15/01/2025;7579;ALIAXIS IBERIA, S.A.U.;1292,99;271,53;1292,99
;9010296949;17/03/2025;7579;ALIAXIS IBERIA, S.A.U.;794,94;166,94;794,94
;9010305681;08/05/2025;7579;ALIAXIS IBERIA, S.A.U.;368,25;77,33;368,25
;9010307893;19/05/2025;7579;ALIAXIS IBERIA, S.A.U.;215,87;45,33;215,87
;9010308372;22/05/2025;7579;ALIAXIS IBERIA, S.A.U.;87,69;18,41;87,69
;9010317499;14/07/2025;7579;ALIAXIS IBERIA, S.A.U.;131,9;27,7;131,9
;9010320651;31/07/2025;7579;ALIAXIS IBERIA, S.A.U.;79,71;16,74;79,71
;9010323287;29/08/2025;7579;ALIAXIS IBERIA, S.A.U.;743,95;156,23;743,95
;1333897184;12/12/2025;3550;BSH ELECTRODOMESTICOS ESPA?A, S.A.;801,54;168,32;801,54
;1333902380;15/12/2025;3550;BSH ELECTRODOMESTICOS ESPA?A, S.A.;992,46;208,42;992,46
;1333902381;15/12/2025;3550;BSH ELECTRODOMESTICOS ESPA?A, S.A.;327,07;68,68;327,07
;1333909181;19/12/2025;3550;BSH ELECTRODOMESTICOS ESPAÑA, S.A.;1115,02;234,15;1115,02
;2000009817;27/05/2025;10143;BANCO SABADELL, S.A.;165,75;34,81;165,75
;2010125047;21/04/2025;5427;CUPA PIZARRAS S.A;8247,71;1732,02;8247,71
;2010127295;19/08/2025;5427;CUPA PIZARRAS S.A;10380,03;2179,81;10380,03
;2010130157;18/12/2025;5427;CUPA PIZARRAS S.A;9076,35;1906,03;9076,35
;2010130187;19/12/2025;5427;CUPA PIZARRAS S.A;14860,33;3120,67;14860,33
;22500545;08/01/2025;7494;GRUPODESA FASTENERS, S.A.U.;227,58;47,79;227,58
;22500849;28/01/2025;1675;EMAC COMPLEMENTOS, S.L.;107,09;22,49;107,09
;22502509;21/01/2025;7494;GRUPODESA FASTENERS, S.A.U.;115,68;24,29;115,68
;22506392;14/02/2025;7494;GRUPODESA FASTENERS, S.A.U.;428,62;90,01;428,62
;225100468;17/01/2025;6340;MARAZZI IBERIA, S.A.U.;908,45;190,77;908,45
;225101865;21/02/2025;6340;MARAZZI IBERIA, S.A.U.;1305,02;274,05;1305,02
;225106924;27/06/2025;6340;MARAZZI IBERIA, S.A.U.;149;31,29;149
;225108313;31/07/2025;6340;MARAZZI IBERIA, S.A.U.;16,83;3,54;16,83
;225108993;29/08/2025;6340;MARAZZI IBERIA, S.A.U.;177,96;37,38;177,96
;225109246;05/09/2025;6340;MARAZZI IBERIA, S.A.U.;277,9;58,36;277,9
;22513190;31/03/2025;7494;GRUPODESA FASTENERS, S.A.U.;73,98;15,54;73,98
;22513431;01/04/2025;7494;GRUPODESA FASTENERS, S.A.U.;122,68;25,76;122,68
;22514200;07/04/2025;7494;GRUPODESA FASTENERS, S.A.U.;242,72;50,97;242,72
;225200060;06/02/2025;16340;MARAZZI IBERIA, S.A.U.;-202,23;-42,47;-202,23
;22521321;28/05/2025;7494;GRUPODESA FASTENERS, S.A.U.;869,42;182,58;869,42
;22525770;25/06/2025;7494;GRUPODESA FASTENERS, S.A.U.;325,68;68,39;325,68
;22533250;20/08/2025;7494;GRUPODESA FASTENERS, S.A.U.;148,61;31,21;148,61
;22533600;25/08/2025;7494;GRUPODESA FASTENERS, S.A.U.;224,84;47,22;224,84
;22534532;01/09/2025;7494;GRUPODESA FASTENERS, S.A.U.;427,76;89,83;427,76
;22551734;31/12/2025;7494;GRUPODESA FASTENERS, S.A.U.;51,8;10,88;51,8
;2269;10/10/2025;13947;BALUE JUSTO ADVOCATS, S.L.;685;143,85;685
;3911314375;14/01/2025;2305;WEBER CEMARKSA,S.A.U.;156,34;32,83;156,34
;395;30/01/2025;484;SOBIME, S.A.;471,48;99,01;471,48
;404359;30/09/2025;5995;MATERIALES Y DISE?OS, S.A.;508,74;106,84;508,74
;404482;03/10/2025;5995;MATERIALES Y DISE?OS, S.A.;311,52;65,42;311,52
;412898;30/04/2025;3013;PUJOL ELEMENTS, S.A.;573,34;120,4;573,34
;413349;15/05/2025;3013;PUJOL ELEMENTS, S.A.;-172,25;-36,17;-172,25
;413350;15/05/2025;3013;PUJOL ELEMENTS, S.A.;177,65;37,31;177,65
;413562;31/03/2025;5140;PREFABRICADOS PUJOL, S.A.;-385,3;-80,91;-385,3
;414127;30/01/2025;8184;ALYCO TOOLS, SA;164,53;34,55;164,53
;414689;29/04/2025;5140;PREFABRICADOS PUJOL, S.A.;6756,6;1418,89;6756,6
;414965;06/02/2025;8184;ALYCO TOOLS, SA;124,71;26,19;124,71
;415350;15/05/2025;5140;PREFABRICADOS PUJOL, S.A.;1060,2;222,64;1060,2
;415581;13/02/2025;8184;ALYCO TOOLS, SA;122,62;25,75;122,62
;415814;13/02/2025;8184;ALYCO TOOLS, SA;139,26;29,24;139,26
;417313;26/02/2025;8184;ALYCO TOOLS, SA;112,02;23,52;112,02
;419261;30/07/2025;5140;PREFABRICADOS PUJOL, S.A.;820,35;172,27;820,35
;419262;30/07/2025;5140;PREFABRICADOS PUJOL, S.A.;1824,24;383,09;1824,24
;420000;29/08/2025;5140;PREFABRICADOS PUJOL, S.A.;691,25;145,16;691,25
;420843;26/03/2025;8184;ALYCO TOOLS, SA;119,66;25,13;119,66
;422235;14/10/2025;5140;PREFABRICADOS PUJOL, S.A.;123,62;25,96;123,62
;422515;15/10/2025;5140;PREFABRICADOS PUJOL, S.A.;361,2;75,85;361,2
;424034;22/04/2025;8184;ALYCO TOOLS, SA;103,64;21,76;103,64
;424927;29/04/2025;8184;ALYCO TOOLS, SA;127;26,67;127
;425139;27/11/2025;5140;PREFABRICADOS PUJOL, S.A.;185,4;38,93;185,4
;425871;12/05/2025;8184;ALYCO TOOLS, SA;160,96;33,8;160,96
;428712;29/05/2025;8184;ALYCO TOOLS, SA;143,01;30,03;143,01
;429251;30/05/2025;8184;ALYCO TOOLS, SA;112,38;23,6;112,38
;430626;12/06/2025;8184;ALYCO TOOLS, SA;110,88;23,28;110,88
;432300;27/06/2025;8184;ALYCO TOOLS, SA;114,85;24,12;114,85
;437390;08/08/2025;8184;ALYCO TOOLS, SA;130;27,3;130
;440904;17/09/2025;8184;ALYCO TOOLS, SA;335,35;70,42;335,35
;4425107012;24/10/2025;2737;PORCELANOSA BATIMAT, S.A.;849,6;178,42;849,6
;4425108679;26/12/2025;2737;PORCELANOSA BATIMAT, S.A.;303,67;63,77;303,67
;448222;12/11/2025;8184;ALYCO TOOLS, SA;173,03;36,34;173,03
;449328;20/11/2025;8184;ALYCO TOOLS, SA;187,74;39,43;187,74
;70;20/05/2025;10484;SOBIME, S.A.;-513,8;-107,9;-513,8
;7002509628;31/05/2025;5842;ASCABLE RECAEL, S.A.;1529;321,09;1529
;701045040;15/01/2025;20183;LEDVANCE LIGHTING, S.A.U.;344,24;72,29;344,24
;710004;30/04/2025;761;DUSCHOLUX IBERICA, S.A.;322,81;67,79;322,81
;7125000640;21/01/2025;4634;CIFRE CERAMICA, S.L.;56,91;11,95;56,91
;7125000853;27/01/2025;4634;CIFRE CERAMICA, S.L.;731,9;153,7;731,9
;7125000949;29/01/2025;4634;CIFRE CERAMICA, S.L.;361,22;75,86;361,22
;7125001644;14/02/2025;4634;CIFRE CERAMICA, S.L.;5302,6;1113,55;5302,6
;7125001958;21/02/2025;4634;CIFRE CERAMICA, S.L.;261,06;54,82;261,06
;7125002447;05/03/2025;4634;CIFRE CERAMICA, S.L.;282,58;59,34;282,58
;7125002705;12/03/2025;4634;CIFRE CERAMICA, S.L.;879,84;184,77;879,84
;7125002706;12/03/2025;4634;CIFRE CERAMICA, S.L.;177,06;37,18;177,06
;7125003084;21/03/2025;4634;CIFRE CERAMICA, S.L.;70,11;14,72;70,11
;7125004517;29/04/2025;4634;CIFRE CERAMICA, S.L.;407,93;85,67;407,93
;7125005088;13/05/2025;4634;CIFRE CERAMICA, S.L.;217,96;45,77;217,96
;7125005264;16/05/2025;4634;CIFRE CERAMICA, S.L.;71,8;15,08;71,8
;7125005327;19/05/2025;4634;CIFRE CERAMICA, S.L.;36,34;7,63;36,34
;7125006420;11/06/2025;4634;CIFRE CERAMICA, S.L.;366,84;77,04;366,84
;7125006503;12/06/2025;4634;CIFRE CERAMICA, S.L.;378,31;79,45;378,31
;7125006563;13/06/2025;4634;CIFRE CERAMICA, S.L.;417,87;87,75;417,87
;7125007012;25/06/2025;4634;CIFRE CERAMICA, S.L.;276,3;58,02;276,3
;7125007085;26/06/2025;4634;CIFRE CERAMICA, S.L.;146,49;30,76;146,49
;7125007131;27/06/2025;4634;CIFRE CERAMICA, S.L.;198,04;41,59;198,04
;7125007379;03/07/2025;4634;CIFRE CERAMICA, S.L.;312,48;65,62;312,48
;7125009186;26/08/2025;4634;CIFRE CERAMICA, S.L.;159;33,39;159
;7125010290;26/09/2025;4634;CIFRE CERAMICA, S.L.;2746,47;576,76;2746,47
;7125010956;15/10/2025;4634;CIFRE CERAMICA, S.L.;84;17,64;84
;7125011835;06/11/2025;4634;CIFRE CERAMICA, S.L.;173,45;36,42;173,45
;7125012282;18/11/2025;4634;CIFRE CERAMICA, S.L.;1070,4;224,78;1070,4
;7125012605;26/11/2025;4634;CIFRE CERAMICA, S.L.;75,46;15,85;75,46
;7125012868;02/12/2025;4634;CIFRE CERAMICA, S.L.;57,19;12,01;57,19
;7125012986;04/12/2025;4634;CIFRE CERAMICA, S.L.;410,3;86,16;410,3
;7125013241;12/12/2025;4634;CIFRE CERAMICA, S.L.;135,62;28,48;135,62
;7251214145;20/03/2025;10275;PIXARTPRINTING, SRL;259;54,39;259
;7325000981;31/12/2025;4634;CIFRE CERAMICA, S.L.;-243,9;-51,22;-243,9
;7452/25;26/02/2025;13989;NAU ARAN, S.C.P.;160;33,6;160
;7491;08/02/2025;6139;SALTOKI LLEIDA, S.A.;76,97;16,16;76,97
;7569;17/12/2025;2747;SAURMIDECOR S.L;8,63;1,81;8,63
;7600202040;15/05/2025;192;PROMOTORA MEDITERRANEA-2, S.A.;1795,5;377,06;1795,5
;7600205497;30/06/2025;192;PROMOTORA MEDITERRANEA-2, S.A.;1795,5;377,06;1795,5
;7600206411;15/07/2025;192;PROMOTORA MEDITERRANEA-2, S.A.;1795,5;377,06;1795,5
;7618;04/08/2025;13989;NAU ARAN, S.C.P.;360;75,6;360
;7H50126814;01/03/2025;18474;TELEFONICA DE ESPAÑA, S.A.;534,55;112,26;534,55
;7H60126454;01/04/2025;18474;TELEFONICA DE ESPAÑA, S.A.;389,33;81,76;389,33
;7H70126531;01/05/2025;18474;TELEFONICA DE ESPAÑA, S.A.;445,17;93,48;445,17
;7H90118664;01/07/2025;18474;TELEFONICA DE ESPAÑA, S.A.;362,45;76,12;362,45
;7J00157590;17/10/2025;18474;TELEFONICA DE ESPA?A, S.A.;445,16;93,48;445,16
;7JN0156605;18/09/2025;18474;TELEFONICA DE ESPA?A, S.A.;445,31;93,52;445,31
;7JQ0158716;19/12/2025;18474;TELEFONICA DE ESPA?A, S.A.;448,58;94,2;448,58
;801018;10/03/2025;5574;BRIKTE, S.L.;43,86;9,21;43,86
;801617;15/04/2025;5574;BRIKTE, S.L.;672,03;141,13;672,03
;801914;10/05/2025;5574;BRIKTE, S.L.;625,49;131,35;625,49
;802438;05/06/2025;5574;BRIKTE, S.L.;1329,49;279,19;1329,49
;803771;15/09/2025;5574;BRIKTE, S.L.;1517,04;318,58;1517,04
;805160;20/12/2025;5574;BRIKTE, S.L.;1049,16;220,32;1049,16
;8118121254;30/06/2025;843;GRES DE ARAGON, S.A.;1145,48;240,55;1145,48
;8190229470;14/11/2025;2886;BEISSIER,S.A.U.;378,11;79,4;378,11
;9500371702;14/01/2025;9619;SIMON BRICO S.L;216,07;45,37;216,07
;9500374960;03/03/2025;9619;SIMON BRICO S.L;179,25;37,64;179,25
;9500374961;03/03/2025;9619;SIMON BRICO S.L;1858,99;390,39;1858,99
;9500378553;23/04/2025;9619;SIMON BRICO S.L;45,25;9,5;45,25
;9500379429;07/05/2025;9619;SIMON BRICO S.L;509,5;107;509,5
;9500382352;12/06/2025;9619;SIMON BRICO S.L;460,5;96,71;460,5
;9500385408;23/07/2025;9619;SIMON BRICO S.L;31,08;6,53;31,08
;9500389148;24/09/2025;9619;SIMON BRICO S.L;30,6;6,43;30,6
;9500390797;17/10/2025;9619;SIMON BRICO S.L;4574,08;960,56;4574,08
;9500392256;10/11/2025;9619;SIMON BRICO S.L;37,26;7,82;37,26
;9500393560;28/11/2025;9619;SIMON BRICO S.L;488,82;102,65;488,82
;9500394483;12/12/2025;9619;SIMON BRICO S.L;578;121,38;578
;9500440219;17/11/2025;835;MEDICLINICS, S.A.;12;2,52;121,2
;9506038636;30/06/2025;6414;ISOLANA AISLAMIENTOS, S.L.;598,07;125,59;598,07
;9506043121;30/11/2025;9288;CIA ESPAÑOLA DE AISLAMIENTOS, S.A.;1403,37;294,71;1403,37
;9506046051;31/07/2025;6414;ISOLANA AISLAMIENTOS, S.L.;525;110,25;525
;95-2025/81;09/01/2025;1681;FC INTERIORS, SRL;1327;278,67;1327
;9810124603;27/02/2025;5419;CUPA STONE IBERIA, S.L.;726,97;152,66;726,97
;9810127491;16/04/2025;5419;CUPA STONE IBERIA, S.L.;60,38;12,68;60,38
;9816610865;11/03/2025;990;STANLEY BLACK & DECKER IBERICA SLU;241,82;50,78;241,82
;9816648340;03/07/2025;990;STANLEY BLACK & DECKER IBERICA SLU;28,56;6;28,56
;9900499643;20/01/2025;5890;TRES COMERCIAL, S.L.;53,76;11,29;53,76
;9900519758;03/06/2025;5890;TRES COMERCIAL, S.L.;329,28;69,15;329,28
;9900521552;16/06/2025;5890;TRES COMERCIAL, S.L.;141,12;29,64;141,12
;9900521791;17/06/2025;5890;TRES COMERCIAL, S.L.;265,92;55,84;265,92
;9900522183;19/06/2025;5890;TRES COMERCIAL, S.L.;216;45,36;216
;254864;15/08/2025;4256;MECANO CAMP, S.A.;402,8;84,59;402,8
;2550000011;09/01/2025;14708;BIGMAT LOGISTICA, S.A.;1274,83;267,71;1274,83
;2550002622;06/05/2025;14708;BIGMAT LOGISTICA, S.A.;500;105;500
;2550003465;02/07/2025;14708;BIGMAT LOGISTICA, S.A.;787,28;165,33;787,28
;255012;20/08/2025;4256;MECANO CAMP, S.A.;2,71;0,57;2,71
;256016313;19/06/2025;2748;GME DIVISION DE BAÑOS SL;196,22;41,21;196,22
;256016360;20/06/2025;2748;GME DIVISION DE BAÑOS SL;25,45;5,34;25,45
;256016385;20/06/2025;2748;GME DIVISION DE BAÑOS SL;66,35;13,93;66,35
;256035344;15/12/2025;2748;GME DIVISION DE BA?OS SL;14,4;3,02;14,4
;256449;25/09/2025;4402;INDUSTRIAL BLANSOL, SA;691,24;145,16;691,24
;25686343;21/01/2025;7455;GRESPANIA, S.A.;367,02;77,07;367,02
;25691331;18/03/2025;7455;GRESPANIA, S.A.;154,58;32,46;154,58
;25696602;20/05/2025;7455;GRESPANIA, S.A.;244,49;51,34;244,49
;25697286;27/05/2025;7455;GRESPANIA, S.A.;999,34;209,86;999,34
;25702474;24/07/2025;7455;GRESPANIA, S.A.;40,75;8,56;40,75
;25-800729;25/03/2025;19813;BIGMAT IBERIA, S.A.;1080,31;226,87;1080,31
;25-801402;25/06/2025;19813;BIGMAT IBERIA, S.A.;1080,31;226,87;1080,31
;25-801627;24/07/2025;19813;BIGMAT IBERIA, S.A.;1080,31;226,87;1080,31
;25-8300002;24/02/2025;14708;BIGMAT LOGISTICA, S.A.;-1436,59;-301,68;-1436,59
;258300004;25/03/2025;14708;BIGMAT LOGISTICA, S.A.;-8802,9;-1848,61;-8802,9
;25-8300010;25/09/2025;14708;BIGMAT LOGISTICA, S.A.;-7591,63;-1594,24;-7591,63
;25-830003;26/03/2025;19813;BIGMAT IBERIA, S.A.;-1269,98;-266,7;-1269,98
;25830004;25/09/2025;19813;BIGMAT IBERIA, S.A.;-288,23;-60,53;-288,23
;25-830004;25/09/2025;19813;BIGMAT IBERIA, S.A.;288,23;60,53;288,23
;2583006022;01/06/2025;12667;AYVENS SPAIN MOVILITY SOLUTIONS, SAU;492,86;103,5;492,86
;2583006995;06/05/2025;12667;AYVENS SPAIN MOVILITY SOLUTIONS, SAU;492,86;103,5;492,86
;25991;12/08/2025;10071;ARANOIL 2006, S.L.;475,54;99,86;475,54
;25A/121;10/02/2025;14293;VIELHA COMPUTER,SCP;90;18,9;90
;25A10230;17/11/2025;8397;MAINZU,S.L.;561,88;117,99;561,88
;25BC84001;08/09/2025;14708;BIGMAT LOGISTICA, S.A.;-8833,55;-1855,05;-8833,55
;25F0300196;02/04/2025;2162;INDUSTRIAS DEL CEMENTO AGLOMERADO, SL;2821,64;592,54;2821,64
;25F0600246;03/07/2025;2162;INDUSTRIAS DEL CEMENTO AGLOMERADO, SL;2051,32;430,78;2051,32
;25FC003489;04/02/2025;5495;IBERMAPEI, S.A.;1032,58;216,84;1032,58
;25FC007797;13/03/2025;5495;IBERMAPEI, S.A.;1230,2;258,34;1230,2
;25FC010223;02/04/2025;5495;IBERMAPEI, S.A.;296,54;62,28;296,54
;25FC010632;07/04/2025;5495;IBERMAPEI, S.A.;318,39;66,86;318,39
;25FC010651;07/04/2025;5495;IBERMAPEI, S.A.;144,76;30,4;144,76
;25FC012410;24/04/2025;5495;IBERMAPEI, S.A.;63,88;13,41;63,88
;25FC015912;23/05/2025;5495;IBERMAPEI, S.A.;2082;437,22;2082
;25FC017247;02/06/2025;5495;IBERMAPEI, S.A.;59,41;12,48;59,41
;25FC022865;16/07/2025;5495;IBERMAPEI, S.A.;235,71;49,5;235,71
;25FC023561;22/07/2025;5495;IBERMAPEI, S.A.;352,28;73,98;352,28
;25FC023971;24/07/2025;5495;IBERMAPEI, S.A.;112,24;23,57;112,24
;25FC024733;31/07/2025;5495;IBERMAPEI, S.A.;43,89;9,22;43,89
;25FC026044;13/08/2025;5495;IBERMAPEI, S.A.;65;13,65;65
;25FC030408;30/09/2025;5495;IBERMAPEI, S.A.;1070,54;224,81;1070,54
;25FC034218;03/11/2025;5495;IBERMAPEI, S.A.;1636,8;343,73;1636,8
;25FC036841;26/11/2025;5495;IBERMAPEI, S.A.;1054,24;221,39;1054,24
;25FC037263;28/11/2025;5495;IBERMAPEI, S.A.;104;21,84;104
;25FC038440;12/12/2025;5495;IBERMAPEI, S.A.;243,39;51,12;243,39
;25FCO28872;15/09/2025;5495;IBERMAPEI, S.A.;63,41;13,32;63,41
;25FCO29049;17/09/2025;5495;IBERMAPEI, S.A.;148,16;31,11;148,16
;25FCO29095;17/09/2025;5495;IBERMAPEI, S.A.;1280,34;268,87;1280,34
;25FV02513;25/02/2025;4641;SCHLÜTER-SYSTEMS S.L.;173,18;36,37;173,18
;25FV02935;05/03/2025;4641;SCHLÜTER-SYSTEMS S.L.;864,01;181,44;864,01
;25FV03373;14/03/2025;4641;SCHLÜTER-SYSTEMS S.L.;1541,97;323,81;1541,97
;25FV04696;10/04/2025;4641;SCHLÜTER-SYSTEMS S.L.;17,74;3,73;17,74
;25FV05740;07/05/2025;4641;SCHLÜTER-SYSTEMS S.L.;232,14;48,75;232,14
;25FV07514;11/06/2025;4641;SCHLÜTER-SYSTEMS S.L.;517,06;108,58;517,06
;25FV11927;29/09/2025;4641;SCHL?TER-SYSTEMS S.L.;4,52;0,95;4,52
;25FV12089;01/10/2025;4641;SCHL?TER-SYSTEMS S.L.;596,59;125,28;596,59
;25FV13193;27/10/2025;4641;SCHL?TER-SYSTEMS S.L.;1358,94;285,38;1358,94
;25FV15104;05/12/2025;4641;SCHL?TER-SYSTEMS S.L.;804,73;168,99;804,73
;25FV15485;16/12/2025;4641;SCHL?TER-SYSTEMS S.L.;991,84;208,29;991,84
;25FVR05396;17/10/2025;6564;LAPESA GRUPO EMPRESARIAL, S.L.;847,36;177,95;847,36
;25RR000858;14/11/2025;5495;IBERMAPEI, S.A.;-39,05;-8,2;-39,05
;26/11/2025;26/11/2025;9813;BIGMAT IBERIA, S.A.;97,52;20,48;97,52
;260256;16/12/2025;4256;MECANO CAMP, S.A.;1336,4;280,64;1336,4
;264041225;04/12/2025;10013;BANCO SANTANDER, S.A.;17,29;3,63;17,29
;2682;15/05/2025;2747;SAURMIDECOR S.L;130,24;27,35;130,24
;27/10/2025;13/11/2025;2748;GME DIVISION DE BA?OS SL;547,75;115,03;547,75
;27/10/2025;27/10/2025;2905;OBREROL, S.A.;-103,34;-21,7;-103,34
;277734;31/08/2025;629;ROAR, S.A.;932,9;195,91;932,9
;28/04/2025;20/10/2025;4970;GRANITOS LEON, C.B.;3530;741,3;3530
;280031;07/01/2025;5358;I&E FOREST PANELS, S.L.;1435,86;301,53;1435,86
;281262;08/05/2025;5358;I&E FOREST PANELS, S.L.;2500,66;525,14;2500,66
;281352;19/05/2025;5358;I&E FOREST PANELS, S.L.;449,91;94,48;449,91
;281541;09/06/2025;5358;I&E FOREST PANELS, S.L.;95,16;19,98;95,16
;281656;19/06/2025;5358;I&E FOREST PANELS, S.L.;6629,11;1392,11;6629,11
;2500196;15/05/2025;18317;LLEIDA MANUTENCIO, S.L.;1521,14;319,44;1521,14
;2501106;31/12/2025;10070;ROSICH MOTORS, S.L.;5000;1050;5000
;254;31/07/2025;12060;RADIO SYSTEMS EQUIP.ELECTRONICOS S.L.;873;183,33;873
;1275;27/01/2025;6145;PERFUM&BEAUTY INNOVA, SL;287,57;60,39;287,57
;1572538;04/04/2025;6472;DAKE FREGADEROS,S.L.U.;137,4;28,85;137,4
;1576134;13/06/2025;6472;DAKE FREGADEROS,S.L.U.;237,6;49,9;237,6
;1579173;20/08/2025;6472;DAKE FREGADEROS,S.L.U.;1179;247,59;1179
;1583202;13/11/2025;6472;DAKE FREGADEROS,S.L.U.;180;37,8;180
;1732;12/06/2025;846;SODITEC SPAIN CAUCHO Y PVC, SL;585;122,85;585
;2222362;19/06/2025;5693;SAS DELTA PLUS;370,64;77,83;370,64
;2247251;25/11/2025;5693;SAS DELTA PLUS;260,79;54,77;260,79
;2251132;16/12/2025;5693;SAS DELTA PLUS;292,88;61,5;292,88
;1365;25/03/2025;484;SOBIME, S.A.;342,11;71,84;342,11
;13713;21/11/2025;3594;FM CALEFACCI?N, S.L.;1183,68;248,57;1183,68
;14/12/2025;04/12/2025;3553;VICAL HOME S.L.;74,62;15,67;74,62
;1834250630;30/06/2025;10013;BANCO SANTANDER, S.A.;8,21;1,72;8,21
;185963;31/08/2025;8755;TEJALA, S.A.;257,14;54;257,14
;19/25;16/01/2025;14828;JOSE ANTONIO PUEYO CALIZ;74,38;15,62;74,38
;210769762;21/08/2025;472;BOLTZE GRUPPE GmbH;892,98;187,53;892,98
;210781984;18/09/2025;472;BOLTZE GRUPPE GmbH;602,88;126,6;602,88
;210781985;18/09/2025;472;BOLTZE GRUPPE GmbH;320,16;67,23;320,16
;2125;12/09/2025;13947;BALUE JUSTO ADVOCATS, S.L.;110;23,1;110
;2146;12/09/2025;13947;BALUE JUSTO ADVOCATS, S.L.;100;21;100
;24-024468;29/01/2025;841;SOC.ANON.SERVEI I COMERÇ ELECTRODOMESTIC;1709,27;358,95;1709,27
;24130590;26/02/2025;7048;MAKITA, S.A.;639,37;134,27;639,37
;2489;29/05/2025;484;SOBIME, S.A.;688,62;144,61;688,62
;25.008.276;31/08/2025;12527;CAJEBEL, S.L.;197,97;41,57;197,97
;25/033;31/12/2025;13173;FERNANDO Y ALONSO, S.A.;1300;273;1300
;25/040297;03/03/2025;15191;NABALIA ENERGIA 2000, SA;68,24;14,33;68,24
;25/055056;19/03/2025;15191;NABALIA ENERGIA 2000, SA;258,9;54,37;258,9
;25/055060;19/03/2025;15191;NABALIA ENERGIA 2000, SA;53,32;11,2;53,32
;25/1111;15/07/2025;920;COIMPE SUMINISTROS, S.L.;134,3;28,2;134,3
;25/1547;10/07/2025;13947;BALUE JUSTO ADVOCATS, S.L.;840;176,4;840
;25/16;17/01/2025;6277;MARMOLES ROYES, S.C.;3118,5;654,89;3118,5
;25/183;30/05/2025;920;COIMPE SUMINISTROS, S.L.;80,41;16,89;80,41
;25/302;04/07/2025;6277;MARMOLES ROYES, S.C.;2071,5;435,02;2071,5
;25/3111;16/10/2025;3232;PRODUCTOS GOL, SL;640;134,4;640
;25/421;29/09/2025;6277;MARMOLES ROYES, S.C.;856,5;179,87;856,5
;25/422;29/09/2025;6277;MARMOLES ROYES, S.C.;1188;249,48;1188
;25/T108;31/01/2025;12258;AUTO BALAGUER, SL;1690;354,9;1690
;250.695;31/01/2025;4402;INDUSTRIAL BLANSOL, SA;761;159,81;761
;2500000166;02/01/2025;4813;EHLIS, S.A.;504,99;106,05;504,99
;250000191;03/01/2025;2748;GME DIVISION DE BAÑOS SL;108,17;22,72;108,17
;2500002222;30/04/2025;6004;MORTERO BENSEC SL;1804;378,84;1804
;2500002378;26/01/2025;18590;ACUMBAMAIL S.L.;54,55;11,45;54,55
;2500003207;15/06/2025;6004;MORTERO BENSEC SL;2686;564,06;2686
;2500003325;09/01/2025;4813;EHLIS, S.A.;415,07;87,16;415,07
;2500003404;25/04/2025;1167;BAÑOS 10, S.L.;172;36,12;172
;2500004494;31/08/2025;6004;MORTERO BENSEC SL;3788,48;795,58;3788,48
;25000059;14/01/2025;2142;IMCOINSA 1985, S.L.;108,76;22,84;108,76
;2500007063;14/01/2025;4813;EHLIS, S.A.;345,63;72,58;345,63
;2500007456;14/01/2025;4813;EHLIS, S.A.;2363,27;496,29;2363,27
;2500009386;27/03/2025;18590;ACUMBAMAIL S.L.;54,55;11,45;54,55
;2500011;02/01/2025;3954;BATHCO;268,99;56,49;268,99
;2500012050;17/01/2025;4813;EHLIS, S.A.;276,51;58,07;276,51
;2500012613;17/01/2025;4813;EHLIS, S.A.;409,58;86,01;409,58
;2500019549;24/01/2025;4813;EHLIS, S.A.;471,89;99,1;471,89
;2500023980;29/01/2025;4813;EHLIS, S.A.;406,74;85,42;406,74
;2500024916;29/01/2025;4813;EHLIS, S.A.;312,74;65,68;312,74
;2500025385;29/01/2025;4813;EHLIS, S.A.;84,25;17,69;84,25
;2500026971;31/01/2025;4813;EHLIS, S.A.;121,12;25,44;121,12
;2500031440;31/01/2025;14813;EHLIS, S.A.;945,5;198,56;945,5
;2500-03193;14/11/2025;9885;ANGEL RUIZ IBA?EZ, S.A.;1037,25;217,82;1037,25
;25-0003216;06/02/2025;3441;ALFA DYSER, S.L.;-59,11;-12,41;-59,11
;2500032902;04/02/2025;4813;EHLIS, S.A.;474,84;99,72;474,84
;2500033869;22/11/2025;18590;ACUMBAMAIL S.L.;65,29;13,71;65,29
;2500034996;05/02/2025;4813;EHLIS, S.A.;57,55;12,09;57,55
;2500042352;13/02/2025;4813;EHLIS, S.A.;15,6;3,28;15,6
;25000438;14/05/2025;964;MCF HIDRO LIGHTNING S.L.;1268,56;266,4;1268,56
;25000439;28/01/2025;2142;IMCOINSA 1985, S.L.;194,27;40,8;194,27
;25000444;28/01/2025;2142;IMCOINSA 1985, S.L.;0,54;0,11;0,54
;2500046697;18/02/2025;4813;EHLIS, S.A.;506;106,26;506
;250004884;31/01/2025;2748;GME DIVISION DE BAÑOS SL;232,14;48,75;232,14
;2500049831;20/02/2025;4813;EHLIS, S.A.;273,73;57,48;273,73
;2500053;08/01/2025;5946;GERMANS ALEGRET, S.L.;93,76;19,69;93,76
;2500060424;27/02/2025;4813;EHLIS, S.A.;314,32;66,01;314,32
;2500060489;27/02/2025;4813;EHLIS, S.A.;71,84;15,09;71,84
;2500061183;27/02/2025;4813;EHLIS, S.A.;4;0,84;4
;25-000643;31/01/2025;536;HIDRO LLEIDA S.A.;357,36;75,05;357,36
;250006692;11/02/2025;2748;GME DIVISION DE BAÑOS SL;103,2;21,67;103,2
;25000686;24/07/2025;964;MCF HIDRO LIGHTNING S.L.;658,36;138,26;658,36
;250007404;31/08/2025;13487;SIEF-2, S.L.;636,8;133,73;636,8
;250007713;14/10/2025;9091;CERAMICA LA ESCANDELLA, S.A.;2213,28;464,79;2213,28
;25000785;20/03/2025;6672;FALMEC IBERIA, SL;15;3,15;15
;2500078507;06/03/2025;4813;EHLIS, S.A.;14,19;2,98;14,19
;2500082730;10/03/2025;4813;EHLIS, S.A.;48,88;10,26;48,88
;25-0008393;31/01/2025;3441;ALFA DYSER, S.L.;10099,46;2120,89;10099,46
;2500084316;11/03/2025;4813;EHLIS, S.A.;328,11;68,9;328,11
;2500084377;11/03/2025;4813;EHLIS, S.A.;399,51;83,9;399,51
;2500089880;14/03/2025;4813;EHLIS, S.A.;140,1;29,42;140,1
;25000912;17/02/2025;7243;BOSCH MARIN, S.L.;199,86;41,97;199,86
;2500091923;17/01/2025;11444;APPLUS ITEUVE TECHNOLOGY, S.L.;41,98;8,82;46,16
;2500095022;18/03/2025;4813;EHLIS, S.A.;95;19,95;95
;25000958-N;13/11/2025;8323;MAPINI MALLORCA, S.L.;1776,06;372,97;1776,06
;2500097278;19/03/2025;4813;EHLIS, S.A.;11,4;2,39;11,4
;250010200;03/03/2025;2748;GME DIVISION DE BAÑOS SL;254,25;53,39;254,25
;25001060;25/11/2025;964;MCF HIDRO LIGHTNING S.L.;408,95;85,88;408,95
;2500106617;25/03/2025;4813;EHLIS, S.A.;317,91;66,76;317,91
;2500108986;27/03/2025;4813;EHLIS, S.A.;426,93;89,66;426,93
;2500111953;28/03/2025;14813;EHLIS, S.A.;-1233,8;-259,1;-1233,8
;25001140;16/12/2025;964;MCF HIDRO LIGHTNING S.L.;347,26;72,92;347,26
;2500115044;31/03/2025;14813;EHLIS, S.A.;-694;-145,74;-694
;250011748;12/03/2025;2748;GME DIVISION DE BAÑOS SL;213,35;44,8;213,35
;2500123878;04/04/2025;4813;EHLIS, S.A.;148,91;31,27;148,91
;250012658;17/03/2025;2748;GME DIVISION DE BAÑOS SL;105,41;22,14;105,41
;25-001315;30/06/2025;1460;AFFINI BATH, SL;1001,52;210,32;1001,52
;2500132713;10/04/2025;4813;EHLIS, S.A.;467,5;98,18;467,5
;2500136956;15/04/2025;4813;EHLIS, S.A.;519,6;109,12;519,6
;250013713;24/03/2025;2748;GME DIVISION DE BAÑOS SL;208,93;43,88;208,93
;2500139246;16/04/2025;4813;EHLIS, S.A.;213,18;44,77;213,18
;2500140306;16/04/2025;4813;EHLIS, S.A.;4,06;0,85;4,06
;2500140697;17/04/2025;4813;EHLIS, S.A.;353,41;74,22;353,41
;2500141020;17/04/2025;4813;EHLIS, S.A.;284;59,64;284
;2500142058;22/04/2025;4813;EHLIS, S.A.;924,07;194,05;924,07
;2500145030;23/04/2025;4813;EHLIS, S.A.;370,69;77,84;370,69
;25-001453;21/07/2025;1460;AFFINI BATH, SL;770,64;161,83;770,64
;250015627;02/04/2025;2748;GME DIVISION DE BAÑOS SL;269,17;56,53;269,17
;25-001617;26/02/2025;841;SOC.ANON.SERVEI I COMERÇ ELECTRODOMESTIC;3398,45;713,67;3410,3
;250016712;08/04/2025;2748;GME DIVISION DE BAÑOS SL;350,42;73,59;350,42
;2500171962;16/05/2025;4813;EHLIS, S.A.;370,66;77,84;370,66
;2500172002;16/05/2025;4813;EHLIS, S.A.;86,6;18,19;86,6
;2500178621;21/05/2025;4813;EHLIS, S.A.;268,32;56,35;268,32
;2500180496;22/05/2025;4813;EHLIS, S.A.;487,75;102,43;487,75
;25001864;15/04/2025;1034;OTM SISTEMAS CONSTRUCTIVOS, S.L.U.;235,92;49,54;235,92
;2500188330;29/05/2025;4813;EHLIS, S.A.;206,87;43,44;206,87
;2500188572;29/05/2025;4813;EHLIS, S.A.;425,41;89,34;425,41
;25-001902;13/10/2025;1460;AFFINI BATH, SL;1313,56;275,85;1313,56
;2500198582;04/06/2025;4813;EHLIS, S.A.;272,08;57,14;272,08
;2500199538;04/06/2025;4813;EHLIS, S.A.;1572,24;330,17;1572,24
;250020445;05/05/2025;2748;GME DIVISION DE BAÑOS SL;283,55;59,55;283,55
;250020494;06/05/2025;2748;GME DIVISION DE BAÑOS SL;61,38;12,89;61,38
;25-002052;05/03/2025;841;SOC.ANON.SERVEI I COMERÇ ELECTRODOMESTIC;1825,45;383,34;1825,45
;2500205909;10/06/2025;4813;EHLIS, S.A.;860,25;180,65;860,25
;2500206992;11/06/2025;4813;EHLIS, S.A.;62,39;13,1;62,39
;2500207805;11/06/2025;4813;EHLIS, S.A.;287,03;60,28;287,03
;25002110;26/05/2025;4450;VALENPLAS, S.L.;297,18;62,41;297,18
;25-002115;28/02/2025;536;HIDRO LLEIDA S.A.;2282,81;479,39;2282,81
;250021567;12/05/2025;2748;GME DIVISION DE BAÑOS SL;114,41;24,03;114,41
;2500218668;19/06/2025;4813;EHLIS, S.A.;433,27;90,99;433,27
;2500221987;23/06/2025;4813;EHLIS, S.A.;521,57;109,53;521,57
;2500222302;23/06/2025;4813;EHLIS, S.A.;171,55;36,03;171,55
;250023071;20/05/2025;2748;GME DIVISION DE BAÑOS SL;258,67;54,32;258,67
;2500232074;30/06/2025;4813;EHLIS, S.A.;330,8;69,47;330,8
;25002373;15/05/2025;1034;OTM SISTEMAS CONSTRUCTIVOS, S.L.U.;143,34;30,1;143,34
;2500237664;02/07/2025;4813;EHLIS, S.A.;1102,64;231,55;1102,64
;250024381;27/05/2025;2748;GME DIVISION DE BAÑOS SL;158,08;33,2;158,08
;2500244002;01/07/2025;14813;EHLIS, S.A.;945,5;198,56;945,5
;250025259;30/05/2025;2748;GME DIVISION DE BAÑOS SL;162,5;34,13;162,5
;2500256469;16/07/2025;4813;EHLIS, S.A.;341,61;71,74;341,61
;2500259923;17/07/2025;4813;EHLIS, S.A.;132,3;27,78;132,3
;2500263449;21/07/2025;4813;EHLIS, S.A.;412,68;86,66;412,68
;2500267429;12/06/2025;15169;BANCO BILBAO VIZCAYA ARGENTARIA, S.A.;6;1,26;9,09
;25002699;07/11/2025;5299;CRISAL DECORACION E INTERIORISMO, S.L.;352;73,92;352
;2500269911;25/07/2025;4813;EHLIS, S.A.;197,5;41,48;197,5
;2500275724;31/07/2025;4813;EHLIS, S.A.;346,97;72,86;346,97
;2500276387;31/07/2025;4813;EHLIS, S.A.;81,81;17,18;81,81
;2500280980;04/08/2025;4813;EHLIS, S.A.;205,98;43,26;205,98
;250028645;19/06/2025;2748;GME DIVISION DE BAÑOS SL;143,15;30,06;143,15
;2500286641;08/08/2025;4813;EHLIS, S.A.;398,91;83,77;398,91
;2500289313;12/08/2025;4813;EHLIS, S.A.;165,88;34,83;165,88
;2500293622;20/08/2025;4813;EHLIS, S.A.;284,13;59,67;284,13
;2500294285;21/08/2025;4813;EHLIS, S.A.;341,7;71,76;341,7
;2500297944;27/08/2025;4813;EHLIS, S.A.;327,53;68,78;327,53
;2500303821;02/09/2025;4813;EHLIS, S.A.;-266,4;-55,94;-266,4
;250030597;02/07/2025;2748;GME DIVISION DE BAÑOS SL;159,74;33,55;159,74
;2500314071;12/09/2025;4813;EHLIS, S.A.;113,88;23,91;113,88
;250031832;09/07/2025;2748;GME DIVISION DE BAÑOS SL;228,27;47,94;228,27
;250031895;09/07/2025;2748;GME DIVISION DE BAÑOS SL;249,28;52,35;249,28
;2500320824;18/09/2025;4813;EHLIS, S.A.;339,16;71,22;339,16
;25003312;13/01/2025;14562;SISTEMAS DIGITALES CORPORATE, S.L.;358,68;75,32;358,68
;25003394;07/07/2025;1034;OTM SISTEMAS CONSTRUCTIVOS, S.L.U.;3267,74;686,23;3267,74
;2500340858;30/09/2025;4813;EHLIS, S.A.;571,88;120,09;571,88
;2500341530;30/09/2025;4813;EHLIS, S.A.;102,68;21,56;102,68
;2500354192;07/10/2025;4813;EHLIS, S.A.;253,28;53,19;253,28
;2500361266;13/10/2025;4813;EHLIS, S.A.;273,04;57,34;273,04
;2500376297;23/10/2025;4813;EHLIS, S.A.;459,6;96,52;459,6
;2500376522;23/10/2025;4813;EHLIS, S.A.;417,17;87,61;417,17
;250038;31/01/2025;18649;CHMC INSTALACION Y DISTRIBUCION, S.L.;-2,14;-0,45;-2,14
;2500381922;28/10/2025;4813;EHLIS, S.A.;393,72;82,68;393,72
;2500381923;28/10/2025;4813;EHLIS, S.A.;994,32;208,81;994,32
;2500384738;30/10/2025;4813;EHLIS, S.A.;287,7;60,42;287,7
;2500392478;04/11/2025;4813;EHLIS, S.A.;58,39;12,26;58,39
;2500394810;05/11/2025;4813;EHLIS, S.A.;661,25;138,86;661,25
;2500397543;07/11/2025;4813;EHLIS, S.A.;146,52;30,77;146,52
;2500398512;10/11/2025;4813;EHLIS, S.A.;127,37;26,75;127,37
;2500399940;10/11/2025;4813;EHLIS, S.A.;370,38;77,78;370,38
;2500404814;13/11/2025;4813;EHLIS, S.A.;256,86;53,94;256,86
;2500409750;17/11/2025;4813;EHLIS, S.A.;189,45;39,78;189,45
;25004112;29/07/2025;7243;BOSCH MARIN, S.L.;147,5;30,98;147,5
;2500413272;19/11/2025;4813;EHLIS, S.A.;415,29;87,21;415,29
;2500419960;25/11/2025;4813;EHLIS, S.A.;435,28;91,41;435,28
;2500430653;02/12/2025;4813;EHLIS, S.A.;362,26;76,07;362,26
;2500432212;02/12/2025;4813;EHLIS, S.A.;270,51;56,81;270,51
;2500434341;03/12/2025;4813;EHLIS, S.A.;49,55;10,41;49,55
;2500434855;04/12/2025;4813;EHLIS, S.A.;278,9;58,57;278,9
;2500435079;04/12/2025;4813;EHLIS, S.A.;286,57;60,18;286,57
;2500438634;09/12/2025;4813;EHLIS, S.A.;787,5;165,38;787,5
;2500439;31/12/2025;18877;TRENC MULTISERVEIS, S.L.;387,5;81,38;387,5
;25004398;03/04/2025;144;JMA ALEJANDRO ALTUNA, S.L.;148,91;31,27;148,91
;2500443507;12/12/2025;4813;EHLIS, S.A.;73,03;15,34;73,03
;2500448422;16/12/2025;4813;EHLIS, S.A.;126,81;26,63;126,81
;25-004486;09/04/2025;841;SOC.ANON.SERVEI I COMERÇ ELECTRODOMESTIC;630,57;132,42;630,57
;2500453404;19/12/2025;4813;EHLIS, S.A.;942,67;197,96;942,67
;2500455560;22/12/2025;4813;EHLIS, S.A.;-220;-46,2;-220
;2500456618;23/12/2025;4813;EHLIS, S.A.;313,15;65,76;313,15
;250045832;15/10/2025;2748;GME DIVISION DE BA?OS SL;212,8;44,69;212,8
;2500458838;29/12/2025;4813;EHLIS, S.A.;284,54;59,75;284,54
;2500460178;30/12/2025;4813;EHLIS, S.A.;215,96;45,35;215,96
;25004938;30/09/2025;1034;OTM SISTEMAS CONSTRUCTIVOS, S.L.U.;900;189;900
;25004975;25/09/2025;405;COBRES Y ALEACIONES PARA LA SOLDADURA,SA;2809,45;589,98;2809,45
;250050808;14/11/2025;2748;GME DIVISION DE BA?OS SL;361,48;75,91;361,48
;25005099;07/10/2025;1034;OTM SISTEMAS CONSTRUCTIVOS, S.L.U.;1828,69;384,02;1828,69
;250051235;18/11/2025;2748;GME DIVISION DE BA?OS SL;237,67;49,91;237,67
;25-005142;30/04/2025;536;HIDRO LLEIDA S.A.;7,86;1,65;7,86
;25005288;15/10/2025;1034;OTM SISTEMAS CONSTRUCTIVOS, S.L.U.;148,61;31,21;148,61
;25005405;30/09/2025;5453;BRUC JARDI, S.L.U.;175;36,75;175
;25-005414;23/04/2025;841;SOC.ANON.SERVEI I COMERÇ ELECTRODOMESTIC;636,66;133,7;636,66
;250055083;11/12/2025;2748;GME DIVISION DE BA?OS SL;151,45;31,8;151,45
;25-005891;30/04/2025;841;SOC.ANON.SERVEI I COMERÇ ELECTRODOMESTIC;2201,65;462,35;2250,49
;25-0061972;29/08/2025;3441;ALFA DYSER, S.L.;6174,07;1296,55;6174,07
;25006478;30/11/2025;5453;BRUC JARDI, S.L.U.;1075,76;225,91;1075,76
;2500671;06/03/2025;9588;DUCASA CLIMA, S.A.;205,53;43,16;205,53
;25006817;16/09/2025;2142;IMCOINSA 1985, S.L.;37,06;7,78;37,06
;25007333;28/12/2025;7243;BOSCH MARIN, S.L.;2920,39;613,28;2920,39
;25007760;07/04/2025;7676;FABRICACION DE MATERIAL ELECTRICO, S.A.;653,62;137,26;653,62
;2500818;10/06/2025;9039;PREFABRICADOS FRAGA, S.A.;5331,7;1119,66;5331,7
;2500904;02/04/2025;9588;DUCASA CLIMA, S.A.;355,98;74,76;355,98
;2500905;28/02/2025;3180;GRONPES, S.L.;312,34;65,59;312,34
;25009196FN;08/05/2025;6701;VALVULAS ARCO, S.L.;1197,34;251,44;1197,34
;25-009362;18/06/2025;841;SOC.ANON.SERVEI I COMERÇ ELECTRODOMESTIC;854,54;179,45;854,54
;25009844;15/04/2025;193;AD MASANES, S.A.;15,73;3,3;15,73
;2500987;14/04/2025;9588;DUCASA CLIMA, S.A.;389,48;81,79;389,48
;250100065;03/01/2025;1235;COMERCIAL SANYC CES, S.L.;50;10,5;50
;2501001006;24/06/2025;2118;CUBIERTAS Y ACCESORIOS VITORIA, S.L;1021,97;214,61;1021,97
;2501001585;17/01/2025;4983;CATA ELECTRODOMESTICOS, S.L.;1022,55;214,74;1022,55
;25-010021;27/06/2025;841;SOC.ANON.SERVEI I COMERÇ ELECTRODOMESTIC;1929,14;405,12;1929,14
;2501002608;24/01/2025;4983;CATA ELECTRODOMESTICOS, S.L.;414,28;87;414,28
;2501005877;13/02/2025;4983;CATA ELECTRODOMESTICOS, S.L.;156,55;32,88;156,55
;2501006837;31/05/2025;20055;POALGI, S.L.;44,4;9,32;44,4
;2501008984;14/07/2025;20055;POALGI, S.L.;1673,36;351,41;1673,36
;25010428;26/05/2025;6701;VALVULAS ARCO, S.L.;66,39;13,94;66,39
;2501080;18/07/2025;9039;PREFABRICADOS FRAGA, S.A.;4436,71;931,71;4436,71
;2501127;29/04/2025;5946;GERMANS ALEGRET, S.L.;41,52;8,72;41,52
;2501136;28/02/2025;3180;GRONPES, S.L.;192,06;40,33;192,06
;25-011434;31/08/2025;536;HIDRO LLEIDA S.A.;1758,62;369,31;1758,62
;25-011554;16/07/2025;841;SOC.ANON.SERVEI I COMERÇ ELECTRODOMESTIC;1321,06;277,42;1321,06
;2501178;30/07/2025;9039;PREFABRICADOS FRAGA, S.A.;2490,2;522,94;2490,2
;2501187;16/05/2025;9588;DUCASA CLIMA, S.A.;25,3;5,31;25,3
;25011994;06/06/2025;7676;FABRICACION DE MATERIAL ELECTRICO, S.A.;351,9;73,9;351,9
;25-012015;15/09/2025;536;HIDRO LLEIDA S.A.;1097,24;230,42;1097,24
;25012544;25/06/2025;6701;VALVULAS ARCO, S.L.;1424,98;299,25;1424,98
;25-012672;30/09/2025;536;HIDRO LLEIDA S.A.;1490,64;313,04;1490,64
;25013042;10/02/2025;14562;SISTEMAS DIGITALES CORPORATE, S.L.;375,44;78,84;375,44
;25013083;25/06/2025;7676;FABRICACION DE MATERIAL ELECTRICO, S.A.;962,21;202,06;962,21
;25-013185;06/08/2025;841;SOC.ANON.SERVEI I COMERÇ ELECTRODOMESTIC;2389,77;501,85;2414,57
;2501424;17/09/2025;9039;PREFABRICADOS FRAGA, S.A.;2935,2;616,39;2935,2
;25-015332;10/09/2025;841;SOC.ANON.SERVEI I COMERÇ ELECTRODOMESTIC;3356,98;704,97;3419,08
;2501534;01/07/2025;5946;GERMANS ALEGRET, S.L.;27,8;5,84;27,8
;25-015631;30/11/2025;536;HIDRO LLEIDA S.A.;1271,11;266,94;1271,11
;25-015889;14/11/2025;9525;MEDITERRANEA DEL BAÑO, SL;282;59,22;282
;25-016328;15/12/2025;536;HIDRO LLEIDA S.A.;3163,33;664,3;3163,33
;25016893;31/03/2025;8826;COMERCIAL SALGAR, S.A.;720,84;151,38;720,84
;25016894;31/03/2025;8826;COMERCIAL SALGAR, S.A.;939,06;197,2;939,06
;25016996FN;18/09/2025;6701;VALVULAS ARCO, S.L.;-2334,18;-490,18;-2334,18
;2501763;16/03/2025;7548;ACO PRODUCTOS POLIMEROS, S.A.;3846,66;807,8;3846,66
;25018536;31/03/2025;8826;COMERCIAL SALGAR, S.A.;-574,56;-120,66;-574,56
;25019312;05/11/2025;6701;VALVULAS ARCO, S.L.;634,57;133,26;634,57
;25019312FN;05/11/2025;6701;VALVULAS ARCO, S.L.;-634,57;-133,26;-634,57
;2501F03948;18/01/2025;826;VELAMEN, S.A.;87,02;18,27;87,02
;250201897;21/02/2025;1235;COMERCIAL SANYC CES, S.L.;706,2;148,3;706,2
;2502040;28/02/2025;4236;VACUFLEX, S.L.;171,6;36,04;171,6
;25021565RI;28/10/2025;7676;FABRICACION DE MATERIAL ELECTRICO, S.A.;618,28;129,84;618,28
;2502196;30/06/2025;4969;BUR 2000, S.A.;637,58;133,89;637,58
;25-02336;23/01/2025;1973;STANDARD HIDRÁULICA, S.A.U.;36,46;7,66;36,46
;2502379;30/04/2025;3180;GRONPES, S.L.;334,65;70,28;334,65
;25024369;12/06/2025;7048;MAKITA, S.A.;330,46;69,4;330,46
;2502466;24/11/2025;9588;DUCASA CLIMA, S.A.;1041,67;218,75;1041,67
;25024865RI;11/12/2025;7676;FABRICACION DE MATERIAL ELECTRICO, S.A.;470,34;98,77;470,34
;25025581;16/06/2025;7048;MAKITA, S.A.;122,03;25,63;122,03
;25026624;17/06/2025;7048;MAKITA, S.A.;117,37;24,65;117,37
;2502679;29/07/2025;4969;BUR 2000, S.A.;1030,28;216,36;1030,28
;25026882;15/05/2025;8826;COMERCIAL SALGAR, S.A.;931,65;195,65;931,65
;2502746;31/05/2025;3180;GRONPES, S.L.;334,36;70,22;334,36
;2502851;18/12/2025;9588;DUCASA CLIMA, S.A.;1674,06;351,55;1674,06
;25029;21/02/2025;14591;SUILS COMMODITY, S.L.;158;33,18;158
;250299;06/06/2025;8005;TORNILLERIA VERGARESA, S.L.;605,06;127,06;605,06
;2502F00576;06/02/2025;826;VELAMEN, S.A.;343,69;72,17;343,69
;2503-00657;11/03/2025;50044;SPAX TORNILLERÍA, S.A.U.;1811,15;380,34;1811,15
;2503007464;06/03/2025;12006;MOVISTAR PROSEGUR ALARMAS, S.L.;62,06;13,03;62,06
;250301047;14/03/2025;1235;COMERCIAL SANYC CES, S.L.;4815,25;1011,2;4815,25
;2503015;28/05/2025;3954;BATHCO;148,65;31,22;148,65
;25031655;27/06/2025;7048;MAKITA, S.A.;306,84;64,44;306,84
;2503326;26/09/2025;4969;BUR 2000, S.A.;1915,95;402,35;1915,95
;25033339;16/09/2025;5139;JOLIPA BVBA;2518,25;528,83;2518,25
;25034128;03/07/2025;7048;MAKITA, S.A.;1214,65;255,08;1214,65
;2503873;30/05/2025;6080;WIRQUIN CALAF, S.L.;474,8;99,71;474,8
;2503891;31/07/2025;3180;GRONPES, S.L.;666,87;140,04;666,87
;25039934;15/07/2025;8826;COMERCIAL SALGAR, S.A.;589,95;123,89;589,95
;2503F05950;28/03/2025;826;VELAMEN, S.A.;595,45;125,04;595,45
;2504008560;01/03/2025;11265;ASCENSORES GALO, S.L.U;42;8,82;42
;2504034152;01/10/2025;11265;ASCENSORES GALO, S.L.U;175;36,75;175
;2504035690;01/11/2025;11265;ASCENSORES GALO, S.L.U;35;7,35;35
;2504048506;07/04/2025;12006;MOVISTAR PROSEGUR ALARMAS, S.L.;62,06;13,03;62,06
;25-04079;31/01/2025;1973;STANDARD HIDRÁULICA, S.A.U.;61,63;12,94;61,63
;2504161;18/06/2025;7548;ACO PRODUCTOS POLIMEROS, S.A.;232,28;48,78;232,28
;25041948;12/09/2025;5313;ITEM INTERNATIONAL, S.A;2952,62;620,05;2952,62
;25044531;31/07/2025;7048;MAKITA, S.A.;152,91;32,11;152,91
;25044532;31/07/2025;7048;MAKITA, S.A.;282,73;59,37;282,73
;25044826;31/07/2025;7048;MAKITA, S.A.;64,95;13,64;64,95
;2504532;17/12/2025;4969;BUR 2000, S.A.;138,13;29,01;138,13
;25046105;03/10/2025;5313;ITEM INTERNATIONAL, S.A;-295;-61,95;-295
;25046283;06/08/2025;7048;MAKITA, S.A.;52,46;11,02;52,46
;25046759;31/08/2025;8826;COMERCIAL SALGAR, S.A.;506,58;106,39;506,58
;2504827;02/09/2025;3954;BATHCO;90;18,9;90
;2505005;30/09/2025;3180;GRONPES, S.L.;417;87,57;417
;2505-01398;22/05/2025;50044;SPAX TORNILLERÍA, S.A.U.;351,23;73,76;351,23
;2505-01399;22/05/2025;50044;SPAX TORNILLERÍA, S.A.U.;1000,57;210,12;1000,57
;2505-01432;22/05/2025;50044;SPAX TORNILLERÍA, S.A.U.;1620,15;340,23;1620,15
;2505095;30/05/2025;8235;MADERAS PLANES, S.L.;2880,34;604,87;2880,34
;250510;29/08/2025;11735;VIATGES TOCASONS S.L.;133,6;28,05;2713,6
;2505332;04/04/2025;2137;ALTRAD PLETTAC IBERICA, S.L.;2415,82;507,32;2415,82
;2505347;08/04/2025;2137;ALTRAD PLETTAC IBERICA, S.L.;1278;268,38;1278
;2505371;31/10/2025;3180;GRONPES, S.L.;1363,4;286,31;1363,4
;25054123;11/11/2025;5313;ITEM INTERNATIONAL, S.A;674,94;141,74;674,94
;2505478792;31/05/2025;12006;MOVISTAR PROSEGUR ALARMAS, S.L.;53,77;11,29;53,77
;25055;03/10/2025;16552;JOSEFA RODRIGUEZ DIAZ;78;16,38;78
;25055218;05/09/2025;7048;MAKITA, S.A. UNIPERSONAL;143,37;30,11;143,37
;2505663;16/06/2025;8235;MADERAS PLANES, S.L.;279,94;58,79;279,94
;25058630;28/11/2025;5313;ITEM INTERNATIONAL, S.A;138,42;29,07;138,42
;2506322;30/11/2025;3180;GRONPES, S.L.;181,24;38,06;181,24
;2506637;23/12/2025;3180;GRONPES, S.L.;615,46;129,25;615,46
;25068247;08/10/2025;7048;MAKITA, S.A. UNIPERSONAL;239,59;50,31;239,59
;2507-01977;25/07/2025;50044;SPAX TORNILLERÍA, S.A.U.;1108,28;232,74;1108,28
;250723981;30/04/2025;12407;SOC. ESTATAL CORREOS Y TELEGRAFOS, S.A.;86,13;18,09;119,28
;25073515;25/08/2025;14562;SISTEMAS DIGITALES CORPORATE, S.L.;263,1;55,25;263,1
;25076074;29/10/2025;7048;MAKITA, S.A. UNIPERSONAL;8,96;1,88;8,96
;25078519;05/11/2025;7048;MAKITA, S.A. UNIPERSONAL;278,35;58,45;278,35
;2507F06723;26/07/2025;826;VELAMEN, S.A.;799,28;167,85;799,28
;2508008964;06/08/2025;12006;MOVISTAR PROSEGUR ALARMAS, S.L.;62,06;13,03;62,06
;25-082;31/12/2025;17459;JESÚS RAIMUNDO DIGÓN SANTIN;1300;273;1300
;25083108;19/11/2025;7048;MAKITA, S.A. UNIPERSONAL;304,58;63,96;304,58
;25083679;20/11/2025;7048;MAKITA, S.A. UNIPERSONAL;308,46;64,78;308,46
;25084169;21/11/2025;7048;MAKITA, S.A. UNIPERSONAL;486,94;102,26;486,94
;25087850;03/12/2025;7048;MAKITA, S.A. UNIPERSONAL;577,15;121,2;577,15
;25088289;04/12/2025;7048;MAKITA, S.A. UNIPERSONAL;363,75;76,39;363,75
;250900191;05/09/2025;2902;SANYCCES DESIGN, SLU;25,3;5,31;25,3
;2509-02027;29/09/2025;50044;SPAX TORNILLER?A, S.A.U.;3795;796,95;3795
;2509194;30/09/2025;8235;MADERAS PLANES, S.L.;740,76;155,56;740,76
;25092130;27/10/2025;14562;SISTEMAS DIGITALES CORPORATE, S.L.;275,51;57,86;275,51
;2510000093;31/10/2025;17783;TRANSPORTES Y EXCAVACIONES BARBA, SL;130;27,3;130
;251000136;31/01/2025;10778;PRETENSADOS RIBERA, S.L.;21,34;4,48;21,34
;251000310;28/02/2025;10778;PRETENSADOS RIBERA, S.L.;19,41;4,08;19,41
;251000311;28/02/2025;10778;PRETENSADOS RIBERA, S.L.;637,89;133,96;637,89
;251000565;31/03/2025;10778;PRETENSADOS RIBERA, S.L.;25,11;5,27;25,11
;251000566;31/03/2025;10778;PRETENSADOS RIBERA, S.L.;746,74;156,82;746,74
;251000570;31/03/2025;10778;PRETENSADOS RIBERA, S.L.;1,03;0,22;1,03
;251000571;31/03/2025;10778;PRETENSADOS RIBERA, S.L.;27,1;5,69;27,1
;251001268;30/06/2025;10778;PRETENSADOS RIBERA, S.L.;15,14;3,18;15,14
;251001269;30/06/2025;10778;PRETENSADOS RIBERA, S.L.;150,14;31,53;150,14
;2510014806;06/04/2025;4813;EHLIS, S.A.;58;12,18;58
;251001482;31/07/2025;10778;PRETENSADOS RIBERA, S.L.;9,55;2,01;9,55
;2510-01690;27/10/2025;50044;SPAX TORNILLER?A, S.A.U.;177,15;37,2;177,15
;251001953;30/09/2025;10778;PRETENSADOS RIBERA, S.L.;84,49;17,74;84,49
;251001954;30/09/2025;10778;PRETENSADOS RIBERA, S.L.;3,98;0,84;3,98
;2510023242;22/05/2025;4813;EHLIS, S.A.;152;31,92;152
;2510025768;03/06/2025;4813;EHLIS, S.A.;381,6;80,14;381,6
;251002618;31/12/2025;10778;PRETENSADOS RIBERA, S.L.;118,53;24,89;118,53
;251002619;31/12/2025;10778;PRETENSADOS RIBERA, S.L.;869,75;182,65;869,75
;251002623;31/12/2025;10778;PRETENSADOS RIBERA, S.L.;3,88;0,81;3,88
;251002624;31/12/2025;10778;PRETENSADOS RIBERA, S.L.;30,95;6,5;30,95
;25100306;24/01/2025;2339;BUJIOL S.L.;68,45;14,37;68,45
;2510030691;07/10/2025;12006;MOVISTAR PROSEGUR ALARMAS, S.L.;64,43;13,53;64,43
;251003752;20/03/2025;6197;PRESTO IBERICA, S.A.;1090,89;229,09;1090,89
;2510097022;01/03/2025;11438;ALPHABET ESPAÑA FLEET MANAGEMENT, S.A.U.;927,16;194,7;927,16
;251011325;26/08/2025;6197;PRESTO IBERICA, S.A.;120,41;25,29;120,41
;25101254;14/03/2025;2339;BUJIOL S.L.;396,34;83,23;396,34
;2510170415;01/05/2025;11438;ALPHABET ESPAÑA FLEET MANAGEMENT, S.A.U.;927,16;194,7;927,16
;2510206799;01/06/2025;11438;ALPHABET ESPAÑA FLEET MANAGEMENT, S.A.U.;927,16;194,7;927,16
;2510245268;01/07/2025;11438;ALPHABET ESPAÑA FLEET MANAGEMENT, S.A.U.;927,16;194,7;927,16
;25102938;06/06/2025;2339;BUJIOL S.L.;372,05;78,13;372,05
;25103046;20/06/2025;2955;GRIFERIA SANITARIA ROVIRA, S.A.;49,12;10,32;49,12
;25103048;20/06/2025;2955;GRIFERIA SANITARIA ROVIRA, S.A.;251,9;52,9;251,9
;2510355598;01/10/2025;11438;ALPHABET ESPA?A FLEET MANAGEMENT, S.A.U.;927,16;194,7;927,16
;2510393949;01/11/2025;11438;ALPHABET ESPA?A FLEET MANAGEMENT, S.A.U.;927,16;194,7;927,16
;25104182;07/08/2025;2339;BUJIOL S.L.;2074,42;435,63;2074,42
;2511018232;28/11/2025;8272;HALCON CERAMICAS, S.L.U.;375,45;78,84;375,45
;2511032250;06/11/2025;12006;MOVISTAR PROSEGUR ALARMAS, S.L.;64,43;13,53;64,43
;251127;08/04/2025;872;SOLARTECNIK, S.L.;327,4;68,75;327,4
;25-1146;14/05/2025;13947;BALUE JUSTO ADVOCATS, S.L.;110;23,1;110
;25-11611;21/03/2025;1973;STANDARD HIDRÁULICA, S.A.U.;84,18;17,68;84,18
;2512105616;09/12/2025;12006;MOVISTAR PROSEGUR ALARMAS, S.L.;64,43;13,53;64,43
;25124299;03/07/2025;7687;SOPREMA IBERIA, S.L.U.;625;131,25;625
;25136195;07/10/2025;7687;SOPREMA IBERIA, S.L.U.;1964,93;412,64;1964,93
;251389;20/10/2025;7021;INDUSTRIAS RAYCO, S.A.;174,67;36,68;174,67
;25140523;04/11/2025;7687;SOPREMA IBERIA, S.L.U.;499,02;104,79;499,02
;251416299;22/02/2025;264;DIADORA SPORT, S.R.L.;416,25;87,41;416,25
;251591;28/02/2025;4256;MECANO CAMP, S.A.;226,99;47,67;226,99
;2516007390;19/03/2025;19348;MANUSA DOOR SYSTEMS, S.L.U.;183,6;38,56;183,6
;251731;13/06/2025;9332;INDUSTRIAS LASSER, S.A.;1171,98;246,12;1171,98
;2518014679;28/08/2025;9646;SMEG ESPAÑA, S.A.;299,4;62,87;299,4
;2518014941;02/09/2025;9646;SMEG ESPA?A, S.A.;675;141,75;675
;25-19526;26/05/2025;1973;STANDARD HIDRÁULICA, S.A.U.;4,48;0,94;4,48
;252000597;31/01/2025;10778;PRETENSADOS RIBERA, S.L.;34,04;7,15;34,04
;252000601;31/01/2025;10778;PRETENSADOS RIBERA, S.L.;40;8,4;40
;252000602;31/01/2025;10778;PRETENSADOS RIBERA, S.L.;5,59;1,17;5,59
;252000864;28/02/2025;10778;PRETENSADOS RIBERA, S.L.;14,4;3,02;14,4
;252000865;28/02/2025;10778;PRETENSADOS RIBERA, S.L.;205,6;43,18;205,6
;252000866;28/02/2025;10778;PRETENSADOS RIBERA, S.L.;137,26;28,82;137,26
;252001335;31/03/2025;10778;PRETENSADOS RIBERA, S.L.;134,65;28,28;134,65
;252001336;31/03/2025;10778;PRETENSADOS RIBERA, S.L.;76,17;16;76,17
;252001342;31/03/2025;10778;PRETENSADOS RIBERA, S.L.;17,02;3,57;17,02
;252001343;31/03/2025;10778;PRETENSADOS RIBERA, S.L.;28,12;5,91;28,12
;252002098;30/04/2025;10778;PRETENSADOS RIBERA, S.L.;79,4;16,67;79,4
;252002099;30/04/2025;10778;PRETENSADOS RIBERA, S.L.;14,86;3,12;14,86
;252002107;30/04/2025;10778;PRETENSADOS RIBERA, S.L.;385,5;80,96;385,5
;252002749;31/05/2025;10778;PRETENSADOS RIBERA, S.L.;11,61;2,44;11,61
;2540009628;07/04/2025;4708;BIGMAT LOGISTICA, S.A.;3646,77;765,82;3646,77
;2540010045;10/04/2025;4708;BIGMAT LOGISTICA, S.A.;9622,2;2020,66;9622,2
;2540011144;23/04/2025;4708;BIGMAT LOGISTICA, S.A.;5243,04;1101,04;5243,04
;2540013771;19/05/2025;4708;BIGMAT LOGISTICA, S.A.;3818,74;801,94;3818,74
;2540014935;29/05/2025;4708;BIGMAT LOGISTICA, S.A.;7464;1567,44;7464
;2540015231;01/06/2025;14708;BIGMAT LOGISTICA, S.A.;25,17;5,29;25,17
;2540015564;04/02/2025;15662;LEASYS S.P.A. Sucursal España;435,29;91,41;435,29
;2540017167;17/06/2025;4708;BIGMAT LOGISTICA, S.A.;-31,14;-6,54;-31,14
;2540020686;17/07/2025;4708;BIGMAT LOGISTICA, S.A.;4920,21;1033,24;4920,21
;2540022403;04/08/2025;4708;BIGMAT LOGISTICA, S.A.;2742,33;575,89;2742,33
;2540027693;29/09/2025;4708;BIGMAT LOGISTICA, S.A.;3655,07;767,56;3655,07
;2540036725;31/12/2025;4708;BIGMAT LOGISTICA, S.A.;2187,09;459,29;2187,09
;2540041462;03/03/2025;15662;LEASYS S.P.A. Sucursal España;435,29;91,41;435,29
;25400805;04/04/2025;7733;SAKYDU, S.L.;591,57;124,23;591,57
;2540088992;03/06/2025;15662;LEASYS S.P.A. Sucursal España;435,29;91,41;435,29
;25-401889;09/04/2025;9813;BIGMAT IBERIA, S.A.;238,82;50,15;238,82
;2540198102;04/11/2025;15662;LEASYS S.P.A. Sucursal Espa?a;435,29;91,41;435,29
;25-402133;21/04/2025;9813;BIGMAT IBERIA, S.A.;401,94;84,41;401,94
;25-402493;09/05/2025;9813;BIGMAT IBERIA, S.A.;108,51;22,79;108,51
;25-403176;05/06/2025;9813;BIGMAT IBERIA, S.A.;72,34;15,19;72,34
;25-403869;02/07/2025;9813;BIGMAT IBERIA, S.A.;48,76;10,24;48,76
;25-404643;06/08/2025;9813;BIGMAT IBERIA, S.A.;32,86;6,9;32,86
;254047;30/06/2025;4256;MECANO CAMP, S.A.;777,94;163,37;777,94
;25-405093;03/09/2025;9813;BIGMAT IBERIA, S.A.;72,34;15,19;72,34
;25-405465;24/09/2025;9813;BIGMAT IBERIA, S.A.;212,79;44,69;212,79
;25-405885;17/10/2025;9813;BIGMAT IBERIA, S.A.;112,14;23,55;112,14
;25-407;31/01/2025;4450;VALENPLAS, S.L.;661,62;138,94;661,62
;254890;15/08/2025;4256;MECANO CAMP, S.A.;233,17;48,97;233,17
;255;06/06/2025;6277;MARMOLES ROYES, S.C.;1394,5;292,85;1394,5
;2550002108;03/04/2025;14708;BIGMAT LOGISTICA, S.A.;1538,73;323,13;1538,73
;2550003148;04/06/2025;14708;BIGMAT LOGISTICA, S.A.;537;112,77;537
;2550170365;31/05/2025;19892;PETROPRIX ENERGIA S.L.;61,26;12,87;61,26
;255090;25/08/2025;4256;MECANO CAMP, S.A.;101,24;21,26;101,24
;25520;02/12/2025;16500;CONSTRUCCIONES LUIS ESTOP, SL;180;37,8;180
;255433;10/09/2025;4256;MECANO CAMP, S.A.;66,08;13,88;66,08
;255835;20/10/2025;4256;MECANO CAMP, S.A.;432,08;90,74;432,08
;256.449;25/09/2025;4402;INDUSTRIAL BLANSOL, SA;-691,24;-145,16;-691,24
;256021880;07/08/2025;2748;GME DIVISION DE BAÑOS SL;110,54;23,21;110,54
;256022202;18/08/2025;2748;GME DIVISION DE BAÑOS SL;182,4;38,3;182,4
;256023397;02/09/2025;2748;GME DIVISION DE BAÑOS SL;218,88;45,96;218,88
;25688336;12/02/2025;7455;GRESPANIA, S.A.;298,82;62,75;298,82
;25694145;22/04/2025;7455;GRESPANIA, S.A.;92,82;19,49;92,82
;25697285;27/05/2025;7455;GRESPANIA, S.A.;211,9;44,5;211,9
;25698181;05/06/2025;7455;GRESPANIA, S.A.;269,07;56,5;269,07
;25702740;28/07/2025;7455;GRESPANIA, S.A.;507,75;106,63;507,75
;25703299;04/08/2025;7455;GRESPANIA, S.A.;62,09;13,04;62,09
;25704428;26/08/2025;7455;GRESPANIA, S.A.;1064,9;223,63;1064,9
;25704429;26/08/2025;7455;GRESPANIA, S.A.;329,53;69,2;329,53
;25704658;29/08/2025;7455;GRESPANIA, S.A.;25,39;5,33;25,39
;25-800429;25/02/2025;19813;BIGMAT IBERIA, S.A.;1105,74;232,21;1105,74
;25-800963;25/04/2025;19813;BIGMAT IBERIA, S.A.;1080,31;226,87;1080,31
;25-801846;25/08/2025;19813;BIGMAT IBERIA, S.A.;1080,31;226,87;1080,31
;25-830001;30/01/2025;19813;BIGMAT IBERIA, S.A.;-6437,88;-1351,95;-6437,88
;2590066;09/05/2025;4969;BUR 2000, S.A.;-1239,32;-260,26;-1239,32
;25938196;05/12/2025;5450;INDUSTRIAL ZAPATERA, S.A.;71;14,91;71
;25A000019;01/01/2025;12568;GESTION EMPRES. GLOBALTA MULTIS. S.L.;370;77,7;370
;25A0012929;30/05/2025;3441;ALFA DYSER, S.L.;-2,63;-0,55;-2,63
;25F001019;15/05/2025;4306;INVAPAL, SA;1766,34;370,93;1766,34
;25F0023108;31/03/2025;3441;ALFA DYSER, S.L.;3304,43;693,93;3304,43
;25F0200226;03/03/2025;2162;INDUSTRIAS DEL CEMENTO AGLOMERADO, SL;2051,32;430,78;2051,32
;25FC007096;07/03/2025;5495;IBERMAPEI, S.A.;7404,3;1554,9;7404,3
;25FC009799;31/03/2025;5495;IBERMAPEI, S.A.;1372,15;288,15;1372,15
;25FC011853;16/04/2025;5495;IBERMAPEI, S.A.;1687,8;354,44;1687,8
;25FC013777;08/05/2025;5495;IBERMAPEI, S.A.;67,68;14,21;67,68
;25FC014501;14/05/2025;5495;IBERMAPEI, S.A.;985,34;206,92;985,34
;25FC017315;03/06/2025;5495;IBERMAPEI, S.A.;63,88;13,41;63,88
;25FC019974;25/06/2025;5495;IBERMAPEI, S.A.;1002,68;210,57;1002,68
;1908290050;15/12/2025;7218;FERRETERIES CATALONIA, S.A.;125,51;26,36;125,51
;1908290901;31/12/2025;7218;FERRETERIES CATALONIA, S.A.;59,55;12,51;59,55
;1914036233;15/03/2025;3273;FUSTES LLEIDA, S.L.;1581,26;332,06;1581,26
;1914036390;31/03/2025;3273;FUSTES LLEIDA, S.L.;133,62;28,06;133,62
;1914036544;14/04/2025;3273;FUSTES LLEIDA, S.L.;1375,94;288,95;1375,94
;1914036711;30/04/2025;3273;FUSTES LLEIDA, S.L.;607,39;127,55;607,39
;1914037678;31/07/2025;3273;FUSTES LLEIDA, S.L.;848,46;178,18;848,46
;1914037679;31/07/2025;3273;FUSTES LLEIDA, S.L.;322,04;67,63;322,04
;1914038209;30/09/2025;3273;FUSTES LLEIDA, S.L.;1404,97;295,04;1404,97
;1914038210;30/09/2025;3273;FUSTES LLEIDA, S.L.;398,43;83,67;398,43
;1914038563;31/10/2025;3273;FUSTES LLEIDA, S.L.;582,56;122,34;582,56
;1914038738;15/11/2025;3273;FUSTES LLEIDA, S.L.;909,39;190,97;909,39
;1914039247;31/12/2025;3273;FUSTES LLEIDA, S.L.;590,05;123,91;590,05
;1A25-040;31/07/2025;14659;RAIMUNDO DIGON SANTIN;2700;567;2700
;1A25-042;29/08/2025;14659;RAIMUNDO DIGON SANTIN;1300;273;1300
;2.500.260;24/02/2025;9039;PREFABRICADOS FRAGA, S.A.;1295,89;272,14;1295,89
;2.500.279;28/02/2025;9039;PREFABRICADOS FRAGA, S.A.;1446,65;303,8;1446,65
;2.500.549;24/04/2025;9039;PREFABRICADOS FRAGA, S.A.;1361,4;285,89;1361,4
;2//44911;07/02/2025;7301;ROLLGUM CORP S.L.;2198,92;461,77;2198,92
;2//48544;01/10/2025;7301;ROLLGUM CORP S.L.;2088,98;438,69;2088,98
;2/45520;20/03/2025;7301;ROLLGUM CORP S.L.;2198,92;461,77;2198,92
;2/47782;05/08/2025;7301;ROLLGUM CORP S.L.;2198,92;461,77;2198,92
;23/464396;26/08/2025;6623;TUCAI, S.A.;468,53;98,39;468,53
;23006132;18/07/2025;7632;FERRETERÍA Y PRENSAS, S.L.;128,22;26,93;128,22
;252006566;31/10/2025;10778;PRETENSADOS RIBERA, S.L.;82,01;17,22;82,01
;252007517;30/11/2025;10778;PRETENSADOS RIBERA, S.L.;441,34;92,68;441,34
;252007521;30/11/2025;10778;PRETENSADOS RIBERA, S.L.;548,69;115,22;548,69
;252007522;30/11/2025;10778;PRETENSADOS RIBERA, S.L.;149,85;31,47;149,85
;252007528;30/11/2025;10778;PRETENSADOS RIBERA, S.L.;19,57;4,11;19,57
;252007529;30/11/2025;10778;PRETENSADOS RIBERA, S.L.;16,37;3,44;16,37
;252007927;31/12/2025;10778;PRETENSADOS RIBERA, S.L.;996,73;209,31;996,73
;252007928;31/12/2025;10778;PRETENSADOS RIBERA, S.L.;5,95;1,25;5,95
;252007931;31/12/2025;10778;PRETENSADOS RIBERA, S.L.;62,97;13,22;62,97
;25202233;05/08/2025;2803;COLORBAN DESIGN 2015, S.L.;293,4;61,61;293,4
;25203589;27/10/2025;2748;GME DIVISION DE BA?OS SL;13,29;2,79;13,29
;25204083;01/12/2025;2748;GME DIVISION DE BA?OS SL;224,96;47,24;224,96
;25204100;02/12/2025;2748;GME DIVISION DE BA?OS SL;368,11;77,3;368,11
;252108;11/10/2025;16167;ACG PROJECTES INFORMATICS, SL.;1031;216,51;1031
;252117;31/03/2025;4256;MECANO CAMP, S.A.;415,41;87,24;415,41
;25-21798;13/06/2025;1973;STANDARD HIDRÁULICA, S.A.U.;377,62;79,3;377,62
;252298;09/04/2025;4256;MECANO CAMP, S.A.;168,39;35,36;168,39
;25-24122;30/06/2025;1973;STANDARD HIDRÁULICA, S.A.U.;52,8;11,09;52,8
;252500743;09/04/2025;6793;PLABELL COMERCIAL,S.L.;2061,42;432,9;2061,42
;252507775;15/10/2025;6080;WIRQUIN CALAF, S.L.;533,03;111,94;533,03
;252629;30/09/2025;9332;INDUSTRIAS LASSER, S.A.;1254;263,34;1254
;252929;06/05/2025;4256;MECANO CAMP, S.A.;286,89;60,25;286,89
;252937;22/09/2025;343;CORTAG EUROPE, S.L.;226,94;47,66;226,94
;25-30135;18/08/2025;1973;STANDARD HIDRÁULICA, S.A.U.;95,36;20,03;95,36
;2531001257;18/08/2025;14708;BIGMAT LOGISTICA, S.A.;854;179,34;854
;25-31751;03/09/2025;1973;STANDARD HIDRÁULICA, S.A.U.;32,86;6,9;32,86
;2532000423;05/02/2025;14708;BIGMAT LOGISTICA, S.A.;100;21;100
;2532000637;05/03/2025;14708;BIGMAT LOGISTICA, S.A.;100;21;100
;2532000851;05/04/2025;14708;BIGMAT LOGISTICA, S.A.;100;21;100
;2532001068;05/05/2025;14708;BIGMAT LOGISTICA, S.A.;100;21;100
;2532001284;05/06/2025;14708;BIGMAT LOGISTICA, S.A.;100;21;100
;2532001501;05/07/2025;14708;BIGMAT LOGISTICA, S.A.;100;21;100
;2532001718;05/08/2025;14708;BIGMAT LOGISTICA, S.A.;100;21;100
;253205146;30/08/2025;6595;CMT, S.L.;1329,62;279,22;1329,62
;253567;31/05/2025;4256;MECANO CAMP, S.A.;622,36;130,7;622,36
;253637;15/06/2025;4256;MECANO CAMP, S.A.;99,02;20,79;99,02
;253890;18/06/2025;4256;MECANO CAMP, S.A.;715,77;150,31;715,77
;2540000458;09/05/2025;4708;BIGMAT LOGISTICA, S.A.;-18,09;-3,8;-18,09
;2540000894;13/01/2025;4708;BIGMAT LOGISTICA, S.A.;8507,6;1786,6;8507,6
;2540001352;16/01/2025;4708;BIGMAT LOGISTICA, S.A.;3060,61;642,73;3060,61
;254000272;19/05/2025;9813;BIGMAT IBERIA, S.A.;-187,2;-39,31;-187,2
;2540003813;10/02/2025;4708;BIGMAT LOGISTICA, S.A.;5169,66;1085,63;5169,66
;2540004242;13/02/2025;4708;BIGMAT LOGISTICA, S.A.;2619,39;550,07;2619,39
;1140122185;30/11/2025;9370;INDUSTRIAS COSMIC, S.A.;155,4;32,63;155,4
;1145107112;07/01/2025;3550;BSH ELECTRODOMESTICOS ESPAÑA, S.A.;1458,75;306,34;1458,75
;1145107113;07/01/2025;3550;BSH ELECTRODOMESTICOS ESPAÑA, S.A.;366,78;77,02;366,78
;1146516063;13/01/2025;13550;BSH ELECTRODOMESTICOS ESPAÑA, S.A.;-52,75;-11,08;-52,75
;1146517630;13/01/2025;13550;BSH ELECTRODOMESTICOS ESPAÑA, S.A.;-45,58;-9,57;-45,58
;1146545927;04/08/2025;13550;BSH ELECTRODOMESTICOS ESPAÑA, S.A.;-61,1;-12,83;-61,1
;1146546185;04/08/2025;13550;BSH ELECTRODOMESTICOS ESPAÑA, S.A.;-115,84;-24,33;-115,84
;1146550941;08/09/2025;13550;BSH ELECTRODOMESTICOS ESPAÑA, S.A.;-26,08;-5,48;-26,08
;1146551194;08/09/2025;13550;BSH ELECTRODOMESTICOS ESPAÑA, S.A.;-335,35;-70,42;-335,35
;1148092917;26/05/2025;13550;BSH ELECTRODOMESTICOS ESPAÑA, S.A.;-85;-17,85;-85
;1151;27/02/2025;6555;INNOVACION BAÑO, S.L.;129,4;27,17;129,4
;1158;20/08/2025;1556;MANUFACTURAS LUMA, S.L.;1171,28;245,97;1171,28
;1187331;05/02/2025;9955;MATERIALES DE CONSTRUCCION, S.A.;420,58;88,32;420,58
;1194;30/09/2025;1556;MANUFACTURAS LUMA, S.L.;2518,7;528,93;2518,7
;1205;30/10/2025;7727;SINGULAR MARKET STORE, SL;399,97;83,99;399,97
;1511;01/07/2025;13947;BALUE JUSTO ADVOCATS, S.L.;55;11,55;55
;151200325;20/03/2025;10013;BANCO SANTANDER, S.A.;12,01;2,52;12,01
;1521408239;03/04/2025;10800;HOLCIM ESPAÑA, S.A.U.;-421,2;-88,45;-421,2
;15214201;27/08/2025;6454;MATHILDE CREATIONS;1135,2;238,39;1135,2
;1531670701;02/05/2025;9079;KARCHER, S.A.;92,56;19,44;92,56
;1531688638;04/07/2025;9079;KARCHER, S.A.;36,16;7,59;36,16
;1541031340;31/03/2025;800;HOLCIM ESPAÑA, S.A.U.;-1404;-294,84;-1404
;1541031370;30/03/2025;800;HOLCIM ESPAÑA, S.A.U.;-280;-58,8;-280
;1541033696;31/08/2025;800;HOLCIM ESPAÑA, S.A.U.;-2080;-436,8;-2080
;1541034377;15/10/2025;10800;HOLCIM ESPA?A, S.A.U.;-47,25;-9,92;-47,25
;1544015572;31/05/2025;800;HOLCIM ESPAÑA, S.A.U.;-91;-19,11;-91
;1544016971;12/11/2025;10800;HOLCIM ESPA?A, S.A.U.;-714,2;-149,98;-714,2
;16230201;05/06/2025;14708;BIGMAT LOGISTICA, S.A.;5,2;1,09;5,2
;16230485;03/07/2025;14708;BIGMAT LOGISTICA, S.A.;0,32;0,07;0,32
;16231237;07/10/2025;14708;BIGMAT LOGISTICA, S.A.;1,89;0,4;1,89
;2025/00061;31/01/2025;13326;TRANSPORTS GIRON PALACIN,S.L.;4303,2;903,67;4303,2
;2025/00199;31/03/2025;13326;TRANSPORTS GIRON PALACIN,S.L.;8305,14;1744,08;8305,14
;2025/00299;31/05/2025;13326;TRANSPORTS GIRON PALACIN,S.L.;10987,68;2307,41;10987,68
;2025/00414;31/07/2025;13326;TRANSPORTS GIRON PALACIN,S.L.;8845,59;1857,57;8845,59
;2025/01;02/01/2025;15970;RIBERA BADIA, Alberto;1500;315;1500
;2025/07281;24/07/2025;6439;JARDI POND, S.L.;717,58;150,68;717,58
;2025/09109;06/12/2025;6439;JARDI POND, S.L.;988,28;207,54;988,28
;2025/1/80;01/10/2025;13373;ARANBROADCAST PUBLICITAT, S.L.;210;44,1;210
;2025/1/96;01/11/2025;13373;ARANBROADCAST PUBLICITAT, S.L.;180;37,8;180
;2025/35254;19/06/2025;13012;COLEGIO DE REGISTRADORES DE ESPAÑA;56,08;11,78;56,08
;2025/41;07/01/2025;18424;ROSICH ROMEU, Carmen;58,11;12,2;58,11
;2025/45274;28/04/2025;6643;STOCK GARDEN ESPAÑA S.L;104,7;21,99;104,7
;2025/598;05/06/2025;4600;COCINAS CARBEL, S.L.;845,61;177,58;845,61
;2025/A/2;01/01/2025;15595;GUM TV SLU;210;44,1;210
;2025000038;30/04/2025;8737;OLI - SISTEMAS SANITARIOS, S.A.;494,1;103,76;494,1
;2025000268;24/01/2025;2007;EDILKAMIN IBERICA, S.L.;194,35;40,81;194,35
;2025000392;10/06/2025;9851;SISTEMAS MANCLIMA, S.L.;96,6;20,29;96,6
;2025000516;07/02/2025;2007;EDILKAMIN IBERICA, S.L.;2700,18;567,04;2700,18
;2025000594;22/07/2025;7322;OLI SISTEMAS SANITARIOS ESPAÑA, SLU;302,78;63,58;302,78
;2025001198;21/03/2025;2007;EDILKAMIN IBERICA, S.L.;12,92;2,71;12,92
;2025001305;28/03/2025;2007;EDILKAMIN IBERICA, S.L.;361,43;75,9;361,43
;2025-0016;25/06/2025;15446;LA TROSSA, SCCL;200;42;200
;2025001609;25/04/2025;2007;EDILKAMIN IBERICA, S.L.;2220,4;466,28;2220,4
;2025001655;30/04/2025;2007;EDILKAMIN IBERICA, S.L.;45,57;9,57;45,57
;2025003879;31/12/2025;2007;EDILKAMIN IBERICA, S.L.;45;9,45;45
;2025006430;31/01/2025;491;TECNICAS EXPANSIVAS,S.L.;93,56;19,65;93,56
;2025009643;14/02/2025;491;TECNICAS EXPANSIVAS,S.L.;28,69;6,02;28,69
;2025010141;18/02/2025;4037;PROFILTEK SPAIN, S.L.;449,19;94,33;449,19
;2025-0127;27/05/2025;5210;ART FOR ART FIREPLACES, SL;480;100,8;480
;2025014706;10/03/2025;4037;PROFILTEK SPAIN, S.L.;402,88;84,6;402,88
;2025016295;14/03/2025;491;TECNICAS EXPANSIVAS,S.L.;98,95;20,78;98,95
;20250213;31/03/2025;17018;AUTOMOVILES AUTORIUTOR, S.L.;352,67;74,06;392,05
;2025023522;07/05/2025;5808;LOREFAR S.L;131,24;27,56;131,24
;20250313;30/01/2025;1408;PROFESIONAL DE SUMINISTROS, S.A;163,83;34,4;163,83
;2025031559;23/05/2025;491;TECNICAS EXPANSIVAS,S.L.;76,64;16,09;76,64
;2025036303;13/06/2025;491;TECNICAS EXPANSIVAS,S.L.;156,48;32,86;156,48
;2025038872;25/06/2025;491;TECNICAS EXPANSIVAS,S.L.;30,82;6,47;30,82
;20250408;05/02/2025;1408;PROFESIONAL DE SUMINISTROS, S.A;332,61;69,85;332,61
;2025-041;12/05/2025;2552;PINATER, SL;882;185,22;882
;2025059415;25/11/2025;4037;PROFILTEK SPAIN, S.L.;249,14;52,32;249,14
;2025059857;30/09/2025;491;TECNICAS EXPANSIVAS,S.L.;267,85;56,25;267,85
;2025062263;10/10/2025;491;TECNICAS EXPANSIVAS,S.L.;166,74;35,02;166,74
;2025064276;29/10/2025;5808;LOREFAR S.L;161,06;33,82;161,06
;2025065566;05/11/2025;5808;LOREFAR S.L;126,57;26,58;126,57
;2025072302;20/11/2025;491;TECNICAS EXPANSIVAS,S.L.;185,99;39,06;185,99
;20251303;30/04/2025;2284;TARROS PINTURES I DECORACIÓ, S.L.;2330,86;489,48;2330,86
;20251373;10/04/2025;1408;PROFESIONAL DE SUMINISTROS, S.A;341,81;71,78;341,81
;2025-146;31/01/2025;12823;VIDRES LA NOGUERA S.L.;2210,35;464,17;2210,35
;20251481;30/04/2025;5411;ATRON, S.L.;245,4;51,53;245,4
;20251712;08/05/2025;1408;PROFESIONAL DE SUMINISTROS, S.A;133,2;27,97;133,2
;202523A271;08/01/2025;3553;VICAL HOME S.L.;1542,52;323,93;1542,52
;2025250198;16/06/2025;12359;HERMUTRAEX, S.L.;1102,5;231,53;1102,5
;2025250286;22/08/2025;12359;HERMUTRAEX, S.L.;1032;216,72;1032
;2025254692;31/10/2025;1838;FORT FENIX, SL;383,25;80,48;383,25
;20253338;12/09/2025;1408;PROFESIONAL DE SUMINISTROS, S.A;103,42;21,72;103,42
;20254596;12/12/2025;1408;PROFESIONAL DE SUMINISTROS, S.A;744,05;156,25;744,05
;2025748005;15/03/2025;502;ELEKTRA CATALUNYA XXI SL;1471,43;309;1471,43
;2025749826;31/03/2025;502;ELEKTRA CATALUNYA XXI SL;516,59;108,48;516,59
;2025763729;15/07/2025;502;ELEKTRA CATALUNYA XXI SL;218,21;45,82;218,21
;2025765569;31/07/2025;502;ELEKTRA CATALUNYA XXI SL;744,86;156,42;744,86
;2025768846;15/08/2025;502;ELEKTRA CATALUNYA XXI SL;143,47;30,13;143,47
;2025769292;31/08/2025;502;ELEKTRA CATALUNYA XXI SL;700,39;147,08;700,39
;205,97EUR;28/11/2025;491;TECNICAS EXPANSIVAS,S.L.;170,22;35,75;170,22
;2080434261;15/03/2025;809;FRANKE ESPAÑA, S.A.U.;292,2;61,36;292,2
;2080451037;30/06/2025;809;FRANKE ESPAÑA, S.A.U.;162,5;34,13;162,5
;2080456342;31/07/2025;809;FRANKE ESPAÑA, S.A.U.;444,2;93,28;444,2
;2080467644;31/10/2025;809;FRANKE ESPA?A, S.A.U.;440,3;92,46;440,3
;2360927662;07/01/2025;8247;VELUX SPAIN, S.A.;26,82;5,63;26,82
;2360929774;27/01/2025;8247;VELUX SPAIN, S.A.;326,22;68,51;326,22
;2360933643;05/03/2025;8247;VELUX SPAIN, S.A.;20,86;4,38;20,86
;2360934082;10/03/2025;8247;VELUX SPAIN, S.A.;9237,9;1939,96;9237,9
;2360939763;09/05/2025;8247;VELUX SPAIN, S.A.;158,95;33,38;158,95
;2360939764;09/05/2025;8247;VELUX SPAIN, S.A.;48,1;10,1;48,1
;2360940053;13/05/2025;8247;VELUX SPAIN, S.A.;9902,38;2079,5;9902,38
;2360944837;18/06/2025;8247;VELUX SPAIN, S.A.;75,98;15,96;75,98
;2360945428;23/06/2025;8247;VELUX SPAIN, S.A.;1927,54;404,78;1927,54
;2360946699;01/07/2025;8247;VELUX SPAIN, S.A.;1848,84;388,26;1848,84
;2360950057;23/07/2025;8247;VELUX SPAIN, S.A.;77,74;16,33;77,74
;2360950371;25/07/2025;8247;VELUX SPAIN, S.A.;236,88;49,74;236,88
;2360951695;06/08/2025;8247;VELUX SPAIN, S.A.;2492,63;523,45;2492,63
;2360951696;06/08/2025;8247;VELUX SPAIN, S.A.;4401,7;924,36;4401,7
;2360952066;08/08/2025;8247;VELUX SPAIN, S.A.;723,64;151,96;723,64
;2360952430;12/08/2025;8247;VELUX SPAIN, S.A.;119,91;25,18;119,91
;2360953982;28/08/2025;8247;VELUX SPAIN, S.A.;261,44;54,9;261,44
;2360953983;28/08/2025;8247;VELUX SPAIN, S.A.;4738,27;995,04;4738,27
;2360959764;21/10/2025;8247;VELUX SPAIN, S.A.;33,52;7,04;33,52
;2360961537;04/11/2025;8247;VELUX SPAIN, S.A.;545,92;114,64;545,92
;2360964047;28/11/2025;8247;VELUX SPAIN, S.A.;116,95;24,56;116,95
;2360964048;28/11/2025;8247;VELUX SPAIN, S.A.;1353,55;284,25;1353,55
;2360964876;10/12/2025;8247;VELUX SPAIN, S.A.;126,88;26,64;126,88
;2360965594;16/12/2025;8247;VELUX SPAIN, S.A.;79,48;16,69;79,48
;2360965758;17/12/2025;8247;VELUX SPAIN, S.A.;4766,35;1000,93;4766,35
;2360966248;26/12/2025;8247;VELUX SPAIN, S.A.;287,09;60,29;287,09
;23RD/7427;09/07/2025;6623;TUCAI, S.A.;-549,12;-115,32;-549,12
;24.578;31/07/2025;2062;DISTRIBUIDORA BOSCH HNOS.,S.A.;215,31;45,22;215,31
;30125;17/05/2025;6139;SALTOKI LLEIDA, S.A.;180,74;37,96;180,74
;3025002134;06/02/2025;7987;PLADUR GYPSUM, S.A.U.;9594,09;2014,76;9594,09
;3025006428;15/04/2025;7987;PLADUR GYPSUM, S.A.U.;10539,95;2213,39;10539,95
;3025007330;06/05/2025;7987;PLADUR GYPSUM, S.A.U.;8675,04;1821,76;8675,04
;3025008337;21/05/2025;7987;PLADUR GYPSUM, S.A.U.;14182,27;2978,28;14182,27
;3025009836;13/06/2025;7987;PLADUR GYPSUM, S.A.U.;13242,32;2780,89;13242,32
;3025011614;16/07/2025;7987;PLADUR GYPSUM, S.A.U.;12032,08;2526,74;12032,08
;3025013511;22/08/2025;7987;PLADUR GYPSUM, S.A.U.;3129,98;657,3;3129,98
;3025106571;10/02/2025;7191;AC MARCA ADHESIVES, SAU;46,14;9,69;46,14
;3025115209;28/03/2025;7191;AC MARCA ADHESIVES, SAU;179,52;37,7;179,52
;3025125677;26/05/2025;7191;AC MARCA ADHESIVES, SAU;450,46;94,6;450,46
;3025130618;20/06/2025;7191;AC MARCA ADHESIVES, SAU;383,43;80,52;383,43
;3025135751;21/07/2025;7191;AC MARCA ADHESIVES, SAU;313,79;65,9;313,79
;3025144635;17/09/2025;7191;AC MARCA ADHESIVES, SAU;6922,38;1453,7;6922,38
;3025154072;31/10/2025;7191;AC MARCA ADHESIVES, SAU;257,58;54,09;257,58
;3025156507;14/11/2025;7191;AC MARCA ADHESIVES, SAU;57,57;12,09;57,57
;3025163707;29/12/2025;7191;AC MARCA ADHESIVES, SAU;248,18;52,12;248,18
;3030733422;09/06/2025;2030;NILFISK-ADVANCE, S.A.;860,25;180,65;860,25
;3071490-F;02/09/2025;9625;SA HERRAJES DE CORREDERA, S.A.;338,38;71,06;338,38
;3110044482;07/04/2025;5547;WENKO HISPANIA,S.L.;762,6;160,15;762,6
;0/9760;30/09/2025;4518;FUNDICION DUCTIL FABREGAS,S.L.;451,96;0;451,96
;250891812;31/05/2025;12407;SOC. ESTATAL CORREOS Y TELEGRAFOS, S.A.;30,26;;58,97
;251484598;30/09/2025;12407;SOC. ESTATAL CORREOS Y TELEGRAFOS, S.A.;7,12;0;7,12
;251816712;30/11/2025;12407;SOC. ESTATAL CORREOS Y TELEGRAFOS, S.A.;16,16;0;16,16
;28022363;17/02/2025;11866;RODI ARAN, S.L.;4,18;;425,53
;20250213;31/03/2025;17018;AUTOMOVILES AUTORIUTOR, S.L.;39,38;;392,05
;25-01989;29/09/2025;1973;STANDARD HIDR?ULICA, S.A.U.;-115,39;0;-115,39
;250218;19/05/2025;11735;VIATGES TOCASONS S.L.;3986;;3986
;250269;09/06/2025;11735;VIATGES TOCASONS S.L.;3516;;3516
;250418;30/07/2025;11735;VIATGES TOCASONS S.L.;1000;;1000
;251391927;26/02/2025;18435;AIGÜES DE BARCELONA S.A.;41,23;;86,22
;254413447;26/06/2025;18435;AIGÜES DE BARCELONA S.A.;53,41;;120,62
;255894120;27/08/2025;18435;AIGÜES DE BARCELONA S.A.;34,79;;70,53
;304000005;31/03/2025;12407;SOC. ESTATAL CORREOS Y TELEGRAFOS, S.A.;10,79;;10,79
;AB0/9760;30/09/2025;4518;FUNDICION DUCTIL FABREGAS,S.L.;-451,96;;-451,96
;AN00004026;31/03/2025;17970;SOLRED, S.A.;40,26;0;40,26
;D30000705;30/06/2025;11444;APPLUS ITEUVE TECHNOLOGY, S.L.;4,18;;33,27
;F25-305544;15/01/2025;17629;PREVENACTIVA, S.L.U.;272,49;;709,74
;F25-319198;01/04/2025;17629;PREVENACTIVA, S.L.U.;272,49;;709,74
;FA012767;04/02/2025;14091;BAOFENG;289,27;;289,27
;GN25000015;14/01/2025;6065;MONTANA COLORS, S.L.;-12,19;;-246,59
;#F189413;28/11/2025;5920;COORDONN?, S.L.;135;28,36;135
;_250046474;20/10/2025;2748;GME DIVISION DE BA?OS SL;70,77;14,86;70,77
;0.390408;30/06/2025;4891;STAYER IBERICA, S.A.;457,15;96;457,15
;0/25104575;19/09/2025;2955;GRIFERIA SANITARIA ROVIRA, S.A.;286;60,06;286
;0/7641;25/07/2025;4518;FUNDICION DUCTIL FABREGAS,S.A.;513,94;107,93;513,94
;0/8643;25/08/2025;4518;FUNDICION DUCTIL FABREGAS,S.A.;635,42;133,44;635,42
;40;05/03/2025;11030;ELECTRICITAT R. GIRON, S.L.;28,6;6,01;28,6
;220;25/03/2025;12060;RADIO SYSTEMS EQUIP.ELECTRONICOS S.L.;605,88;127,23;605,88
;2500570;15/11/2025;18317;LLEIDA MANUTENCIO, S.L.;630,6;132,43;630,6
;255;05/08/2025;12060;RADIO SYSTEMS EQUIP.ELECTRONICOS S.L.;731,47;153,61;731,47
;1576004;11/06/2025;6472;DAKE FREGADEROS,S.L.U.;262,2;55,06;262,2
;1581317;09/10/2025;6472;DAKE FREGADEROS,S.L.U.;254,4;53,42;254,4
;1585006;19/12/2025;6472;DAKE FREGADEROS,S.L.U.;193,2;40,57;193,2
;22109701;05/09/2025;6065;MONTANA COLORS, S.L.;237,46;49,87;237,46
;2223541;26/06/2025;5693;SAS DELTA PLUS;138,3;29,04;138,3
;134/2025;17/07/2025;16097;AMELA I RÀFALES, IMMACULADA;116,54;24,47;116,54
;1366;16/06/2025;13947;BALUE JUSTO ADVOCATS, S.L.;110;23,1;110
;137;13/02/2025;2171;INYERASP, S.L.;285;59,85;285
;139/25;11/02/2025;13383;SILVIA BUELVAS OROZCO;169,8;35,66;169,8
;1851927179;14/03/2025;6799;HENKEL IBERICA, S.A.;576;120,96;576
;185881;31/07/2025;8755;TEJALA, S.A.;501,95;105,41;501,95
;1890015536;04/07/2025;6799;HENKEL IBERICA, S.A.;1098,96;230,78;1098,96
;19/02/2025;30/06/2025;4970;GRANITOS LEON, C.B.;3094,08;649,76;3094,08
;210746272;30/03/2025;472;BOLTZE GRUPPE GmbH;1061,1;222,83;1061,1
;24-023005;09/01/2025;841;SOC.ANON.SERVEI I COMERÇ ELECTRODOMESTIC;3617,64;759,7;3617,64
;24-023958;22/01/2025;841;SOC.ANON.SERVEI I COMERÇ ELECTRODOMESTIC;1652,61;347,05;1652,61
;24107997;07/01/2025;7048;MAKITA, S.A.;308,46;64,78;308,46
;25.010.155;15/10/2025;12527;CAJEBEL, S.L.;536,1;112,58;536,1
;25.010.268;21/10/2025;12527;CAJEBEL, S.L.;154,3;32,4;154,3
;25.012.232;24/12/2025;12527;CAJEBEL, S.L.;548,48;115,18;548,48
;25/003742;25/07/2025;9589;D&D STONE, S.L.U.;822;172,62;822
;25/006595;08/01/2025;15191;NABALIA ENERGIA 2000, SA;3192,61;670,45;3192,61
;25/017021;23/01/2025;15191;NABALIA ENERGIA 2000, SA;293,92;61,72;293,92
;25/033820;18/02/2025;15191;NABALIA ENERGIA 2000, SA;1065,85;223,83;1065,85
;25/036197;21/02/2025;15191;NABALIA ENERGIA 2000, SA;305,55;64,17;305,55
;25/040298;03/03/2025;15191;NABALIA ENERGIA 2000, SA;72,97;15,32;72,97
;25/055057;19/03/2025;15191;NABALIA ENERGIA 2000, SA;240,19;50,44;240,19
;25/269408;21/08/2025;17334;PC COMPONENTES Y MULTIMEDIA, S.L.;47,92;10,06;47,92
;25/416;22/09/2025;6277;MARMOLES ROYES, S.C.;1593,5;334,64;1593,5
;25/513;14/11/2025;6277;MARMOLES ROYES, S.C.;1593,5;334,64;1593,5
;25/525;11/03/2025;13947;BALUE JUSTO ADVOCATS, S.L.;859;180,39;859
;25/607;15/04/2025;920;COIMPE SUMINISTROS, S.L.;51,48;10,81;51,48
;25/641;25/04/2025;920;COIMPE SUMINISTROS, S.L.;1112,38;233,6;1112,38
;25-jul;14/01/2025;13947;BALUE JUSTO ADVOCATS, S.L.;933;195,93;933
;25/83;20/01/2025;13947;BALUE JUSTO ADVOCATS, S.L.;110;23,1;110
;2500000236;02/01/2025;4813;EHLIS, S.A.;59,43;12,48;59,43
;2500000475;31/01/2025;6004;MORTERO BENSEC SL;1588;333,48;1588
;2500000762;15/02/2025;6004;MORTERO BENSEC SL;2812,64;590,65;2812,64
;2500001439;07/01/2025;4813;EHLIS, S.A.;253,33;53,2;253,33
;2500002553;15/05/2025;6004;MORTERO BENSEC SL;3620,48;760,3;3620,48
;250000269;13/03/2025;19091;CERAMICA LA ESCANDELLA, S.A.;-33,3;-6,99;-33,3
;2500002997;09/01/2025;4813;EHLIS, S.A.;785,54;164,96;785,54
;2500003433;09/01/2025;4813;EHLIS, S.A.;225,65;47,39;225,65
;25000037;16/01/2025;964;MCF HIDRO LIGHTNING S.L.;569,68;119,63;569,68
;25-0000412;10/01/2025;3441;ALFA DYSER, S.L.;-139,19;-29,23;-139,19
;25000052;07/01/2025;1034;OTM SISTEMAS CONSTRUCTIVOS, S.L.U.;900;189;900
;2500005879;13/01/2025;4813;EHLIS, S.A.;110,57;23,22;110,57
;250000657;29/01/2025;9091;CERAMICA LA ESCANDELLA, S.A.;1732,89;363,91;1732,89
;250000687;31/01/2025;5891;COMERCIAL PERALBA S.A;183,6;38,56;183,6
;2500007612;14/01/2025;4813;EHLIS, S.A.;95,13;19,98;95,13
;2500007619;14/01/2025;4813;EHLIS, S.A.;891,14;187,14;891,14
;2500007764;14/01/2025;4813;EHLIS, S.A.;13,4;2,81;13,4
;2500010725;16/01/2025;4813;EHLIS, S.A.;487,18;102,31;487,18
;2500011599;17/01/2025;4813;EHLIS, S.A.;40,4;8,48;40,4
;2500012464;26/04/2025;18590;ACUMBAMAIL S.L.;65,29;13,71;65,29
;2500013297;20/01/2025;4813;EHLIS, S.A.;655,32;137,62;655,32
;2500015456;26/05/2025;18590;ACUMBAMAIL S.L.;65,29;13,71;65,29
;2500021638;25/07/2025;18590;ACUMBAMAIL S.L.;65,29;13,71;65,29
;2500024573;29/01/2025;4813;EHLIS, S.A.;473,81;99,5;473,81
;250002481;04/04/2025;9091;CERAMICA LA ESCANDELLA, S.A.;1944;408,24;1944
;2500027272;31/01/2025;4813;EHLIS, S.A.;122;25,62;122
;2500031059;03/02/2025;4813;EHLIS, S.A.;129,4;27,17;129,4
;2500032959;04/02/2025;4813;EHLIS, S.A.;786,49;165,16;786,49
;2500035017;05/02/2025;4813;EHLIS, S.A.;1701,56;357,33;1701,56
;2500039031;10/02/2025;4813;EHLIS, S.A.;438,91;92,17;438,91
;2500042866;13/02/2025;4813;EHLIS, S.A.;374,98;78,75;374,98
;2500042883;13/02/2025;4813;EHLIS, S.A.;361,6;75,94;361,6
;2500043974;14/02/2025;4813;EHLIS, S.A.;93,41;19,62;93,41
;2500045137;17/02/2025;4813;EHLIS, S.A.;300,23;63,05;300,23
;2500046868;18/02/2025;4813;EHLIS, S.A.;9,46;1,99;9,46
;2500047626;18/02/2025;4813;EHLIS, S.A.;428,92;90,07;428,92
;250005003;31/01/2025;2748;GME DIVISION DE BAÑOS SL;243,2;51,07;243,2
;250005386;04/02/2025;2748;GME DIVISION DE BAÑOS SL;244,85;51,42;244,85
;25FC021621;07/07/2025;5495;IBERMAPEI, S.A.;285,84;60,03;285,84
;25FC022761;15/07/2025;5495;IBERMAPEI, S.A.;177,52;37,28;177,52
;25FC023105;17/07/2025;5495;IBERMAPEI, S.A.;1098,05;230,59;1098,05
;25FC024693;31/07/2025;5495;IBERMAPEI, S.A.;3089,36;648,77;3089,36
;25FC030499;30/09/2025;5495;IBERMAPEI, S.A.;6683,13;1403,46;6683,13
;25FC031947;15/10/2025;5495;IBERMAPEI, S.A.;4036,6;847,69;4036,6
;25FC035342;13/11/2025;5495;IBERMAPEI, S.A.;909,42;190,98;909,42
;25FCO28544;12/09/2025;5495;IBERMAPEI, S.A.;788,64;165,61;788,64
;25FCO29360;19/09/2025;5495;IBERMAPEI, S.A.;504;105,84;504
;25FV00283;13/01/2025;4641;SCHLÜTER-SYSTEMS S.L.;67,05;14,08;67,05
;25FV00350;14/01/2025;4641;SCHLÜTER-SYSTEMS S.L.;254,23;53,39;254,23
;25FV00823;22/01/2025;4641;SCHLÜTER-SYSTEMS S.L.;529,18;111,13;529,18
;25FV01290;27/02/2025;20168;EXOJO, S.L.;84,71;17,79;84,71
;25FV06613;26/05/2025;4641;SCHLÜTER-SYSTEMS S.L.;497,04;104,38;497,04
;25FV06942;30/05/2025;4641;SCHLÜTER-SYSTEMS S.L.;1357,8;285,14;1357,8
;25FV08213;26/06/2025;4641;SCHLÜTER-SYSTEMS S.L.;787,71;165,42;787,71
;25FV10594;26/08/2025;4641;SCHLÜTER-SYSTEMS S.L.;291,28;61,17;291,28
;25FV11635;22/09/2025;4641;SCHL?TER-SYSTEMS S.L.;529,18;111,13;529,18
;260308;20/12/2025;4256;MECANO CAMP, S.A.;418,45;87,87;418,45
;2603194;29/12/2025;2137;ALTRAD PLETTAC IBERICA, S.L.;2005,25;421,1;2005,25
;2675;31/12/2025;18254;ALEXIA GARCIA PARDO;52,88;11,1;52,88
;2702;17/11/2025;13947;BALUE JUSTO ADVOCATS, S.L.;750;157,5;750
;278065;31/10/2025;629;ROAR, S.A.;58,39;12,26;58,39
;280410;11/02/2025;5358;I&E FOREST PANELS, S.L.;123,65;25,97;123,65
;280578;27/02/2025;5358;I&E FOREST PANELS, S.L.;1038,64;218,11;1038,64
;280691;11/03/2025;5358;I&E FOREST PANELS, S.L.;9169,32;1925,56;9169,32
;281373;20/05/2025;5358;I&E FOREST PANELS, S.L.;305,36;64,13;305,36
;281851;08/07/2025;5358;I&E FOREST PANELS, S.L.;1640,7;344,55;1640,7
;282005;23/07/2025;5358;I&E FOREST PANELS, S.L.;860,09;180,62;860,09
;282210;27/08/2025;5358;I E FOREST PANELS, S.L.;748,72;157,23;748,72
;282254;03/09/2025;5358;I E FOREST PANELS, S.L.;211,76;44,47;211,76
;282364;17/09/2025;5358;I E FOREST PANELS, S.L.;511,21;107,35;511,21
;282471;30/09/2025;5358;I E FOREST PANELS, S.L.;125,68;26,39;125,68
;282599;14/10/2025;5358;I E FOREST PANELS, S.L.;49,62;10,42;49,62
;283010;28/11/2025;5358;I E FOREST PANELS, S.L.;1429,09;300,11;1429,09
;283092;11/12/2025;5358;I E FOREST PANELS, S.L.;1644,78;345,4;1644,78
;283116;15/12/2025;5358;I E FOREST PANELS, S.L.;736,24;154,61;736,24
;2914003031;31/07/2025;3273;FUSTES LLEIDA, S.L.;-14;-2,94;-14
;2990;16/12/2025;13947;BALUE JUSTO ADVOCATS, S.L.;750;157,5;750
;449660;21/11/2025;8184;ALYCO TOOLS, SA;129,16;27,12;129,16
;46/00/2025;13/11/2025;2096;POLIMARK, SRL;669,51;140,6;669,51
;466437;23/09/2025;6623;TUCAI, S.A.;474,84;99,72;474,84
;466970;01/04/2025;7079;PREFABRICADOS CASTELLBISBAL SL;1631,11;342,53;1631,11
;4712501170;14/05/2025;9313;ZENON BATH & SPC SURFACES S.L.;622,5;130,73;622,5
;4712501267;22/05/2025;9313;ZENON BATH & SPC SURFACES S.L.;698,25;146,63;698,25
;4712502271;05/09/2025;9313;ZENON BATH   SPC SURFACES S.L.;159,57;33,51;159,57
;480.305;20/05/2025;7005;NOFER, S.L.;134,12;28,17;134,12
;482286;01/04/2025;9173;IRPEN, S.A.U.;383,4;80,51;383,4
;4900208855;07/03/2025;19045;GAS NATURAL REDES GLP, S.A.;105,07;22,06;105,07
;5/00005443;15/10/2025;6004;MORTERO BENSEC SL;495,4;104,03;495,4
;5/00006117;15/11/2025;6004;MORTERO BENSEC SL;1540;323,4;1540
;5/00006811;15/12/2025;6004;MORTERO BENSEC SL;1732;363,72;1732
;500223;09/01/2025;4709;GENEXIA DISTRIBUCIONES, S.L.;400,81;84,17;400,81
;5-014.719;08/04/2025;7669;IRONLUX GROUP 2003, S.A.;688,26;144,53;688,26
;5-015.507;15/07/2025;7669;IRONLUX GROUP 2003, S.A.;796,07;167,17;796,07
;5060550770;28/02/2025;2032;TECHTRONIC INDUSTRIES IBERIA, SL;176,4;37,04;176,4
;5060601000;20/09/2025;2032;TECHTRONIC INDUSTRIES IBERIA, SL;2385,4;500,93;2385,4
;5060607155;21/10/2025;2032;TECHTRONIC INDUSTRIES IBERIA, SL;1042,59;218,94;1042,59
;5067033450;28/02/2025;2032;TECHTRONIC INDUSTRIES IBERIA, SL;-237,46;-49,87;-237,46
;508100510;01/03/2025;10228;CLIMA-AINÉ, SCCL;1200;252;1200
;508100586;01/04/2025;10228;CLIMA-AINÉ, SCCL;1200;252;1200
;5097131321;31/01/2025;4538;FRIGICOLL, S.A.;-1136,12;-238,59;-1136,12
;5-10-00063;07/10/2025;6911;HISPANO ITALIANA DE REVESTIMIENTOS, SA;208,36;43,76;208,36
;510002220;20/03/2025;4983;CATA ELECTRODOMESTICOS, S.L.;-187,21;-39,31;-187,21
;5-11-00343;26/11/2025;6911;HISPANO ITALIANA DE REVESTIMIENTOS, SA;1037,48;217,87;1037,48
;512928;21/08/2025;2803;COLORBAN DESIGN 2015, S.L.;298,8;62,75;298,8
;513006;22/08/2025;2803;COLORBAN DESIGN 2015, S.L.;652,8;137,09;652,8
;513450;02/09/2025;2803;COLORBAN DESIGN 2015, S.L.;190,2;39,94;190,2
;5196127;08/04/2025;7918;DERIVADOS ASFALTICOS NORMALIZADOS, S.A.;270,02;56,7;270,02
;520231881;02/04/2025;1928;SOLER & PALAU SIST. DE VENTILACIÓN,S.L.U;544,51;114,35;544,51
;520253077;02/10/2025;11928;SOLER & PALAU SIST. DE VENTILACIÓN,S.L.U;711,56;149,43;711,56
;520689030;02/10/2025;666;FISCHER IBERICA, S.A.U.;43,68;9,17;43,68
;520694341;24/10/2025;666;FISCHER IBERICA, S.A.U.;227,07;47,69;227,07
;5210582;18/08/2025;7918;DERIVADOS ASFALTICOS NORMALIZADOS, S.A.;236,45;49,65;236,45
;5219595;03/11/2025;7918;DERIVADOS ASFALTICOS NORMALIZADOS, S.A.;5039,04;1058,2;5039,04
;523/A10427;02/10/2025;3553;VICAL HOME S.L.;1167,18;245,11;1167,18
;5250048809;03/11/2025;2748;GME DIVISION DE BA?OS SL;45,35;9,52;45,35
;5-40001238;12/11/2025;4708;BIGMAT LOGISTICA, S.A.;-73,68;-15,47;-73,68
;2500054287;25/02/2025;4813;EHLIS, S.A.;415,71;87,3;415,71
;250005703;30/06/2025;13487;SIEF-2, S.L.;211,78;44,47;211,78
;2500061212;27/02/2025;4813;EHLIS, S.A.;4,48;0,94;4,48
;25-0006391;10/03/2025;3441;ALFA DYSER, S.L.;-32,6;-6,85;-32,6
;25000641;10/07/2025;964;MCF HIDRO LIGHTNING S.L.;478,37;100,46;478,37
;2500067823;03/03/2025;4813;EHLIS, S.A.;141,71;29,76;141,71
;2500069140;03/03/2025;4813;EHLIS, S.A.;18,28;3,84;18,28
;25000759;29/08/2025;964;MCF HIDRO LIGHTNING S.L.;58,98;12,39;58,98
;2500078087;06/03/2025;4813;EHLIS, S.A.;4,73;0,99;4,73
;2500080107;07/03/2025;4813;EHLIS, S.A.;133,15;27,96;133,15
;25-00084;11/02/2025;841;SOC.ANON.SERVEI I COMERÇ ELECTRODOMESTIC;-310,49;-65,2;-310,49
;250008701;21/02/2025;2748;GME DIVISION DE BAÑOS SL;68,48;14,38;68,48
;2500089871;14/03/2025;4813;EHLIS, S.A.;401,73;84,36;401,73
;250009;20/01/2025;8649;CHMC INSTALACION Y DISTRIBUCION, S.L.;210;44,1;210
;25000916;16/10/2025;964;MCF HIDRO LIGHTNING S.L.;109,12;22,92;109,12
;25000966;03/11/2025;964;MCF HIDRO LIGHTNING S.L.;109,12;22,92;109,12
;2500097363;19/03/2025;4813;EHLIS, S.A.;-493,63;-103,66;-493,63
;2500097364;19/03/2025;4813;EHLIS, S.A.;-84,25;-17,69;-84,25
;2500100675;30/04/2025;2118;CUBIERTAS Y ACCESORIOS VITORIA, S.L;1150,9;241,69;1150,9
;2500100928;20/03/2025;4813;EHLIS, S.A.;183,79;38,6;183,79
;2500104166;24/03/2025;4813;EHLIS, S.A.;257,89;54,16;257,89
;2500106519;25/03/2025;4813;EHLIS, S.A.;329,07;69,1;329,07
;25001077;15/04/2025;6672;FALMEC IBERIA, SL;315;66,15;315
;2500108428;26/03/2025;4813;EHLIS, S.A.;264,83;55,61;264,83
;25001119;17/02/2025;2142;IMCOINSA 1985, S.L.;168,37;35,36;168,37
;2500115045;31/03/2025;14813;EHLIS, S.A.;-591;-124,11;-591
;2500117275;01/04/2025;4813;EHLIS, S.A.;295,05;61,96;295,05
;2500117886;01/04/2025;4813;EHLIS, S.A.;130,11;27,32;130,11
;2500119526;02/04/2025;4813;EHLIS, S.A.;226,68;47,6;226,68
;250012;09/01/2025;8005;TORNILLERIA VERGARESA, S.L.;297,09;62,39;297,09
;2500121164;02/04/2025;4813;EHLIS, S.A.;376,6;79,09;376,6
;2500127234;01/04/2025;14813;EHLIS, S.A.;945,5;198,56;945,5
;25-001291;20/06/2025;16354;COROB IBERIA, S.L.U.;82;17,22;82
;2500134266;11/04/2025;4813;EHLIS, S.A.;98,5;20,69;98,5
;250013445;21/03/2025;2748;GME DIVISION DE BAÑOS SL;138,57;29,1;138,57
;2500136426;15/04/2025;4813;EHLIS, S.A.;98,52;20,69;98,52
;2500138527;15/04/2025;4813;EHLIS, S.A.;-36,53;-7,67;-36,53
;2500139884;16/04/2025;4813;EHLIS, S.A.;57,62;12,1;57,62
;2500150225;29/04/2025;4813;EHLIS, S.A.;409,6;86,02;409,6
;2500157;31/01/2025;9349;GRONPESTANKA, SLU;295;61,95;295
;2500159386;07/05/2025;4813;EHLIS, S.A.;337,69;70,91;337,69
;2500162550;09/05/2025;4813;EHLIS, S.A.;311,59;65,43;311,59
;2500166;10/01/2025;9305;F.F. BOFILL, S.A.;390,64;82,03;390,64
;25001698;07/04/2025;1034;OTM SISTEMAS CONSTRUCTIVOS, S.L.U.;316,17;66,4;316,17
;25001717;15/01/2025;8826;COMERCIAL SALGAR, S.A.;268,2;56,32;268,2
;250017583;11/04/2025;2748;GME DIVISION DE BAÑOS SL;198,43;41,67;198,43
;250017723;15/12/2025;5891;COMERCIAL PERALBA S.A;55,9;11,74;55,9
;2500180799;22/05/2025;4813;EHLIS, S.A.;135,66;28,49;135,66
;2500181177;22/05/2025;4813;EHLIS, S.A.;48,15;10,11;48,15
;2500185500;27/05/2025;4813;EHLIS, S.A.;612,28;128,58;612,28
;2500186578;28/05/2025;4813;EHLIS, S.A.;329,45;69,18;329,45
;2500189268;29/05/2025;4813;EHLIS, S.A.;70,49;14,8;70,49
;2500190042;30/05/2025;4813;EHLIS, S.A.;325,85;68,43;325,85
;2500191979;02/06/2025;4813;EHLIS, S.A.;297,68;62,51;297,68
;25001945;27/03/2025;7243;BOSCH MARIN, S.L.;1341,32;281,68;1341,32
;2500198388;04/06/2025;4813;EHLIS, S.A.;108,74;22,84;108,74
;2500199742;05/06/2025;4813;EHLIS, S.A.;115,23;24,2;115,23
;25-002010;27/10/2025;1460;AFFINI BATH, SL;345,99;72,66;345,99
;2500203822;09/06/2025;4813;EHLIS, S.A.;489,27;102,75;489,27
;2500210621;13/06/2025;4813;EHLIS, S.A.;785;164,85;785
;2500214600;17/06/2025;4813;EHLIS, S.A.;548,85;115,26;548,85
;2500217535;18/06/2025;4813;EHLIS, S.A.;303,24;63,68;303,24
;250022131;14/05/2025;2748;GME DIVISION DE BAÑOS SL;219,43;46,08;219,43
;2500224456;25/06/2025;4813;EHLIS, S.A.;512,23;107,57;512,23
;250023590;22/05/2025;2748;GME DIVISION DE BAÑOS SL;24,32;5,11;24,32
;250023647;22/05/2025;2748;GME DIVISION DE BAÑOS SL;134,86;28,32;134,86
;25002372;15/05/2025;1034;OTM SISTEMAS CONSTRUCTIVOS, S.L.U.;1666,07;349,87;1666,07
;2500247;24/07/2025;8510;PEDRAVAL, S.L.;8316;1746,36;8316
;2500251460;11/07/2025;4813;EHLIS, S.A.;153,85;32,31;153,85
;25-002573;12/03/2025;841;SOC.ANON.SERVEI I COMERÇ ELECTRODOMESTIC;2260,5;474,71;2260,5
;2500259010;17/07/2025;4813;EHLIS, S.A.;275,12;57,78;275,12
;25002653;31/10/2025;5299;CRISAL DECORACION E INTERIORISMO, S.L.;1041;218,61;1041
;2500276329;31/07/2025;4813;EHLIS, S.A.;259,12;54,42;259,12
;250028113;17/06/2025;2748;GME DIVISION DE BAÑOS SL;390,77;82,06;390,77
;2500281327;04/08/2025;4813;EHLIS, S.A.;258,17;54,22;258,17
;2500284306;06/08/2025;4813;EHLIS, S.A.;270,05;56,71;270,05
;2500284557;06/08/2025;4813;EHLIS, S.A.;345,74;72,61;345,74
;2500292225;19/08/2025;4813;EHLIS, S.A.;279,36;58,67;279,36
;2500299292;29/08/2025;4813;EHLIS, S.A.;139,87;29,37;139,87
;25003;14/01/2025;14591;SUILS COMMODITY, S.L.;519,65;109,13;519,65
;2500302801;01/09/2025;4813;EHLIS, S.A.;19,36;4,07;19,36
;2500306367;03/09/2025;4813;EHLIS, S.A.;503,69;105,77;503,69
;2500311697;09/09/2025;4813;EHLIS, S.A.;330,99;69,51;330,99
;5-40025787;10/09/2025;4708;BIGMAT LOGISTICA, S.A.;-23,31;-4,9;-23,31
;5-40026566;17/09/2025;4708;BIGMAT LOGISTICA, S.A.;3095,62;650,08;3095,62
;5-40026719;19/09/2025;4708;BIGMAT LOGISTICA, S.A.;-32,28;-6,78;-32,28
;1333818138;16/10/2025;3550;BSH ELECTRODOMESTICOS ESPA?A, S.A.;598,35;125,65;598,35
;1333819620;17/10/2025;3550;BSH ELECTRODOMESTICOS ESPA?A, S.A.;664,1;139,46;664,1
;1333844420;05/11/2025;3550;BSH ELECTRODOMESTICOS ESPA?A, S.A.;185,84;39,03;185,84
;1333850454;11/11/2025;3550;BSH ELECTRODOMESTICOS ESPA?A, S.A.;464,59;97,56;464,59
;1333852195;12/11/2025;3550;BSH ELECTRODOMESTICOS ESPA?A, S.A.;1172,54;246,23;1172,54
;1333854111;13/11/2025;3550;BSH ELECTRODOMESTICOS ESPA?A, S.A.;872,26;183,17;872,26
;1333856084;14/11/2025;3550;BSH ELECTRODOMESTICOS ESPA?A, S.A.;1762,48;370,12;1762,48
;1333875858;27/11/2025;3550;BSH ELECTRODOMESTICOS ESPA?A, S.A.;877,05;184,18;877,05
;1333885741;03/12/2025;3550;BSH ELECTRODOMESTICOS ESPA?A, S.A.;710,15;149,13;710,15
;1333890613;05/12/2025;3550;BSH ELECTRODOMESTICOS ESPA?A, S.A.;354,46;74,44;354,46
;1333897630;12/12/2025;3550;BSH ELECTRODOMESTICOS ESPA?A, S.A.;801,49;168,31;801,49
;1333898152;12/12/2025;3550;BSH ELECTRODOMESTICOS ESPA?A, S.A.;381,45;80,1;381,45
;1333898154;12/12/2025;3550;BSH ELECTRODOMESTICOS ESPA?A, S.A.;405,9;85,24;405,9
;1333915147;29/12/2025;3550;BSH ELECTRODOMESTICOS ESPA?A, S.A.;661,84;138,99;661,84
;20052025;20/05/2025;10013;BANCO SANTANDER, S.A.;16,86;3,55;16,86
;2010125331;02/05/2025;5427;CUPA PIZARRAS S.A;23372,06;4908,13;23372,06
;2010126050;09/06/2025;5427;CUPA PIZARRAS S.A;11096,33;2330,23;11096,33
;2250104124;31/01/2025;1840;GRUPO ELECTRO STOCK, SLU;-172;-36,12;-172
;2250202740;05/02/2025;8302;VELILLA CONFECCIÓN INDUSTRIAL,S.A.;287,26;60,32;287,26
;22502689;22/01/2025;7494;GRUPODESA FASTENERS, S.A.U.;161,14;33,84;161,14
;22504364;31/01/2025;7494;GRUPODESA FASTENERS, S.A.U.;230,5;48,41;230,5
;22507899;25/02/2025;7494;GRUPODESA FASTENERS, S.A.U.;98,72;20,73;98,72
;225101582;14/02/2025;6340;MARAZZI IBERIA, S.A.U.;731,61;153,64;731,61
;225103589;04/04/2025;6340;MARAZZI IBERIA, S.A.U.;98,86;20,76;98,86
;225107473;11/07/2025;6340;MARAZZI IBERIA, S.A.U.;101,32;21,27;101,32
;225107738;18/07/2025;6340;MARAZZI IBERIA, S.A.U.;185,02;38,85;185,02
;225110343;03/10/2025;6340;MARAZZI IBERIA, S.A.U.;872,73;183,27;872,73
;225113305;19/12/2025;6340;MARAZZI IBERIA, S.A.U.;266,63;55,99;266,63
;22515760;17/04/2025;7494;GRUPODESA FASTENERS, S.A.U.;134,34;28,21;134,34
;22518333;08/05/2025;7494;GRUPODESA FASTENERS, S.A.U.;329,73;69,24;329,73
;22518535;09/05/2025;7494;GRUPODESA FASTENERS, S.A.U.;139,49;29,29;139,49
;22523834;11/06/2025;7494;GRUPODESA FASTENERS, S.A.U.;187,6;39,4;187,6
;22529703;22/07/2025;7494;GRUPODESA FASTENERS, S.A.U.;184,45;38,73;184,45
;22533338;21/08/2025;7494;GRUPODESA FASTENERS, S.A.U.;221,18;46,45;221,18
;22535460;09/09/2025;7494;GRUPODESA FASTENERS, S.A.U.;136,39;28,64;136,39
;229070525;07/05/2025;10013;BANCO SANTANDER, S.A.;152,16;31,95;152,16
;3800005505;01/08/2025;5547;WENKO HISPANIA,S.L.;-7,52;-1,58;-7,52
;383552439;07/02/2025;10013;BANCO SANTANDER, S.A.;121,5;25,52;121,5
;3911352297;04/11/2025;2305;WEBER CEMARKSA,S.A.U.;275,94;57,95;275,94
;396838;24/02/2025;5995;MATERIALES Y DISEÑOS, S.A.;130,67;27,44;130,67
;4;24/07/2025;14822;BENJAMIN ABADIA MOGA;1830;384,3;1830
;401013010;15/12/2025;5764;IMPREX EUROPE, S.L.;269,42;56,58;269,42
;410022;14/01/2025;3013;PUJOL ELEMENTS, S.A.;293,88;61,71;293,88
;410829;08/01/2025;8184;ALYCO TOOLS, SA;240,05;50,41;240,05
;411537;14/01/2025;8184;ALYCO TOOLS, SA;120,75;25,36;120,75
;413961;14/04/2025;5140;PREFABRICADOS PUJOL, S.A.;-1139,5;-239,3;-1139,5
;414616;04/02/2025;8184;ALYCO TOOLS, SA;176,85;37,14;176,85
;414855;05/02/2025;8184;ALYCO TOOLS, SA;115,79;24,32;115,79
;415719;28/05/2025;5140;PREFABRICADOS PUJOL, S.A.;119,56;25,11;119,56
;417252;26/06/2025;5140;PREFABRICADOS PUJOL, S.A.;215,92;45,34;215,92
;418955;11/03/2025;8184;ALYCO TOOLS, SA;133,04;27,94;133,04
;419999;29/08/2025;5140;PREFABRICADOS PUJOL, S.A.;1834,8;385,31;1834,8
;424263;23/04/2025;8184;ALYCO TOOLS, SA;159,58;33,51;159,58
;424583;14/11/2025;5140;PREFABRICADOS PUJOL, S.A.;1646,98;345,87;1646,98
;4250001473;10/03/2025;525;AMILIBIA Y DE LA IGLESIA,S.A.;-18;-3,78;-18
;425195;30/04/2025;8184;ALYCO TOOLS, SA;172,22;36,17;172,22
;425597;08/05/2025;8184;ALYCO TOOLS, SA;118,41;24,87;118,41
;430249;12/06/2025;8184;ALYCO TOOLS, SA;141,24;29,66;141,24
;432513;30/06/2025;8184;ALYCO TOOLS, SA;120,67;25,34;120,67
;435764;28/07/2025;8184;ALYCO TOOLS, SA;202,02;42,42;202,02
;435810;29/07/2025;8184;ALYCO TOOLS, SA;102,76;21,58;102,76
;436060;29/07/2025;8184;ALYCO TOOLS, SA;104,64;21,97;104,64
;437128;07/08/2025;8184;ALYCO TOOLS, SA;254,92;53,53;254,92
;438;01/04/2025;18159;MARCO INVEST, S.A.;125;26,25;125
;438032;27/08/2025;8184;ALYCO TOOLS, SA;244,88;51,42;244,88
;442095;26/09/2025;8184;ALYCO TOOLS, SA;154,05;32,35;154,05
;4423541753;18/06/2025;3015;HANSGROHE, S.A.;52,36;11;52,36
;4423551495;30/10/2025;3015;HANSGROHE, S.A.;28,2;5,92;28,2
;4425105760;29/08/2025;2737;PORCELANOSA BATIMAT, S.A.;8637,3;1813,83;8637,3
;442934;30/09/2025;8184;ALYCO TOOLS, SA;104,96;22,04;104,96
;443057;02/10/2025;8184;ALYCO TOOLS, SA;102,73;21,57;102,73
;444655;15/10/2025;8184;ALYCO TOOLS, SA;139,37;29,27;139,37
;445107;20/10/2025;8184;ALYCO TOOLS, SA;123,17;25,87;123,17
;446503;29/10/2025;8184;ALYCO TOOLS, SA;120,2;25,24;120,2
;447114;31/10/2025;8184;ALYCO TOOLS, SA;158,64;33,31;158,64
;447873;10/11/2025;8184;ALYCO TOOLS, SA;108,4;22,76;108,4
;2500320112;17/09/2025;4813;EHLIS, S.A.;491,9;103,3;491,9
;2500326603;23/09/2025;4813;EHLIS, S.A.;321,48;67,51;321,48
;2500327582;23/09/2025;4813;EHLIS, S.A.;718,92;150,97;718,92
;2500328;17/09/2025;8510;PEDRAVAL, S.L.;2138,4;449,06;2138,4
;250034065;22/07/2025;2748;GME DIVISION DE BAÑOS SL;132,49;27,82;132,49
;2500346829;02/10/2025;4813;EHLIS, S.A.;99,24;20,84;99,24
;2500347364;02/10/2025;4813;EHLIS, S.A.;298,34;62,65;298,34
;2500368658;16/10/2025;4813;EHLIS, S.A.;195,52;41,06;195,52
;25-003693;11/07/2025;8040;ALTADEX, S.A.;509,32;106,96;509,32
;2500369558;17/10/2025;4813;EHLIS, S.A.;306,71;64,41;306,71
;2500377157;24/10/2025;4813;EHLIS, S.A.;800,74;168,16;800,74
;2500383288;29/10/2025;4813;EHLIS, S.A.;442,07;92,83;442,07
;2500387771;31/10/2025;4813;EHLIS, S.A.;66;13,86;66
;2500387932;31/10/2025;4813;EHLIS, S.A.;532,28;111,78;532,28
;25-003993;02/04/2025;841;SOC.ANON.SERVEI I COMERÇ ELECTRODOMESTIC;1351,68;283,85;1351,68
;2500404614;13/11/2025;4813;EHLIS, S.A.;199,91;41,98;199,91
;2500407844;17/11/2025;4813;EHLIS, S.A.;221,66;46,55;221,66
;2500412453;19/11/2025;4813;EHLIS, S.A.;296,05;62,17;296,05
;2500414757;20/11/2025;4813;EHLIS, S.A.;266,66;56;266,66
;2500416556;24/11/2025;4813;EHLIS, S.A.;322,8;67,79;322,8
;2500416561;24/11/2025;4813;EHLIS, S.A.;383,17;80,47;383,17
;2500417814;24/11/2025;4813;EHLIS, S.A.;368,55;77,4;368,55
;2500418;28/11/2025;8510;PEDRAVAL, S.L.;1419,14;298,02;1419,14
;2500420854;25/11/2025;4813;EHLIS, S.A.;-29,45;-6,18;-29,45
;2500420977;26/11/2025;4813;EHLIS, S.A.;301,13;63,24;301,13
;2500422407;26/11/2025;4813;EHLIS, S.A.;1050,72;220,65;1050,72
;2500423756;27/11/2025;4813;EHLIS, S.A.;172,2;36,16;172,2
;2500427431;01/12/2025;4813;EHLIS, S.A.;674,92;141,73;674,92
;2500430516;02/12/2025;4813;EHLIS, S.A.;284,22;59,69;284,22
;2500431080;30/11/2025;14813;EHLIS, S.A.;170,5;35,81;170,5
;2500442097;11/12/2025;4813;EHLIS, S.A.;417,46;87,67;417,46
;2500449945;17/12/2025;4813;EHLIS, S.A.;886,89;186,25;941,68
;25004517;08/09/2025;1034;OTM SISTEMAS CONSTRUCTIVOS, S.L.U.;629;132,09;629
;2500461831;31/12/2025;4813;EHLIS, S.A.;397,57;83,49;397,57
;250054827;11/12/2025;2748;GME DIVISION DE BA?OS SL;49,22;10,34;49,22
;250054890;11/12/2025;2748;GME DIVISION DE BA?OS SL;46,45;9,75;46,45
;25-005819;15/05/2025;536;HIDRO LLEIDA S.A.;3114,86;654,13;3114,86
;25006160;24/11/2025;7243;BOSCH MARIN, S.L.;4915,04;1032,16;4915,04
;25-006658;31/05/2025;536;HIDRO LLEIDA S.A.;2608,18;547,72;2608,18
;25007029;18/12/2025;7243;BOSCH MARIN, S.L.;1292,72;271,47;1292,72
;2500729;13/03/2025;9588;DUCASA CLIMA, S.A.;94,56;19,86;94,56
;25007875;15/02/2025;8826;COMERCIAL SALGAR, S.A.;574,56;120,66;574,56
;25-007882;28/05/2025;841;SOC.ANON.SERVEI I COMERÇ ELECTRODOMESTIC;1154,7;242,49;1154,7
;25-008370;30/06/2025;536;HIDRO LLEIDA S.A.;984,04;206,65;984,04
;25-009163;15/07/2025;536;HIDRO LLEIDA S.A.;926,58;194,57;926,58
;2500929;08/02/2025;16080;WIRQUIN CALAF, S.L.;-85,08;-17,87;-85,08
;25009906;10/04/2025;583;PLASTICOS TA-TAY,S.A.;376,01;78,96;376,01
;25-009973;31/07/2025;536;HIDRO LLEIDA S.A.;381,22;80,06;381,22
;25010012;13/05/2025;7676;FABRICACION DE MATERIAL ELECTRICO, S.A.;520,21;109,24;520,21
;2501001801;20/01/2025;4983;CATA ELECTRODOMESTICOS, S.L.;274,82;57,71;274,82
;2501002173;22/12/2025;2118;CUBIERTAS Y ACCESORIOS VITORIA, S.L;219,15;46,02;219,15
;2501003404;17/03/2025;20055;POALGI, S.L.;60;12,6;60
;2501004802;14/04/2025;20055;POALGI, S.L.;555,6;116,68;555,6
;2501005087;22/04/2025;20055;POALGI, S.L.;215,8;45,32;215,8
;2501007517;25/02/2025;4983;CATA ELECTRODOMESTICOS, S.L.;240,57;50,52;240,57
;2501007664;26/02/2025;4983;CATA ELECTRODOMESTICOS, S.L.;189,84;39,87;189,84
;25010149;29/04/2025;7048;MAKITA, S.A.;7,76;1,63;7,76
;2501173;24/02/2025;7548;ACO PRODUCTOS POLIMEROS, S.A.;174,8;36,71;174,8
;25-012093;23/07/2025;841;SOC.ANON.SERVEI I COMERÇ ELECTRODOMESTIC;3876,52;814,07;3876,52
;2501237;16/05/2025;5946;GERMANS ALEGRET, S.L.;49,74;10,45;49,74
;25012723;17/06/2025;7676;FABRICACION DE MATERIAL ELECTRICO, S.A.;422,29;88,68;422,29
;2501303;26/05/2025;5946;GERMANS ALEGRET, S.L.;48,08;10,1;48,08
;250135;26/03/2025;2954;TALLERS GERMANS GALIANO, SL;12800;2688;12800
;2501412;06/05/2025;4969;BUR 2000, S.A.;3225,92;677,45;3225,92
;25014167;15/03/2025;8826;COMERCIAL SALGAR, S.A.;991,23;208,16;991,23
;2501464;31/03/2025;3180;GRONPES, S.L.;59,46;12,49;59,46
;2501467;09/05/2025;4969;BUR 2000, S.A.;2337,98;490,98;2337,98
;2501493;02/10/2025;9039;PREFABRICADOS FRAGA, S.A.;2426,1;509,48;2426,1
;25015124;26/03/2025;6078;BELLOTA HERRAMIENTAS, S.A.;21,89;4,6;21,89
;25016146;01/08/2025;7676;FABRICACION DE MATERIAL ELECTRICO, S.A.;312,21;65,56;312,21
;2501659;23/07/2025;5946;GERMANS ALEGRET, S.L.;14,3;3;14,3
;2501751;28/02/2025;8235;MADERAS PLANES, S.L.;491,12;103,14;491,12
;2501772;02/09/2025;9588;DUCASA CLIMA, S.A.;276,22;58,01;276,22
;250180;15/04/2025;2954;TALLERS GERMANS GALIANO, SL;-1600;-336;-1600
;250202674;28/02/2025;1235;COMERCIAL SANYC CES, S.L.;89,65;18,83;89,65
;25020317RI;09/10/2025;7676;FABRICACION DE MATERIAL ELECTRICO, S.A.;103,05;21,64;103,05
;25020472;04/06/2025;7048;MAKITA, S.A.;171,23;35,96;171,23
;25020517;15/04/2025;8826;COMERCIAL SALGAR, S.A.;254,79;53,51;254,79
;25020530EN;28/11/2025;6701;VALVULAS ARCO, S.L.;-795;-166,95;-795
;25020962;15/04/2025;8826;COMERCIAL SALGAR, S.A.;228;47,88;228
;2502141;24/09/2025;5946;GERMANS ALEGRET, S.L.;15,3;3,21;15,3
;2502174;30/04/2025;3180;GRONPES, S.L.;48,73;10,23;48,73
;2502203;31/03/2025;7548;ACO PRODUCTOS POLIMEROS, S.A.;2300,13;483,03;2300,13
;25022119;15/04/2025;8826;COMERCIAL SALGAR, S.A.;-1333,53;-280,04;-1333,53
;25022558;11/03/2025;14562;SISTEMAS DIGITALES CORPORATE, S.L.;375,44;78,84;375,44
;2502258;08/10/2025;5946;GERMANS ALEGRET, S.L.;5,34;1,12;5,34
;2502434;30/09/2025;9349;GRONPESTANKA, SLU;1439,31;302,26;1439,31
;25024956RI;12/12/2025;7676;FABRICACION DE MATERIAL ELECTRICO, S.A.;23,04;4,84;23,04
;2502506;06/05/2025;3954;BATHCO;1899,7;398,94;1899,7
;2502523;17/07/2025;4969;BUR 2000, S.A.;1365,28;286,71;1365,28
;25025580;16/06/2025;7048;MAKITA, S.A.;560,54;117,71;560,54
;25027199;15/01/2025;17455;GRESPANIA, S.A.;-309,28;-64,95;-309,28
;25029027;23/06/2025;7048;MAKITA, S.A.;34,92;7,33;34,92
;250300737;15/03/2025;7134;ALBERTO SOLER, S.A.;194,72;40,89;194,72
;25031654;27/06/2025;7048;MAKITA, S.A.;244,44;51,33;244,44
;25-032;30/05/2025;17459;JESÚS RAIMUNDO DIGÓN SANTIN;1300;273;1300
;25032365;30/06/2025;7048;MAKITA, S.A.;37,25;7,82;37,25
;2503312;30/06/2025;3180;GRONPES, S.L.;149,77;31,45;149,77
;2503320;12/06/2025;3954;BATHCO;110,15;23,13;110,15
;2503380401;31/03/2025;12006;MOVISTAR PROSEGUR ALARMAS, S.L.;53,77;11,29;53,77
;2503472;23/12/2025;9349;GRONPESTANKA, SLU;16,27;3,42;16,27
;2503528;30/06/2025;3180;GRONPES, S.L.;209,24;43,94;209,24
;2503597;15/10/2025;4969;BUR 2000, S.A.;671,39;141;671,39
;25036201;29/04/2025;14562;SISTEMAS DIGITALES CORPORATE, S.L.;664;139,44;664
;25036583;19/12/2025;11003;COMERCIAL PINAMAS, S.L.;595,84;125,13;3382,13
;2504005998;01/01/2025;11265;ASCENSORES GALO, S.L.U;42;8,82;42
;2504007495;01/02/2025;11265;ASCENSORES GALO, S.L.U;42;8,82;42
;2504008559;01/03/2025;11265;ASCENSORES GALO, S.L.U;288,67;60,62;288,67
;2540004510;17/02/2025;4708;BIGMAT LOGISTICA, S.A.;3436,78;721,72;3436,78
;2540005049;21/02/2025;4708;BIGMAT LOGISTICA, S.A.;-671,3;-140,97;-671,3
;2540005151;24/02/2025;4708;BIGMAT LOGISTICA, S.A.;1512,52;317,63;1512,52
;2540005657;27/02/2025;4708;BIGMAT LOGISTICA, S.A.;3172,24;666,17;3172,24
;2540007840;20/03/2025;4708;BIGMAT LOGISTICA, S.A.;5527,27;1160,73;5527,27
;2540009365;03/04/2025;4708;BIGMAT LOGISTICA, S.A.;5932,65;1245,86;5932,65
;2540011832;30/04/2025;4708;BIGMAT LOGISTICA, S.A.;4002,64;840,55;4002,64
;25-400123;10/01/2025;9813;BIGMAT IBERIA, S.A.;835,5;175,46;835,5
;2540012812;28/01/2025;15662;LEASYS S.P.A. Sucursal España;590,75;124,06;590,75
;2540013249;14/05/2025;4708;BIGMAT LOGISTICA, S.A.;7514,07;1577,95;7514,07
;2540014516;26/05/2025;4708;BIGMAT LOGISTICA, S.A.;3962,15;832,05;4016,42
;2540015419;02/06/2025;4708;BIGMAT LOGISTICA, S.A.;4112,49;863,62;4112,49
;2540016024;06/06/2025;4708;BIGMAT LOGISTICA, S.A.;4142,2;869,86;4142,2
;2540016842;13/06/2025;4708;BIGMAT LOGISTICA, S.A.;3941,35;827,68;3941,35
;2540017745;23/06/2025;4708;BIGMAT LOGISTICA, S.A.;3659,81;768,56;3659,81
;2540021629;28/07/2025;4708;BIGMAT LOGISTICA, S.A.;3118,13;654,81;3118,13
;2540022111;31/07/2025;4708;BIGMAT LOGISTICA, S.A.;14251,77;2992,87;14251,77
;2540022763;07/08/2025;4708;BIGMAT LOGISTICA, S.A.;7291,83;1531,28;7291,83
;2540023477;13/08/2025;4708;BIGMAT LOGISTICA, S.A.;2862,21;601,06;2862,21
;2540024346;28/08/2025;4708;BIGMAT LOGISTICA, S.A.;-55,2;-11,59;-55,2
;2540024784;28/08/2025;4708;BIGMAT LOGISTICA, S.A.;10474,94;2199,74;10474,94
;25400659;21/03/2025;7733;SAKYDU, S.L.;781,87;164,19;781,87
;25-401048;26/02/2025;9813;BIGMAT IBERIA, S.A.;51,8;10,88;51,8
;25401125;16/05/2025;7733;SAKYDU, S.L.;356,68;74,9;356,68
;2540148857;31/10/2025;15662;LEASYS S.P.A. Sucursal España;435,29;91,41;435,29
;25401919;07/08/2025;7733;SAKYDU, S.L.;465,96;97,85;465,96
;25402610;14/05/2025;9813;BIGMAT IBERIA, S.A.;594,18;124,78;594,18
;25-403321;11/06/2025;9813;BIGMAT IBERIA, S.A.;2,19;0,46;2,19
;25-404040;09/07/2025;9813;BIGMAT IBERIA, S.A.;152,96;32,12;152,96
;25-404526;31/07/2025;9813;BIGMAT IBERIA, S.A.;228,29;47,94;228,29
;25-404707;08/08/2025;9813;BIGMAT IBERIA, S.A.;47,5;9,98;47,5
;25-404870;20/08/2025;9813;BIGMAT IBERIA, S.A.;75,28;15,81;75,28
;25404979;27/08/2025;9813;BIGMAT IBERIA, S.A.;301,74;63,37;301,74
;25-404979;27/08/2025;9813;BIGMAT IBERIA, S.A.;301,74;63,37;301,74
;25-406094;29/10/2025;9813;BIGMAT IBERIA, S.A.;85,51;17,96;85,51
;2541011758;29/08/2025;19645;SYSTEM OFIPRIX, S.L.;750,13;157,53;750,13
;254455;15/07/2025;4256;MECANO CAMP, S.A.;42,77;8,98;42,77
;2550001340;05/03/2025;14708;BIGMAT LOGISTICA, S.A.;1895,97;398,15;1895,97
;2550003679;02/07/2025;14708;BIGMAT LOGISTICA, S.A.;590;123,9;590
;2550004240;06/08/2025;14708;BIGMAT LOGISTICA, S.A.;1208,9;253,87;1208,9
;255802;20/10/2025;4256;MECANO CAMP, S.A.;344,29;72,3;344,29
;256.650;03/10/2025;4402;INDUSTRIAL BLANSOL, SA;780,71;163,95;780,71
;2560007201;30/07/2025;6955;BECRISA 2011, S.L.;108,56;22,8;108,56
;256021833;07/08/2025;2748;GME DIVISION DE BAÑOS SL;105,41;22,14;105,41
;256033376;27/11/2025;2748;GME DIVISION DE BA?OS SL;228,27;47,94;228,27
;25691227;17/03/2025;7455;GRESPANIA, S.A.;2239,51;470,3;2239,51
;25691673;24/03/2025;7455;GRESPANIA, S.A.;163,32;34,3;163,32
;25693791;15/04/2025;7455;GRESPANIA, S.A.;1004,35;210,91;1004,35
;25695045;02/05/2025;7455;GRESPANIA, S.A.;101,55;21,33;101,55
;25697915;03/06/2025;7455;GRESPANIA, S.A.;251,08;52,73;251,08
;25699551;20/06/2025;7455;GRESPANIA, S.A.;14,85;3,12;14,85
;257.580;07/11/2025;4402;INDUSTRIAL BLANSOL, SA;182,68;38,36;182,68
;25701374;11/07/2025;7455;GRESPANIA, S.A.;221,71;46,56;221,71
;281677;20/06/2025;5358;I&E FOREST PANELS, S.L.;211,76;44,47;211,76
;281899;11/07/2025;5358;I&E FOREST PANELS, S.L.;464,16;97,47;464,16
;281958;18/07/2025;5358;I&E FOREST PANELS, S.L.;402,82;84,59;402,82
;282052;30/07/2025;5358;I&E FOREST PANELS, S.L.;69,46;14,59;69,46
;282061;30/07/2025;5358;I&E FOREST PANELS, S.L.;60,33;12,67;60,33
;282337;15/09/2025;5358;I E FOREST PANELS, S.L.;149,45;31,38;149,45
;282832;07/11/2025;5358;I E FOREST PANELS, S.L.;615,6;129,28;615,6
;283067;09/12/2025;5358;I E FOREST PANELS, S.L.;933,19;195,97;933,19
;283132;16/12/2025;5358;I E FOREST PANELS, S.L.;131,55;27,63;131,55
;284-25;18/11/2025;17398;AVEZAR 8, SL;752,35;157,99;752,35
;465312;05/09/2025;6623;TUCAI, S.A.;189,67;39,83;189,67
;472680;28/11/2025;6623;TUCAI, S.A.;387,73;81,42;387,73
;4732;24/10/2025;484;SOBIME, S.A.;738,53;155,09;738,53
;4733;24/10/2025;484;SOBIME, S.A.;562,87;118,2;562,87
;484.316;29/08/2025;7005;NOFER, S.L.;326,4;68,54;326,4
;4900075962;23/01/2025;19045;GAS NATURAL REDES GLP, S.A.;37,3;7,83;37,3
;4900395467;15/05/2025;19045;GAS NATURAL REDES GLP, S.A.;1039,63;218,32;1039,63
;5;17/10/2025;14822;BENJAMIN ABADIA MOGA;1470;308,7;1470
;5/00006327;30/11/2025;6004;MORTERO BENSEC SL;4278,2;898,42;4278,2
;5-014.795;16/04/2025;7669;IRONLUX GROUP 2003, S.A.;1166,92;245,05;1166,92
;5-015.850;15/09/2025;7669;IRONLUX GROUP 2003, S.A.;1527,3;320,73;1527,3
;5-016.220;28/10/2025;7669;IRONLUX GROUP 2003, S.A.;648,33;136,15;648,33
;501804;11/02/2025;4709;GENEXIA DISTRIBUCIONES, S.L.;129;27,09;129
;504200363;15/01/2025;361;GERSAL, S.A.;74,62;15,67;74,62
;5051240225;24/02/2025;10013;BANCO SANTANDER, S.A.;14,87;3,12;14,87
;505486;15/04/2025;4709;GENEXIA DISTRIBUCIONES, S.L.;85,2;17,89;85,2
;5060591017;26/07/2025;2032;TECHTRONIC INDUSTRIES IBERIA, SL;1161,55;243,93;1161,55
;5060594862;19/08/2025;2032;TECHTRONIC INDUSTRIES IBERIA, SL;0,1;0,02;0,1
;507100054;19/03/2025;228;CLIMA-AINÉ, SCCL;-112,74;-23,68;-112,74
;5075070225;07/02/2025;10013;BANCO SANTANDER, S.A.;10,29;2,16;10,29
;508100456;26/02/2025;228;CLIMA-AINÉ, SCCL;116,69;24,5;116,69
;5081200;20/02/2025;10013;BANCO SANTANDER, S.A.;11,07;2,32;11,07
;5097132135;07/03/2025;14538;FRIGICOLL, S.A.;-804,5;-168,95;-804,5
;5098534107;17/01/2025;4538;FRIGICOLL, S.A.;1136,12;238,59;1136,12
;5098542669;24/02/2025;4538;FRIGICOLL, S.A.;579,28;121,65;579,28
;5103060225;06/02/2025;10013;BANCO SANTANDER, S.A.;10,29;2,16;10,29
;5-127745;10/04/2025;1627;JULIÀ GRUP FURNITURE SOLUTIONS, SL;168,36;35,36;168,36
;519;02/12/2025;7419;GARRETA I REIG, S.L.;2105,52;442,16;2105,52
;5191875;28/02/2025;7918;DERIVADOS ASFALTICOS NORMALIZADOS, S.A.;253,83;53,3;253,83
;5192524;07/03/2025;7918;DERIVADOS ASFALTICOS NORMALIZADOS, S.A.;5126,43;1076,55;5126,43
;5197410;23/04/2025;7918;DERIVADOS ASFALTICOS NORMALIZADOS, S.A.;937,78;196,93;937,78
;5199639;14/05/2025;7918;DERIVADOS ASFALTICOS NORMALIZADOS, S.A.;739,78;155,35;739,78
;520237082;19/05/2025;1928;SOLER & PALAU SIST. DE VENTILACIÓN,S.L.U;789,15;165,72;789,15
;520674701;23/07/2025;666;FISCHER IBERICA, S.A.U.;409,19;85,93;409,19
;520684165;15/09/2025;666;FISCHER IBERICA, S.A.U.;1639,86;344,37;1639,86
;520689031;02/10/2025;666;FISCHER IBERICA, S.A.U.;1577,61;331,3;1577,61
;520703143;28/11/2025;666;FISCHER IBERICA, S.A.U.;142,23;29,87;142,23
;5208940;30/07/2025;7918;DERIVADOS ASFALTICOS NORMALIZADOS, S.A.;3220,41;676,29;3220,41
;5209590;05/08/2025;7918;DERIVADOS ASFALTICOS NORMALIZADOS, S.A.;298,96;62,78;298,96
;5216108;07/10/2025;7918;DERIVADOS ASFALTICOS NORMALIZADOS, S.A.;289,75;60,85;289,75
;5225121;18/12/2025;7918;DERIVADOS ASFALTICOS NORMALIZADOS, S.A.;820,04;172,21;820,04
;523/A12114;17/11/2025;3553;VICAL HOME S.L.;281,19;59,05;281,19
;5256030387;04/11/2025;2748;GME DIVISION DE BA?OS SL;228,27;47,94;228,27
;5-31001545;29/09/2025;14708;BIGMAT LOGISTICA, S.A.;195;40,95;195
;5-31001790;09/12/2025;14708;BIGMAT LOGISTICA, S.A.;213,02;44,73;213,02
;5-32002366;05/11/2025;14708;BIGMAT LOGISTICA, S.A.;100;21;100
;5-32002579;05/12/2025;14708;BIGMAT LOGISTICA, S.A.;100;21;100
;5373;25/11/2025;484;SOBIME, S.A.;1407,94;295,67;1407,94
;5-40026252;15/09/2025;4708;BIGMAT LOGISTICA, S.A.;4056,46;851,86;4056,46
;5-40027437;25/09/2025;4708;BIGMAT LOGISTICA, S.A.;5772,99;1212,33;5772,99
;5-40027693;29/09/2025;4708;BIGMAT LOGISTICA, S.A.;3655,07;767,56;3655,07
;5-40028417;06/10/2025;4708;BIGMAT LOGISTICA, S.A.;6182,1;1298,24;6182,1
;5-40028427;07/10/2025;4708;BIGMAT LOGISTICA, S.A.;-54;-11,34;-54
;5-40028850;09/10/2025;4708;BIGMAT LOGISTICA, S.A.;5229,77;1098,25;5229,77
;5-40029537;16/10/2025;4708;BIGMAT LOGISTICA, S.A.;3235,26;679,4;3235,26
;5-40032049;11/11/2025;4708;BIGMAT LOGISTICA, S.A.;-7,92;-1,66;-7,92
;5-40032870;17/11/2025;4708;BIGMAT LOGISTICA, S.A.;4457,04;935,98;4457,04
;5-40033605;24/11/2025;4708;BIGMAT LOGISTICA, S.A.;5305,22;1114,1;5305,22
;5-40034145;27/11/2025;4708;BIGMAT LOGISTICA, S.A.;4589,61;963,82;4589,61
;9900522362;20/06/2025;5890;TRES COMERCIAL, S.L.;164,16;34,47;164,16
;9900523849;02/07/2025;5890;TRES COMERCIAL, S.L.;30,72;6,45;30,72
;9900524488;07/07/2025;5890;TRES COMERCIAL, S.L.;207,84;43,65;207,84
;9900524690;08/07/2025;5890;TRES COMERCIAL, S.L.;216;45,36;216
;9900530775;03/09/2025;5890;TRES COMERCIAL, S.L.;178,56;37,5;178,56
;9900538917;04/11/2025;5890;TRES COMERCIAL, S.L.;131,76;27,67;131,76
;990055726;15/07/2025;5890;TRES COMERCIAL, S.L.;61,44;12,9;61,44
;A/106;04/02/2025;14293;VIELHA COMPUTER,SCP;119,83;25,16;119,83
;A/216;04/03/2025;14293;VIELHA COMPUTER,SCP;119,83;25,16;119,83
;448492;13/11/2025;8184;ALYCO TOOLS, SA;310,62;65,23;310,62
;jul-25;10/03/2025;10468;JOSE ANTONIO GIRO ESCUR;776;162,96;776
;7125000145;08/01/2025;4634;CIFRE CERAMICA, S.L.;56,1;11,78;56,1
;7125000548;17/01/2025;4634;CIFRE CERAMICA, S.L.;214,47;45,04;214,47
;7125001904;20/02/2025;4634;CIFRE CERAMICA, S.L.;350,17;73,54;350,17
;7125002060;25/02/2025;4634;CIFRE CERAMICA, S.L.;56,1;11,78;56,1
;7125003348;28/03/2025;4634;CIFRE CERAMICA, S.L.;56,26;11,81;56,26
;7125004574;30/04/2025;4634;CIFRE CERAMICA, S.L.;2307,49;484,57;2307,49
;7125004787;06/05/2025;4634;CIFRE CERAMICA, S.L.;932,01;195,72;932,01
;7125005977;02/06/2025;4634;CIFRE CERAMICA, S.L.;70,81;14,87;70,81
;7125006893;23/06/2025;4634;CIFRE CERAMICA, S.L.;325,74;68,41;325,74
;7125007814;15/07/2025;4634;CIFRE CERAMICA, S.L.;117,52;24,68;117,52
;7125008243;25/07/2025;4634;CIFRE CERAMICA, S.L.;1308,72;274,83;1308,72
;7125009121;22/08/2025;4634;CIFRE CERAMICA, S.L.;448,38;94,16;448,38
;7125009407;02/09/2025;4634;CIFRE CERAMICA, S.L.;128,22;26,93;128,22
;7125010256;25/09/2025;4634;CIFRE CERAMICA, S.L.;468,47;98,38;468,47
;7125011215;22/10/2025;4634;CIFRE CERAMICA, S.L.;958,57;201,3;958,57
;7125011279;23/10/2025;4634;CIFRE CERAMICA, S.L.;203,6;42,76;203,6
;7125011372;27/10/2025;4634;CIFRE CERAMICA, S.L.;133,65;28,07;133,65
;7125011427;28/10/2025;4634;CIFRE CERAMICA, S.L.;922,53;193,73;922,53
;7125011669;03/11/2025;4634;CIFRE CERAMICA, S.L.;35,37;7,43;35,37
;7125011879;07/11/2025;4634;CIFRE CERAMICA, S.L.;134,16;28,17;134,16
;7125012182;14/11/2025;4634;CIFRE CERAMICA, S.L.;44,22;9,29;44,22
;71548;31/10/2025;6139;SALTOKI LLEIDA, S.A.;126,8;26,63;126,8
;7499/25;03/04/2025;13989;NAU ARAN, S.C.P.;120;25,2;120
;7523/25;14/05/2025;13989;NAU ARAN, S.C.P.;275;57,75;275
;786,21;12/12/2025;9588;DUCASA CLIMA, S.A.;649,76;136,45;649,76
;7925000074;31/03/2025;14634;CIFRE CERAMICA, S.L.;-2230,79;-468,47;-2230,79
;7DS0128930;01/01/2025;18474;TELEFONICA DE ESPAÑA, S.A.;345;72,45;345
;7DS0128931;01/01/2025;18474;TELEFONICA DE ESPAÑA, S.A.;534,53;112,25;534,53
;7GB0156799;19/08/2025;18474;TELEFONICA DE ESPAÑA, S.A.;32,69;6,87;32,69
;7H60001885;01/04/2025;18474;TELEFONICA DE ESPAÑA, S.A.;-447,11;-93,89;-447,11
;7H70126532;01/05/2025;18474;TELEFONICA DE ESPAÑA, S.A.;213,1;44,75;213,1
;7H80126413;01/06/2025;18474;TELEFONICA DE ESPAÑA, S.A.;213,1;44,75;213,1
;803607;05/09/2025;5574;BRIKTE, S.L.;1996,32;419,23;1996,32
;803832;20/09/2025;5574;BRIKTE, S.L.;973,47;204,43;973,47
;8118124417;30/09/2025;843;GRES DE ARAGON, S.A.;150,3;31,56;150,3
;8118126754;30/11/2025;843;GRES DE ARAGON, S.A.;796,21;167,2;796,21
;812206ZIN1;20/01/2025;1269;CEMEX ESPAÑA OPERACIONES, S.L.U.;2945,23;618,5;2945,23
;820641;14/07/2025;358;DIVASA-FARMAVIC, S.A.;766,5;160,97;766,5
;820923;05/08/2025;358;DIVASA-FARMAVIC, S.A.;235,16;49,38;235,16
;9500371101;02/01/2025;9619;SIMON BRICO S.L;283,66;59,57;283,66
;9500372340;22/01/2025;9619;SIMON BRICO S.L;317,36;66,65;317,36
;9500373329;06/02/2025;9619;SIMON BRICO S.L;304,18;63,88;304,18
;9500374096;18/02/2025;9619;SIMON BRICO S.L;6667,05;1400,08;6667,05
;9500374322;21/02/2025;9619;SIMON BRICO S.L;272,63;57,25;272,63
;9500375068;04/03/2025;9619;SIMON BRICO S.L;49,86;10,47;49,86
;9500379105;03/05/2025;9619;SIMON BRICO S.L;36,8;7,73;36,8
;9500386593;18/08/2025;9619;SIMON BRICO S.L;251,1;52,73;251,1
;9500387435;29/08/2025;9619;SIMON BRICO S.L;390,13;81,93;390,13
;9500389447;29/09/2025;9619;SIMON BRICO S.L;17,7;3,72;17,7
;9500389448;29/09/2025;9619;SIMON BRICO S.L;17,7;3,72;17,7
;9500395114;22/12/2025;9619;SIMON BRICO S.L;47,05;9,88;47,05
;9500433389;12/05/2025;835;MEDICLINICS, S.A.;12;2,52;33,6
;9506006106;31/01/2025;6414;ISOLANA AISLAMIENTOS, S.L.;275,85;57,93;275,85
;9520254203;11/12/2025;1681;FC INTERIORS, SRL;1455,2;305,59;1455,2
;96574;26/06/2025;8007;KRATKI PL MAREK BAL;2539,4;533,27;2539,4
;9810133634;22/07/2025;5419;CUPA STONE IBERIA, S.L.;1054,33;221,41;1054,33
;9816691648;28/11/2025;990;STANLEY BLACK   DECKER IBERICA SLU;79,45;16,68;79,45
;9816691649;28/11/2025;990;STANLEY BLACK   DECKER IBERICA SLU;36,06;7,57;36,06
;9900500644;27/01/2025;5890;TRES COMERCIAL, S.L.;50,4;10,58;50,4
;9900501563;31/01/2025;5890;TRES COMERCIAL, S.L.;54;11,34;54
;9900509975;27/03/2025;5890;TRES COMERCIAL, S.L.;40,8;8,57;40,8
;9900522584;25/06/2025;5890;TRES COMERCIAL, S.L.;598,56;125,7;598,56
;9900528946;12/08/2025;5890;TRES COMERCIAL, S.L.;231,84;48,69;231,84
;9900532930;22/09/2025;5890;TRES COMERCIAL, S.L.;226,56;47,58;226,56
;9900537510;24/10/2025;5890;TRES COMERCIAL, S.L.;152,64;32,05;152,64
;9900541054;19/11/2025;5890;TRES COMERCIAL, S.L.;77,04;16,18;77,04
;9900541418;21/11/2025;5890;TRES COMERCIAL, S.L.;152,88;32,1;152,88
;A/1001;24/04/2025;11180;MIGUEL ANGEL JORGE PIÑERO;5,37;1,13;83,55
;A/12;04/01/2025;14293;VIELHA COMPUTER,SCP;119,83;25,16;119,83
;A/14;10/01/2025;13495;JAIRO PIÑEIRO S.L.;661,16;138,84;661,16
;A/174;24/02/2025;14293;VIELHA COMPUTER,SCP;553,73;116,28;553,73
;A/2257;04/04/2025;1060;NATUCER, S.L.;542,28;113,88;542,28
;A/239;05/05/2025;14293;VIELHA COMPUTER,SCP;4481,05;941,02;4481,05
;A/25/2459;18/08/2025;2767;CHEHOMA ATELIER D'AMBIANCES, S.A.;-1026;-215,46;-1026
;A/27;31/01/2025;7671;FRANCISCO JAVIER SANTIAGO PEREZ;3132;657,72;3132
;A/451;05/07/2025;14293;VIELHA COMPUTER,SCP;1260;264,6;1260
;A/457;07/07/2025;14293;VIELHA COMPUTER,SCP;24,8;5,21;24,8
;A/519;04/08/2025;14293;VIELHA COMPUTER,SCP;119,83;25,16;119,83
;A/718;05/11/2025;14293;VIELHA COMPUTER,SCP;119,83;25,16;119,83
;A/741;17/11/2025;14293;VIELHA COMPUTER,SCP;90;18,9;90
;A000468554;30/04/2025;17970;SOLRED, S.A.;2715,15;570,18;2715,15
;A001430860;31/12/2025;17970;SOLRED, S.A.;1865,42;391,74;1865,42
;A025027110;17/09/2025;583;PLASTICOS TA-TAY,S.A.;460,42;96,69;460,42
;A250000079;17/02/2025;6004;MORTERO BENSEC SL;-48;-10,08;-48
;A25000079;30/04/2025;12366;CONSTRUCCIONS DEL PIRINEU 2001, S.L.;3900;819;3900
;A25000139;18/08/2025;12366;CONSTRUCCIONS DEL PIRINEU 2001, S.L.;120;25,2;120
;A25004376;23/05/2025;5194;INOXPAN, S.L.;561,33;117,88;561,33
;A-25004879;01/01/2025;18410;E-PORTS AMPLE DE BANDA I INTERNET, SL;94,88;19,92;94,88
;A-25010352;03/07/2025;5970;TECNONOLOGIA DE AISLAM. Y CLIMAT., S.L.;603,81;126,8;603,81
;A25019312;05/11/2025;6701;VALVULAS ARCO, S.L.;634,57;133,26;634,57
;A250202740;05/02/2025;8302;VELILLA CONFECCIÓN INDUSTRIAL,S.A.;-287,26;-60,32;-287,26
;A250302195;07/03/2025;19120;CORREOS EXPRES PAQUETERÍA URGENTE, S.A.;-12;-2,52;-12
;A25-065;31/12/2025;14659;RAIMUNDO DIGON SANTIN;2600;546;2600
;A-25081527;01/11/2025;18410;E-PORTS AMPLE DE BANDA I INTERNET, SL;94,88;19,92;94,88
;A251.494;22/05/2025;17809;VALE Y TINO S.L.;602,96;126,62;602,96
;A253.182;13/05/2025;4402;INDUSTRIAL BLANSOL, SA;341,58;71,73;341,58
;A255.678;18/08/2025;4402;INDUSTRIAL BLANSOL, SA;76,84;16,14;76,84
;A255.710;25/08/2025;4402;INDUSTRIAL BLANSOL, SA;304,13;63,87;304,13
;A255003828;05/08/2025;19813;BIGMAT IBERIA, S.A.;-456;-95,76;-456
;A257.452;04/11/2025;4402;INDUSTRIAL BLANSOL, SA;690,93;145,1;690,93
;A258300005;30/04/2025;14708;BIGMAT LOGISTICA, S.A.;4973,9;1044,52;4973,9
;A25-830004;25/09/2025;19813;BIGMAT IBERIA, S.A.;-288,23;-60,53;-288,23
;2541000106;31/03/2025;14708;BIGMAT LOGISTICA, S.A.;19,95;0,8;19,95
;33/65900;17/04/2025;7774;PACAL SHOES, S.L.U.;350,88;73,68;350,88
;33/68536;17/06/2025;7774;PACAL SHOES, S.L.U.;343,58;72,15;343,58
;3320487068;25/06/2025;1518;SAINT GOBAIN PLACO IBERICA, S.A.;3517,25;738,62;3517,25
;34/4/25;02/12/2025;4970;GRANITOS LEON, C.B.;1705;358,05;1705
;3425100417;07/02/2025;2737;PORCELANOSA BATIMAT, S.A.U.;734,27;154,2;734,27
;3425100627;14/02/2025;2737;PORCELANOSA BATIMAT, S.A.U.;920,27;193,26;920,27
;3425100645;21/02/2025;2737;PORCELANOSA BATIMAT, S.A.U.;1287,2;270,31;1287,2
;3425100971;14/03/2025;2737;PORCELANOSA BATIMAT, S.A.U.;116,09;24,38;116,09
;3425101334;04/04/2025;2737;PORCELANOSA BATIMAT, S.A.;330,87;69,48;330,87
;3425101787;30/04/2025;2737;PORCELANOSA BATIMAT, S.A.;10,85;2,28;10,85
;3425102248;30/05/2025;2737;PORCELANOSA BATIMAT, S.A.;126,42;26,55;126,42
;3425102626;20/06/2025;2737;PORCELANOSA BATIMAT, S.A.;158,41;33,27;158,41
;3425102992;11/07/2025;2737;PORCELANOSA BATIMAT, S.A.;2238,6;470,11;2238,6
;3425103556;22/08/2025;2737;PORCELANOSA BATIMAT, S.A.;6291,74;1321,27;6291,74
;3425103557;22/08/2025;2737;PORCELANOSA BATIMAT, S.A.;1042,28;218,88;1042,28
;3425104615;07/11/2025;2737;PORCELANOSA BATIMAT, S.A.;2324,99;488,25;2324,99
;3425104814;21/11/2025;2737;PORCELANOSA BATIMAT, S.A.;415,92;87,34;415,92
;3484;10/04/2025;8051;NUEVAS LINEAS DE EXTINCION, SL;798,4;167,66;798,4
;35/4/25;16/12/2025;4970;GRANITOS LEON, C.B.;9081,32;1907,08;9081,32
;3600992194;28/02/2025;2842;SIKA , S.A.U.;754,31;158,41;754,31
;3601003046;31/03/2025;2842;SIKA , S.A.U.;778,86;163,56;778,86
;3601049599;31/07/2025;2842;SIKA , S.A.U.;1376,92;289,15;1376,92
;3601049601;31/07/2025;2842;SIKA , S.A.U.;1709,18;358,93;1709,18
;3601057928;29/08/2025;2842;SIKA , S.A.U.;286,17;60,1;286,17
;3601063038;15/09/2025;2842;SIKA , S.A.U.;1265,6;265,78;1265,6
;37.199;27/11/2025;2062;DISTRIBUIDORA BOSCH HNOS.,S.A.;246,47;51,76;246,47
;5508987;16/06/2025;4709;GENEXIA DISTRIBUCIONES, S.L.;354,6;74,47;354,6
;553;01/12/2025;6277;MARMOLES ROYES, S.C.;1426;299,46;1426
;559;01/05/2025;18159;MARCO INVEST, S.A.;125;26,25;125
;561;02/12/2025;6277;MARMOLES ROYES, S.C.;1118;234,78;1118
;569/048/25;31/12/2025;502;ELEKTRA CATALUNYA XXI SL;-48,28;-10,14;-48,28
;577803;15/07/2025;6472;DAKE FREGADEROS,S.L.U.;208,2;43,72;208,2
;585/25;29/08/2025;13383;SILVIA BUELVAS OROZCO;169,8;35,66;169,8
;598-403750;23/12/2025;18474;TELEFONICA DE ESPA?A, S.A.;125,23;26,3;125,23
;599;12/03/2025;13947;BALUE JUSTO ADVOCATS, S.L.;110;23,1;110
;5A33;13/10/2025;11927;GABRIEL CHELARU;1670;350,7;1670
;5A44;10/12/2025;11927;GABRIEL CHELARU;1745;366,45;1745
;5BC8300009;23/09/2025;14708;BIGMAT LOGISTICA, S.A.;-118,58;-24,9;-118,58
;5BC8300010;25/09/2025;14708;BIGMAT LOGISTICA, S.A.;7591,63;1594,24;7591,63
;5BC8300011;23/12/2025;14708;BIGMAT LOGISTICA, S.A.;-2107,96;-442,67;-2107,96
;5FV0800225;02/09/2025;7426;ARIDS CATALUNYA, S.A.;660,52;138,71;660,52
;5Z00037305;22/12/2025;18590;ACUMBAMAIL S.L.;65,29;13,71;65,29
;06/01/2025;20/03/2025;4970;GRANITOS LEON, C.B.;3816,96;801,56;3816,96
;6152;13/03/2025;3069;CUCINE OGGI, SL;61;12,81;61
;61880;06/10/2025;2621;COFAN LA MANCHA, S.A.;152,49;32,02;152,49
;6500259141;05/02/2025;2804;URSA IBERICA AISLANTES, S.A.;8294,89;1741,93;8294,89
;6500261637;16/05/2025;2804;URSA IBERICA AISLANTES, S.A.;4940,6;1037,53;4940,6
;6500261827;23/05/2025;2804;URSA IBERICA AISLANTES, S.A.;7751,52;1627,82;7751,52
;650149;31/07/2025;16421;TRANSPORTS MAGATZEMATGES I SERVEIS S.L.;1020;214,2;1020
;66352;11/10/2025;6139;SALTOKI LLEIDA, S.A.;134,33;28,21;134,33
;67;21/02/2025;6277;MARMOLES ROYES, S.C.;1129;237,09;1129
;67;02/01/2025;18159;MARCO INVEST, S.A.;125;26,25;125
;69621;25/10/2025;6139;SALTOKI LLEIDA, S.A.;148,79;31,25;148,79
;A48961;03/02/2025;2361;BATH INNOVATIONS, S.L.U.;177;37,17;177
;A49003;10/02/2025;2361;BATH INNOVATIONS, S.L.U.;543,24;114,08;543,24
;A49088;19/02/2025;2361;BATH INNOVATIONS, S.L.U.;39;8,19;39
;A49914;28/05/2025;2361;BATH INNOVATIONS, S.L.U.;508,68;106,82;508,68
;A5/3111;21/04/2025;1645;BARBOSA, S.L.;514,68;108,08;514,68
;A5/38;02/01/2025;1645;BARBOSA, S.L.;766,73;161,01;766,73
;A5/4553;12/06/2025;1645;BARBOSA, S.L.;359,68;75,53;359,68
;A5/5162;04/07/2025;1645;BARBOSA, S.L.;565,74;118,81;565,74
;A5/8575;06/11/2025;1645;BARBOSA, S.L.;589,79;123,86;589,79
;A50061;16/06/2025;2361;BATH INNOVATIONS, S.L.U.;223,56;46,95;223,56
;A50268;08/07/2025;2361;BATH INNOVATIONS, S.L.U.;848;178,08;848
;A50602;28/08/2025;2361;BATH INNOVATIONS, S.L.U.;621,46;130,51;621,46
;A50714;16/09/2025;2361;BATH INNOVATIONS, S.L.U.;262,98;55,23;262,98
;A50715;17/09/2025;2361;BATH INNOVATIONS, S.L.U.;529,74;111,25;529,74
;A50798;29/09/2025;2361;BATH INNOVATIONS, S.L.U.;329,4;69,17;329,4
;A50976;23/10/2025;2361;BATH INNOVATIONS, S.L.;1804,68;378,98;1804,68
;A51067;04/11/2025;2361;BATH INNOVATIONS, S.L.;353,7;74,28;353,7
;A51123;10/11/2025;2361;BATH INNOVATIONS, S.L.;496,46;104,26;496,46
;A51295;03/12/2025;2361;BATH INNOVATIONS, S.L.;226,17;47,5;226,17
;A540027693;29/09/2025;4708;BIGMAT LOGISTICA, S.A.;-3655,07;-767,56;-3655,07
;A5U1054336;01/01/2025;13125;TELEFONICA MOVILES ESPAÑA, S.A.;11,5;2,42;11,5
;A-8300010;25/09/2025;19813;BIGMAT IBERIA, S.A.;7591,63;1594,24;7591,63
;A9525/1089;25/03/2025;2767;CHEHOMA ATELIER D'AMBIANCES, S.A.;-915,7;-192,3;-915,7
;AA25001926;23/07/2025;1715;EURO BOTTARI 2002 S.L;88,24;18,53;88,24
;AA25-042;29/08/2025;16588;RAIMUNDO DIGON GONZALEZ;-1300;-273;-1300
;AA25830010;25/09/2025;14708;BIGMAT LOGISTICA, S.A.;-7591,63;-1594,24;-7591,63
;AB25-01989;29/09/2025;1973;STANDARD HIDRÁULICA, S.A.U.;-95,36;-20,03;-95,36
;AB25-17218;05/12/2025;2905;OBREROL, S.A.;2552,47;536,02;2552,47
;AB25N14155;04/12/2025;8096;VIVES AZULEJOS Y GRES, S.A.;288,44;60,57;288,44
;AC-000001;31/03/2025;19466;BIGMAT STORES, SL;0,89;0,19;0,89
;AC-0002;30/04/2025;19466;BIGMAT STORES, SL;-6,65;-1,4;-6,65
;AC25705529;11/09/2025;7455;GRESPANIA, S.A.;101,87;21,39;101,87
;ACV2506790;30/09/2025;7548;ACO PRODUCTOS POLIMEROS, S.A.;408,81;85,85;408,81
;ALPEX-1214;31/03/2025;2980;ALPEX, S.A.;2734,2;574,18;2734,2
;ALPEX-2120;21/05/2025;2980;ALPEX, S.A.;471,24;98,96;471,24
;AV/120260;02/01/2025;9675;ELEKTRO-3, S.C.C.L.;405,08;85,07;405,08
;AV2251139;10/09/2025;8029;INDUSTRIAS MAS SALVADO Y SUC., S.L.;3314,05;695,95;3314,05
;C250094;24/09/2025;4256;MECANO CAMP, S.A.;18,68;3,92;18,68
;D022510501;05/11/2025;1675;EMAC COMPLEMENTOS, S.L.;254,67;53,48;254,67
;D022510904;17/11/2025;1675;EMAC COMPLEMENTOS, S.L.;355,61;74,68;355,61
;D598403903;28/04/2025;18474;TELEFONICA DE ESPAÑA, S.A.;75,21;15,79;75,21
;D5M0000840;01/04/2025;13125;TELEFONICA MOVILES ESPAÑA, S.A.;447,5;93,98;447,5
;E/25013764;14/10/2025;6717;COMERCIAL OJA, SLU;910,58;191,22;910,58
;E/25014387;24/10/2025;6717;COMERCIAL OJA, SLU;1818,47;381,88;1818,47
;E/25014789;31/10/2025;6717;COMERCIAL OJA, SLU;546,41;114,75;546,41
;E/25015525;14/11/2025;6717;COMERCIAL OJA, SLU;2584,58;542,76;2584,58
;E/25015649;18/11/2025;6717;COMERCIAL OJA, SLU;553,42;116,22;553,42
;E5M0000716;01/05/2025;13125;TELEFONICA MOVILES ESPAÑA, S.A.;495,73;104,11;495,73
;E807665528;07/02/2025;8158;AKZO NOBEL COATINGS, S.L.;1641,29;344,67;1641,29
;E807668808;25/02/2025;8158;AKZO NOBEL COATINGS, S.L.;480,07;100,81;480,07
;E807671042;06/03/2025;8158;AKZO NOBEL COATINGS, S.L.;9392,68;1972,46;9392,68
;E807680230;22/04/2025;8158;AKZO NOBEL COATINGS, S.L.;1990,36;417,98;1990,36
;E807683458;08/05/2025;8158;AKZO NOBEL COATINGS, S.L.;595,32;125,02;595,32
;E807692591;19/06/2025;8158;AKZO NOBEL COATINGS, S.L.;1051,44;220,8;1051,44
;E807693347;23/06/2025;8158;AKZO NOBEL COATINGS, S.L.;1327,75;278,83;1327,75
;E807705651;21/08/2025;8158;AKZO NOBEL COATINGS, S.L.;601,74;126,37;601,74
;E807706434;27/08/2025;8158;AKZO NOBEL COATINGS, S.L.;1651,59;346,83;1651,59
;E807713353;01/10/2025;8158;AKZO NOBEL COATINGS, S.L.;1641,17;344,65;1641,17
;E807717142;20/10/2025;8158;AKZO NOBEL COATINGS, S.L.;1025,35;215,32;1025,35
;E807717789;23/10/2025;8158;AKZO NOBEL COATINGS, S.L.;1487,79;312,44;1487,79
;E807720523;04/11/2025;8158;AKZO NOBEL COATINGS, S.L.;328,73;69,03;328,73
;E807720671;05/11/2025;8158;AKZO NOBEL COATINGS, S.L.;401;84,21;401
;E807721068;07/11/2025;8158;AKZO NOBEL COATINGS, S.L.;1094,86;229,92;1094,86
;EF369524;10/03/2025;16845;CAMENGO ESPAÑA, S.L.;60;12,6;60
;F178091;31/07/2025;5920;COORDONNÉ, S.L.;797,41;167,46;797,41
;F202504418;12/12/2025;4603;VIUDA DE GABRIEL MARI MONTAÑANA SL;761,64;159,94;761,64
;FV2250640;13/05/2025;8029;INDUSTRIAS MAS SALVADO Y SUC., S.L.;1308,4;274,76;1308,4
;FV2250819;17/06/2025;8029;INDUSTRIAS MAS SALVADO Y SUC., S.L.;6104,25;1281,89;6104,25
;FV2251139;10/09/2025;8029;INDUSTRIAS MAS SALVADO Y SUC., S.L.;-3314,05;-695,95;-3314,05
;FV-2251139;10/09/2025;8029;INDUSTRIAS MAS SALVADO Y SUC., S.L.;3314,05;695,95;3314,05
;FV25001873;15/07/2025;2580;GLS CONSORCIO DEL HORMIGON, S.L.U.;40,54;8,51;40,54
;FV25002635;22/01/2025;4773;GARSACO IMPORT, S.L.;27,99;5,88;27,99
;FV2500603;28/01/2025;5576;THERMOGREEN, S.L.;4893,07;1027,54;4893,07
;FV25011932;08/04/2025;4773;GARSACO IMPORT, S.L.;89,53;18,8;89,53
;FV25-03460;24/03/2025;7690;GRIFERIAS GROBER, S.L.;172,48;36,22;172,48
;FV25-03725;21/03/2025;2905;OBREROL, S.A.;388,46;81,58;388,46
;FV2503837;10/04/2025;3711;BRINOX S.A;343,75;72,19;343,75
;A/236;31/07/2025;7671;FRANCISCO JAVIER SANTIAGO PEREZ;3288;690,48;3288
;A/277;04/04/2025;14293;VIELHA COMPUTER,SCP;119,83;25,16;119,83
;A/344;10/05/2025;17460;VIELHA COMPUTER, SL;90;18,9;90
;A/357;26/05/2025;14293;VIELHA COMPUTER,SCP;15,7;3,3;15,7
;A/381;31/08/2025;3972;CALOR NATURAL ARAN, SL;446,4;93,74;446,4
;A/3920;09/06/2025;1060;NATUCER, S.L.;373,73;78,48;373,73
;A/4701;03/07/2025;1060;NATUCER, S.L.;250,17;52,54;250,17
;A/603;04/09/2025;14293;VIELHA COMPUTER,SCP;119,83;25,16;119,83
;A/64;30/01/2025;3972;CALOR NATURAL ARAN, SL;596,64;125,29;596,64
;A/643;31/12/2025;3972;CALOR NATURAL ARAN, SL;2107,72;442,62;2107,72
;A/87;30/03/2025;7671;FRANCISCO JAVIER SANTIAGO PEREZ;3208;673,68;3208
;A000218332;28/02/2025;17970;SOLRED, S.A.;2447,45;513,96;2447,45
;A000599066;31/05/2025;17970;SOLRED, S.A.;1817,71;381,71;1817,71
;A00301;30/05/2025;20189;COMERCIAL ILERDA DE AUTOMOCION;113,43;23,82;113,43
;A00551322;02/12/2025;15169;BANCO BILBAO VIZCAYA ARGENTARIA, S.A.;16,16;3,39;32,37
;A21/12309;30/01/2025;6509;CHAMA, LDA;975,73;204,9;975,73
;A21/13095;15/04/2025;6509;CHAMA, LDA;789,07;165,7;789,07
;A25/344;10/05/2025;14293;VIELHA COMPUTER,SCP;90;18,9;90
;A250.748;12/03/2025;17809;VALE Y TINO S.L.;63;13,23;63
;A250000333;17/07/2025;6004;MORTERO BENSEC SL;-167,4;-35,15;-167,4
;A25000038;29/04/2025;8737;OLI - SISTEMAS SANITARIOS, S.A.;-494,1;-103,76;-494,1
;A25000167;23/09/2025;12366;CONSTRUCCIONS DEL PIRINEU 2001, S.L.;120;25,2;120
;A-25003848;12/03/2025;5970;TECNONOLOGIA DE AISLAM. Y CLIMAT., S.L.;247,27;51,93;247,27
;A25006613;31/07/2025;5194;INOXPAN, S.L.;386,1;81,08;386,1
;A25007657;25/09/2025;5194;INOXPAN, S.L.;1193,94;250,73;1193,94
;A-25019944;01/03/2025;18410;E-PORTS AMPLE DE BANDA I INTERNET, SL;94,88;19,92;94,88
;A25-026;30/05/2025;14659;RAIMUNDO DIGON SANTIN;4000;840;4000
;A-25027173;01/04/2025;18410;E-PORTS AMPLE DE BANDA I INTERNET, SL;94,88;19,92;94,88
;A250300142;25/03/2025;1235;COMERCIAL SANYC CES, S.L.;-55,55;-11,67;-55,55
;A25-040;31/07/2025;16588;RAIMUNDO DIGON GONZALEZ;2700;567;2700
;A25-042;29/08/2025;16588;RAIMUNDO DIGON GONZALEZ;1300;273;1300
;A25-049;30/09/2025;14659;RAIMUNDO DIGON SANTIN;1300;273;1300
;A251.118;10/04/2025;17809;VALE Y TINO S.L.;318,1;66,8;318,1
;A251.952;20/03/2025;4402;INDUSTRIAL BLANSOL, SA;436,79;91,73;436,79
;A251416299;22/05/2025;264;DIADORA SPORT, S.R.L.;-401,25;-84,26;-401,25
;A254.053;17/06/2025;4402;INDUSTRIAL BLANSOL, SA;397,2;83,41;397,2
;A254.964;18/07/2025;4402;INDUSTRIAL BLANSOL, SA;336,55;70,68;336,55
;A25520;15/10/2025;10483;MARC REIG LOPEZ;-250;-52,5;-250
;A258.606;15/12/2025;4402;INDUSTRIAL BLANSOL, SA;517,26;108,62;517,26
;A25F001019;15/05/2025;20191;VALLSFUSTA, S.A.;-1766,34;-370,93;-1766,34
;A25N11148;24/09/2025;8096;VIVES AZULEJOS Y GRES, S.A.;53,97;11,33;53,97
;2541000107;31/03/2025;14708;BIGMAT LOGISTICA, S.A.;19,95;0,8;19,95
;3425103951;26/09/2025;2737;PORCELANOSA BATIMAT, S.A.;19009,54;3992;19009,54
;3425104279;17/10/2025;2737;PORCELANOSA BATIMAT, S.A.;835,99;175,56;835,99
;3425104616;07/11/2025;2737;PORCELANOSA BATIMAT, S.A.;232,17;48,76;232,17
;3425105141;12/12/2025;2737;PORCELANOSA BATIMAT, S.A.;2155,78;452,71;2155,78
;3425400416;31/10/2025;2737;PORCELANOSA BATIMAT, S.A.;1054,38;221,42;1054,38
;3453;17/06/2025;2747;SAURMIDECOR S.L;1304,2;273,88;1304,2
;3536;30/07/2025;484;SOBIME, S.A.;1247,6;262;1247,6
;3600981850;31/01/2025;2842;SIKA , S.A.U.;808,59;169,8;808,59
;3601025926;30/05/2025;2842;SIKA , S.A.U.;2124,54;446,15;2124,54
;3601031768;13/06/2025;2842;SIKA , S.A.U.;933,6;196,06;933,6
;3601037718;30/06/2025;2842;SIKA , S.A.U.;1110,73;233,25;1110,73
;3601049600;31/07/2025;2842;SIKA , S.A.U.;1320,63;277,33;1320,63
;3601054399;15/08/2025;2842;SIKA , S.A.U.;1275,15;267,78;1275,15
;3601057929;29/08/2025;2842;SIKA , S.A.U.;115,47;24,25;115,47
;3601063037;15/09/2025;2842;SIKA , S.A.U.;1543,77;324,19;1543,77
;3601081141;31/10/2025;2842;SIKA , S.A.U.;2055,4;431,63;2055,4
;3601091162;28/11/2025;2842;SIKA , S.A.U.;10776,69;2263,1;10776,69
;365;10/12/2025;5330;BRONPI CALEFACCION, S.L.;101,5;21,32;101,5
;5504;28/11/2025;484;SOBIME, S.A.;594,58;124,86;594,58
;5603;31/01/2025;6139;SALTOKI LLEIDA, S.A.;122,76;25,78;122,76
;598-403770;28/11/2025;18474;TELEFONICA DE ESPA?A, S.A.;194,21;40,78;194,21
;598-403771;28/11/2025;18474;TELEFONICA DE ESPA?A, S.A.;75,21;15,79;75,21
;598-403801;17/10/2025;18474;TELEFONICA DE ESPA?A, S.A.;75,21;15,79;75,21
;598403902;28/04/2025;18474;TELEFONICA DE ESPAÑA, S.A.;399,54;83,9;399,54
;5M0-001160;30/09/2025;13125;TELEFONICA MOVILES ESPA?A, S.A.;362,18;76,06;362,18
;6.661;27/02/2025;2062;DISTRIBUIDORA BOSCH HNOS.,S.A.;92,56;19,44;92,56
;602;22/12/2025;6277;MARMOLES ROYES, S.C.;1027;215,67;1027
;625;18/03/2025;13947;BALUE JUSTO ADVOCATS, S.L.;750;157,5;750
;6500261084;23/04/2025;2804;URSA IBERICA AISLANTES, S.A.;9965,81;2092,82;9965,81
;6500263890;08/08/2025;2804;URSA IBERICA AISLANTES, S.A.;6056,56;1271,88;6056,56
;6500263953;21/08/2025;2804;URSA IBERICA AISLANTES, S.A.;7671,89;1611,1;7671,89
;6820343876;10/03/2025;4862;ROTHENBERGER, S.A.;244,62;51,37;244,62
;A48871;23/01/2025;2361;BATH INNOVATIONS, S.L.U.;193,32;40,6;193,32
;A48905;28/01/2025;2361;BATH INNOVATIONS, S.L.U.;202;42,42;202
;A5/804;30/01/2025;1645;BARBOSA, S.L.;431,65;90,65;431,65
;A50561;06/08/2025;2361;BATH INNOVATIONS, S.L.U.;477,9;100,36;477,9
;A50710;15/09/2025;2361;BATH INNOVATIONS, S.L.U.;406,08;85,28;406,08
;A598404043;28/01/2025;18474;TELEFONICA DE ESPAÑA, S.A.;88,27;18,54;88,27
;A5M0001552;01/01/2025;13125;TELEFONICA MOVILES ESPAÑA, S.A.;299,03;62,8;299,03
;AA25000732;17/03/2025;1715;EURO BOTTARI 2002 S.L;64,92;13,63;64,92
;AB17903338;26/12/2025;5143;TOYOTOMI EUROPE SALES SPAIN, S.A.;-2520;-529,2;-2520
;AB25020530;28/11/2025;6701;VALVULAS ARCO, S.L.;795;166,95;795
;AB2510-033;16/10/2025;50044;SPAX TORNILLERÍA, S.A.U.;-48,79;-10,25;-48,79
;AB25-15920;14/11/2025;2905;OBREROL, S.A.;90,1;18,92;90,1
;AB258.606;15/12/2025;4402;INDUSTRIAL BLANSOL, SA;517,26;108,62;517,26
;AB-2840;25/11/2025;13947;BALUE JUSTO ADVOCATS, S.L.;-830;-174,3;-830
;AB8300010;25/09/2025;19813;BIGMAT IBERIA, S.A.;-7591,63;-1594,24;-7591,63
;AB-8300010;25/09/2025;19813;BIGMAT IBERIA, S.A.;7591,63;1594,24;7591,63
;AB-R297;29/12/2025;5330;BRONPI CALEFACCION, S.L.;-101,5;-21,32;-101,5
;ACNR-69;28/01/2025;16765;VISOBATH, SL;-20;-4,2;-20
;ALPEX-3686;21/07/2025;2980;ALPEX, S.A.;974,61;204,67;974,61
;ALPEX-3837;30/07/2025;2980;ALPEX, S.A.;306,06;64,27;306,06
;ALPEX-4007;11/08/2025;2980;ALPEX, S.A.;8,36;1,76;8,36
;ALPEX-874;11/03/2025;2980;ALPEX, S.A.;20,53;4,31;20,53
;AVR2501689;27/05/2025;10841;SOC.ANON.SERVEI I COMERÇ ELECTRODOMESTIC;-75;-15,75;-75
;B598403957;28/02/2025;18474;TELEFONICA DE ESPAÑA, S.A.;461,3;96,87;461,3
;B5M0001529;01/02/2025;13125;TELEFONICA MOVILES ESPAÑA, S.A.;298,4;62,66;298,4
;B5U1087296;01/02/2025;13125;TELEFONICA MOVILES ESPAÑA, S.A.;0,74;0,16;0,74
;BW014577;15/12/2025;7160;BIGWIN COMERCIAL DE VENTANAS, S.L.;88;18,48;88
;BW014578;15/12/2025;7160;BIGWIN COMERCIAL DE VENTANAS, S.L.;88;18,48;88
;C+25-35363;06/10/2025;1973;STANDARD HIDR?ULICA, S.A.U.;503,68;105,77;503,68
;C5-255781;17/07/2025;12858;APARCA & GO S.L.;92,83;19,5;92,83
;C5M0000853;01/03/2025;13125;TELEFONICA MOVILES ESPAÑA, S.A.;457,25;96,03;457,25
;D022510445;04/11/2025;1675;EMAC COMPLEMENTOS, S.L.;246,14;51,69;246,14
;DMSF47679;23/10/2025;309;DOMISAT 2008, S.L.;55,05;11,56;55,05
;E/25011634;28/08/2025;6717;COMERCIAL OJA, SLU;404,43;84,93;404,43
;E/25012332;15/09/2025;6717;COMERCIAL OJA, SLU;111,77;23,47;111,77
;E/25012448;17/09/2025;6717;COMERCIAL OJA, SLU;212,33;44,59;212,33
;E/25013004;26/09/2025;6717;COMERCIAL OJA, SLU;808,81;169,85;808,81
;E/25014041;17/10/2025;6717;COMERCIAL OJA, SLU;189;39,69;189
;E/25015149;07/11/2025;6717;COMERCIAL OJA, SLU;333,33;70;333,33
;E/25015277;11/11/2025;6717;COMERCIAL OJA, SLU;944,6;198,37;944,6
;E/25016302;28/11/2025;6717;COMERCIAL OJA, SLU;1900,22;399,05;1900,22
;E/25016801;05/12/2025;6717;COMERCIAL OJA, SLU;1428,61;300,01;1428,61
;E/25017422;16/12/2025;6717;COMERCIAL OJA, SLU;836,13;175,59;836,13
;E25000075;07/02/2025;5194;INOXPAN, S.L.;376,3;79,02;376,3
;E807660300;08/01/2025;8158;AKZO NOBEL COATINGS, S.L.;1143,54;240,14;1143,54
;E807689166;04/06/2025;8158;AKZO NOBEL COATINGS, S.L.;1861,23;390,86;1861,23
;E807690860;12/06/2025;8158;AKZO NOBEL COATINGS, S.L.;753,9;158,32;753,9
;E807693591;24/06/2025;8158;AKZO NOBEL COATINGS, S.L.;66,65;14;66,65
;E807699905;23/07/2025;8158;AKZO NOBEL COATINGS, S.L.;2656,4;557,84;2656,4
;E807702696;04/08/2025;8158;AKZO NOBEL COATINGS, S.L.;2404,38;504,92;2404,38
;E807723523;20/11/2025;8158;AKZO NOBEL COATINGS, S.L.;805,44;169,14;805,44
;E807726603;09/12/2025;8158;AKZO NOBEL COATINGS, S.L.;3330,04;699,31;3330,04
;E808304642;05/02/2025;8158;AKZO NOBEL COATINGS, S.L.;-35,27;-7,41;-35,27
;F,25100846;03/12/2025;2748;GME DIVISION DE BA?OS SL;274,7;57,69;274,7
;F166178;30/04/2025;5920;COORDONNÉ, S.L.;71,3;14,98;71,3
;F180067;29/08/2025;5920;COORDONNÉ, S.L.;208;43,69;208
;FV2250072;22/01/2025;8029;INDUSTRIAS MAS SALVADO Y SUC., S.L.;763,86;160,41;763,86
;FV2250309;07/03/2025;8029;INDUSTRIAS MAS SALVADO Y SUC., S.L.;3753,35;788,2;3753,35
;FV2250600;06/05/2025;8029;INDUSTRIAS MAS SALVADO Y SUC., S.L.;1552,85;326,1;1552,85
;FV2250849;26/06/2025;8029;INDUSTRIAS MAS SALVADO Y SUC., S.L.;341,88;71,79;341,88
;FV2251251;09/10/2025;8029;INDUSTRIAS MAS SALVADO Y SUC., S.L.;4201,58;882,33;4201,58
;FV2251334;23/10/2025;8029;INDUSTRIAS MAS SALVADO Y SUC., S.L.;1193,38;250,61;1193,38
;FV2251661;17/12/2025;8029;INDUSTRIAS MAS SALVADO Y SUC., S.L.;600,08;126,02;600,08
;FV25/00388;11/02/2025;6294;BASMAT MATTING SYSTEMS, S.L.;271,04;56,92;271,04
;FV25/13367;10/07/2025;825;IDATERM, S.L.;535,05;112,36;535,05
;FV25/25995;20/12/2025;825;IDATERM, S.L.;535,05;112,36;535,05
;FV2500108;09/01/2025;5576;THERMOGREEN, S.L.;3914,45;822,03;3914,45
;FV25-00377;13/01/2025;2905;OBREROL, S.A.;1166,73;245,01;1166,73
;FV25-00466;07/02/2025;9877;DECO, DISTRIBUCIÓ DE GUIX LAMINAT, S.L.;803,87;168,81;803,87
;FV2500712;23/01/2025;3711;BRINOX S.A;800,05;168,01;800,05
;FV25016765;16/01/2025;11627;JULIÀ GRUP FURNITURE SOLUTIONS, SL;839,73;176,34;839,73
;FV25018631;29/05/2025;4773;GARSACO IMPORT, S.L.;113,42;23,82;113,42
;FV25-03099;17/03/2025;7690;GRIFERIAS GROBER, S.L.;87,62;18,4;87,62
;FV25-03163;18/03/2025;7690;GRIFERIAS GROBER, S.L.;94,32;19,81;94,32
;FV2503805;17/06/2025;5576;THERMOGREEN, S.L.;1986,07;417,07;1986,07
;FV25041633;13/11/2025;4773;GARSACO IMPORT, S.L.;200,06;42,01;200,06
;FV-2504400;11/04/2025;7690;GRIFERIAS GROBER, S.L.;570,46;119,8;570,46
;FV2504870;05/08/2025;5576;THERMOGREEN, S.L.;1156,05;242,77;1156,05
;FV2505317;02/09/2025;5576;THERMOGREEN, S.L.;2765,76;580,81;2765,76
;FV25-05807;15/05/2025;7690;GRIFERIAS GROBER, S.L.;256,27;53,82;256,27
;FV2506361;23/06/2025;3711;BRINOX S.A;285,63;59,98;285,63
;FV25-06385;28/05/2025;7690;GRIFERIAS GROBER, S.L.;269,31;56,56;269,31
;FV25-07801;27/06/2025;7690;GRIFERIAS GROBER, S.L.;188,79;39,65;188,79
;FV2507806;28/07/2025;3711;BRINOX S.A;190,78;40,06;190,78
;FV25-09567;11/07/2025;2905;OBREROL, S.A.;64,09;13,46;64,09
;FV25112862;31/03/2025;1627;JULIÀ GRUP FURNITURE SOLUTIONS, SL;802,88;168,6;802,88
;FV2511334;31/10/2025;3711;BRINOX S.A;562,99;118,23;562,99
;FV25-12592;26/09/2025;2905;OBREROL, S.A.;4436,96;931,76;4436,96
;FV25-13456;08/10/2025;2905;OBREROL, S.A.;26,66;5,6;26,66
;FV25-14071;17/10/2025;2905;OBREROL, S.A.;411,92;86,5;411,92
;FV25-14427;22/10/2025;2905;OBREROL, S.A.;74,08;15,56;74,08
;FV25-14960;29/10/2025;2905;OBREROL, S.A.;7,3;1,53;7,3
;FV2515920;14/11/2025;2905;OBREROL, S.A.;90,1;18,92;90,1
;FV25-15920;14/11/2025;2905;OBREROL, S.A.;-90,1;-18,92;-90,1
;FV25245602;04/03/2025;9206;AYERBE INDUSTRIAL DE MOTORES, S.A.;872,88;183,3;872,88
;FV25-32707;07/08/2025;5900;JUBA PERSONAL PROTECT. EQUIP.. S.L.;75,98;15,96;75,98
;FV2552797;23/12/2025;5900;JUBA PERSONAL PROTECT. EQUIP.. S.L.;155,88;32,73;155,88
;FV440;15/04/2025;6364;VIGAS COSME, S.L.;136,83;28,73;136,83
;FV460321;16/04/2025;368;ARREGUI BUZONES Y SISTEMAS DE SEGURIDAD;227,43;47,76;227,43
;FVA2500087;28/02/2025;17367;CORTISA, S.L.;177,58;37,29;177,58
;G/1;17/02/2025;17765;GHEORGHE EMIL IONUT;5320;1117,2;5320
;GEN/7331;17/11/2025;6084;ANDREU BARBERA, S.L.;415,76;87,31;415,76
;GEN/784;10/02/2025;6084;ANDREU BARBERA, S.L.;407,28;85,53;407,28
;HM250583;29/08/2025;15367;NORPRINT, S.A.;3386,95;711,26;3386,95
;I/25038652;21/11/2025;5983;GABARRO HERMANOS, S.A.;51,92;10,9;51,92
;I5M0000915;01/09/2025;13125;TELEFONICA MOVILES ESPAÑA, S.A.;412,24;86,57;412,24
;L.25003328;12/09/2025;5082;DELTA COCINAS, S.L.;3847,43;807,96;3847,43
;L.25004842;12/12/2025;5082;DELTA COCINAS, S.L.;638,97;134,18;638,97
;L25001486;30/04/2025;5082;DELTA COCINAS, S.L.;262,94;55,22;262,94
;L25002383;27/06/2025;5082;DELTA COCINAS, S.L.;1344,49;282,34;1344,49
;L25002628;11/07/2025;5082;DELTA COCINAS, S.L.;283,49;59,53;283,49
;LPDC-5.261;31/10/2025;2980;ALPEX, S.A.;111,11;23,33;111,11
;M1061;15/04/2025;9452;ARENES BELLPUIG, S.L.;1055,81;221,72;1055,81
;M2060;15/07/2025;9452;ARENES BELLPUIG, S.L.;2232,88;468,9;2232,88
;M2380;15/08/2025;9452;ARENES BELLPUIG, S.L.;1102,64;231,55;1102,64
;5-40035039;05/12/2025;4708;BIGMAT LOGISTICA, S.A.;3942,83;827,99;3942,83
;5-50004823;03/09/2025;14708;BIGMAT LOGISTICA, S.A.;1370,74;287,86;1370,74
;5-50005335;02/10/2025;14708;BIGMAT LOGISTICA, S.A.;1061;222,81;1061
;F25/126263;25/09/2025;9675;ELEKTRO-3, S.C.C.L.;209,75;44,05;209,75
;F25/137238;16/10/2025;9675;ELEKTRO-3, S.C.C.L.;262,47;55,12;262,47
;F25/13947;31/01/2025;9675;ELEKTRO-3, S.C.C.L.;2286,44;480,15;2286,44
;F25/147415;05/11/2025;9675;ELEKTRO-3, S.C.C.L.;409,66;86,03;409,66
;F25/157940;24/11/2025;9675;ELEKTRO-3, S.C.C.L.;199,33;41,86;199,33
;F25/162266;29/11/2025;9675;ELEKTRO-3, S.C.C.L.;7773,83;1632,5;7773,83
;F25/166136;05/12/2025;9675;ELEKTRO-3, S.C.C.L.;196,44;41,25;196,44
;F25/29624;06/03/2025;9675;ELEKTRO-3, S.C.C.L.;230,97;48,5;230,97
;F25/84866;26/06/2025;9675;ELEKTRO-3, S.C.C.L.;226,99;47,67;226,99
;F250054;31/07/2025;2309;FLOORING MANAGEMENT S.L.;3788,8;795,65;3788,8
;F250066;12/09/2025;2309;FLOORING MANAGEMENT S.L.;2335,98;490,56;2335,98
;F250133;25/11/2025;15302;ESTEBAN PAHISSA CORDON;220;46,2;220
;F2503283;09/01/2025;4716;PRODUCTOS FLOWER S.A.;433,27;90,99;433,27
;F2504237;13/02/2025;4716;PRODUCTOS FLOWER S.A.;480,46;100,9;480,46
;F250715587;31/07/2025;19120;CORREOS EXPRES PAQUETERÍA URGENTE, S.A.;72,36;15,2;72,36
;F251125;20/01/2025;13992;FUTURELITE, S.L.;251,56;52,83;251,56
;F2513248;31/07/2025;4716;PRODUCTOS FLOWER S.A.;54,26;11,39;316,06
;F25-331054;01/07/2025;17629;PREVENACTIVA, S.L.U.;437,25;91,82;709,74
;F25-342272;01/10/2025;17629;PREVENACTIVA, S.L.U.;437,25;91,82;709,74
;F25DR00593;04/08/2025;8037;RIVISA IND. CERRAMIENTOS METALICOS, SA;434,32;91,21;434,32
;F25DR00700;06/10/2025;8037;RIVISA IND. CERRAMIENTOS METALICOS, SA;1075,22;225,8;1075,22
;F25DR00742;16/10/2025;8037;RIVISA IND. CERRAMIENTOS METALICOS, SA;135;28,35;135
;F2601312;10/10/2025;4716;PRODUCTOS FLOWER S.A.;188,66;39,62;188,66
;FA-0006939;31/12/2025;13084;INTER LLEIDA TRANS, S.A.;22,49;4,72;22,49
;FA1/005373;28/02/2025;3853;PLASTICOS FERRO, S.L.;793,53;166,64;793,53
;FA1/011851;12/05/2025;3853;PLASTICOS FERRO, S.L.;543,34;114,1;543,34
;FA1/017396;30/06/2025;3853;PLASTICOS FERRO, S.L.;1016,52;213,47;1016,52
;FA1/020897;31/07/2025;3853;PLASTICOS FERRO, S.L.;959,17;201,43;959,17
;FA1/025630;30/09/2025;3853;PLASTICOS FERRO, S.L.;1085,36;227,93;1085,36
;FA25250842;31/03/2025;1931;JUAN CORTES S.L;1221,55;256,53;1221,55
;FAC796;08/10/2025;2911;SUMINISTROS RECOVAL, S.L.;169,35;35,56;169,35
;FANR-1562;18/01/2025;6765;VISOBATH, SL;147,24;30,92;147,24
;FAR39.580;15/06/2025;10761;DUSCHOLUX IBERICA, S.A.;-45,09;-9,47;-45,09
;FAR39393;15/05/2025;10761;DUSCHOLUX IBERICA, S.A.;-1,65;-0,35;-1,65
;FCAR231718;28/02/2025;7493;MATERIALES Y PROTECCIÓN ELÉCTRICA, S.A.;62,7;13,17;62,7
;FCAR232398;31/03/2025;7493;MATERIALES Y PROTECCIÓN ELÉCTRICA, S.A.;9,9;2,08;9,9
;FCAR234977;31/07/2025;7493;MATERIALES Y PROTECCIÓN ELÉCTRICA, S.A.;108,25;22,73;108,25
;FCAR370214;31/12/2025;5186;ELECTRO-TARR 2017, S.L.;361,72;75,96;361,72
;FE435;31/08/2025;11262;TERESA PARISI DAVIU;86,82;18,23;86,82
;FE60;30/04/2025;11262;TERESA PARISI DAVIU;19,16;4,02;19,16
;FKP/12855;27/10/2025;7848;SOCIEDAD ANONIMA KP;537,07;112,78;537,07
;FKP/15554;24/12/2025;7848;SOCIEDAD ANONIMA KP;1412,75;296,68;1412,75
;FKP/15555;24/12/2025;7848;SOCIEDAD ANONIMA KP;1773,55;372,45;1773,55
;FKP/15728;31/12/2025;7848;SOCIEDAD ANONIMA KP;172,41;36,21;172,41
;FKP/2853;06/03/2025;13500;SOCIEDAD ANONIMA KP;66,05;13,87;66,05
;FLC29972;01/05/2025;13547;BNP PARIBAS LEASE GROUP, S.A.;141,8;29,77;141,8
;FLF54884;01/11/2025;13547;BNP PARIBAS LEASE GROUP, S.A.;141,8;29,77;141,8
;FN252182;07/10/2025;288;ARCAS OLLE, S.L.;29,56;6,21;29,56
;FR25001135;19/08/2025;6717;COMERCIAL OJA, SLU;-930,12;-195,33;-930,12
;FTF-15774;15/04/2025;9355;AGHASA TURIS, S.A.;634,56;133,26;634,56
;FTF-19942;30/06/2025;9355;AGHASA TURIS, S.A.;732,18;153,76;732,18
;FTF-21841;31/07/2025;9355;AGHASA TURIS, S.A.;690,29;144,96;690,29
;FTF-23725;15/09/2025;9355;AGHASA TURIS, S.A.;1318,93;276,98;1318,93
;FTF-25667;15/10/2025;9355;AGHASA TURIS, S.A.;524,73;110,19;524,73
;FTF-26312;31/10/2025;9355;AGHASA TURIS, S.A.;2561,22;537,86;2561,22
;FTF-28241;30/11/2025;9355;AGHASA TURIS, S.A.;472,6;99,25;472,6
;FTF-29140;15/12/2025;9355;AGHASA TURIS, S.A.;1226,09;257,48;1226,09
;FTF-29727;31/12/2025;9355;AGHASA TURIS, S.A.;859,51;180,5;859,51
;F-V/18842;31/12/2025;9077;RETAMERO ELECTROTALLER, SLU;54,17;11,38;54,17
;F-V/219819;26/05/2025;5959;LUZ NEGRA, S.L;143,95;30,23;143,95
;FV-038439;28/02/2025;6230;LOFES 90, S.L.;13318,66;2796,92;13318,66
;FV-039519;31/03/2025;6230;LOFES 90, S.L.;272,19;57,16;272,19
;FV-040386;25/04/2025;6230;LOFES 90, S.L.;780,86;163,98;780,86
;FV-040537;30/04/2025;6230;LOFES 90, S.L.;285,27;59,91;285,27
;FV-040952;15/05/2025;6230;LOFES 90, S.L.;479,15;100,62;479,15
;FV-041135;20/05/2025;6230;LOFES 90, S.L.;543,72;114,18;543,72
;FV-045078;05/10/2025;6230;LOFES 90, S.L. (MUSSOL);1077,35;226,24;1077,35
;FV-045763;25/10/2025;6230;LOFES 90, S.L. (MUSSOL);332,6;69,85;332,6
;FV-046760;27/11/2025;6230;LOFES 90, S.L. (MUSSOL);587,99;123,48;587,99
;FV-047238;10/12/2025;6230;LOFES 90, S.L. (MUSSOL);518,21;108,82;518,21
;FV1119;30/09/2025;6364;VIGAS COSME, S.L.;39,92;8,38;39,92
;PE25001616;07/02/2025;6717;COMERCIAL OJA, SLU;315;66,15;315
;PE25001774;11/02/2025;6717;COMERCIAL OJA, SLU;152,62;32,05;152,62
;PE25002744;28/02/2025;6717;COMERCIAL OJA, SLU;1410,8;296,27;1410,8
;PE25002765;28/02/2025;6717;COMERCIAL OJA, SLU;257,23;54,02;257,23
;PE25003821;25/03/2025;6717;COMERCIAL OJA, SLU;258,66;54,32;258,66
;PE25004462;04/04/2025;6717;COMERCIAL OJA, SLU;669,67;140,63;669,67
;PE25005115;23/04/2025;6717;COMERCIAL OJA, SLU;959,31;201,46;959,31
;PE25005458;29/04/2025;6717;COMERCIAL OJA, SLU;280,01;58,8;280,01
;PE25006897;28/05/2025;6717;COMERCIAL OJA, SLU;240,15;50,43;240,15
;PE25007041;30/05/2025;6717;COMERCIAL OJA, SLU;240,15;50,43;240,15
;PE25008415;24/06/2025;6717;COMERCIAL OJA, SLU;120,01;25,2;120,01
;PE25009946;18/07/2025;6717;COMERCIAL OJA, SLU;434,09;91,16;434,09
;PE25011174;14/08/2025;6717;COMERCIAL OJA, SLU;4044,97;849,44;4044,97
;PE25011435;22/08/2025;6717;COMERCIAL OJA, SLU;1850,97;388,7;1850,97
;PJ25001010;15/05/2025;5542;PANOTS JIMENEZ, S.L.;157,24;33,02;157,24
;PJ25001535;15/07/2025;5542;PANOTS JIMENEZ, S.L.;178,16;37,41;178,16
;PJ25001839;31/08/2025;5542;PANOTS JIMENEZ, S.L.;1654,56;347,46;1654,56
;PV284906;10/07/2025;6758;ORKLI S.COOP.;159,45;33,48;159,45
;PV286689;17/09/2025;6758;ORKLI S.COOP.;1905,5;400,16;1905,5
;R/2500024;14/01/2025;8438;DINAK, S.A.;1514,14;317,97;1514,14
;R/25001853;23/12/2025;6717;COMERCIAL OJA, SLU;-457,13;-96;-457,13
;R/2500375;22/05/2025;8438;DINAK, S.A.;629,28;132,15;629,28
;R/2500762;13/10/2025;8438;DINAK, S.A.;2425,45;509,34;2425,45
;R/2500860;05/11/2025;8438;DINAK, S.A.;194,6;40,87;194,6
;R-22541246;20/10/2025;7494;GRUPODESA FASTENERS, S.A.U.;244,2;51,28;244,2
;R-22550380;17/12/2025;7494;GRUPODESA FASTENERS, S.A.U.;438,55;92,1;438,55
;R25-016433;26/09/2025;841;SOC.ANON.SERVEI I COMER? ELECTRODOMESTIC;2628,58;552;2628,58
;R25-019986;12/11/2025;841;SOC.ANON.SERVEI I COMER? ELECTRODOMESTIC;2522,38;529,7;2522,38
;R25-020629;19/11/2025;841;SOC.ANON.SERVEI I COMER? ELECTRODOMESTIC;1004,67;210,98;1004,67
;R25-023554;17/12/2025;841;SOC.ANON.SERVEI I COMER? ELECTRODOMESTIC;1294,1;271,76;1294,1
;R25-024655;31/12/2025;841;SOC.ANON.SERVEI I COMER? ELECTRODOMESTIC;5429,41;1140,18;5429,41
;RA81004404;01/07/2025;1921;LIEBHERR IBERICA, S.L.;905,23;190,1;905,23
;RA81005287;22/07/2025;1921;LIEBHERR IBERICA, S.L.;375,08;78,77;375,08
;RA81005365;23/07/2025;1921;LIEBHERR IBERICA, S.L.;3875;813,75;3875
;RA81005549;28/07/2025;1921;LIEBHERR IBERICA, S.L.;794,93;166,94;794,93
;RI25025472;25/07/2025;5983;GABARRO HERMANOS, S.A.;1200,67;252,14;1200,67
;SF250768;28/07/2025;5080;COMPLEMENTTO S.L.U.;153;32,13;153
;STD;10/09/2025;4634;CIFRE CERAMICA, S.L.;255,67;53,69;255,67
;TA:4055890;28/11/2025;12448;ECOTISA UNA TINTA DE IMPRESION SLU;287,82;60,44;287,82
;U/12528381;17/12/2025;1201;KERABEN GRUPO, S.A.;476,91;100,15;476,91
;U/12528933;24/12/2025;1201;KERABEN GRUPO, S.A.;245,25;51,5;245,25
;-V/2502893;17/12/2025;7295;ARTTROS 2040, S.L.;29,07;6,1;29,07
;V028026460;24/09/2025;11866;RODI ARAN, S.L.;310,68;65,24;310,68
;-2484;30/09/2025;2007;EDILKAMIN IBERICA, S.L.;66,8;14,03;66,8
;-3725;19/12/2025;2007;EDILKAMIN IBERICA, S.L.;537,6;112,9;537,6
;V-25-10162;02/09/2025;7690;GRIFERIAS GROBER, S.L.;742,74;155,98;742,74
;V-25-11991;20/10/2025;7690;GRIFERIAS GROBER, S.L.;1195,11;250,97;1195,11
;V-25-13901;02/12/2025;7690;GRIFERIAS GROBER, S.L.;1116,07;234,37;1116,07
;V-25-14014;04/12/2025;7690;GRIFERIAS GROBER, S.L.;302,82;63,59;302,82
;VF25071919;14/07/2025;6463;ESTANTERIAS SIMON,S.L.;424,86;89,22;424,86
;VN/2501624;30/04/2025;5286;NULACVI S.L;28,22;5,93;28,22
;257-2025;03/12/2025;17580;SiMAS MARKETING PROMOCIONAL, SL;244,97;51,44;244,97
;25-8000071;25/03/2025;19813;BIGMAT IBERIA, S.A.;-50,85;-10,68;-50,85
;25-802064;25/09/2025;19813;BIGMAT IBERIA, S.A.;1080,31;226,87;1080,31
;25-802717;26/12/2025;19813;BIGMAT IBERIA, S.A.;1080,31;226,87;1080,31
;25-8300001;31/01/2025;14708;BIGMAT LOGISTICA, S.A.;-34039,29;-7148,25;-34039,29
;258300005;30/04/2025;14708;BIGMAT LOGISTICA, S.A.;-4973,9;-1044,52;-4973,9
;25-8300005;30/04/2025;14708;BIGMAT LOGISTICA, S.A.;-4973,9;-1044,52;-4973,9
;258300008;23/07/2025;14708;BIGMAT LOGISTICA, S.A.;-7612,04;-1598,53;-7612,04
;259000035;24/01/2025;12748;GME DIVISION DE BAÑOS SL;-129,34;-27,16;-129,34
;25924850;28/07/2025;5450;INDUSTRIAL ZAPATERA, S.A.;72,08;15,14;72,08
;25940052;31/01/2025;14587;MOLECOR CANALIZACIONES, S.L.;-17,71;-3,72;-17,71
;25A0009062;09/04/2025;3441;ALFA DYSER, S.L.;-28,85;-6,06;-28,85
;25F001019;15/05/2025;20191;VALLSFUSTA, S.A.;1766,34;370,93;1766,34
;25F001200;04/06/2025;4306;INVAPAL, SA;1241,07;260,62;1241,07
;25F002161;29/10/2025;4306;INVAPAL, SA;388,3;81,54;388,3
;25F07674;27/11/2025;5002;DANTHERM SP, SAU;1638,65;344,12;1638,65
;25FC001523;16/01/2025;5495;IBERMAPEI, S.A.;2710,33;569,17;2710,33
;25FC003490;04/02/2025;5495;IBERMAPEI, S.A.;37,88;7,95;37,88
;25FC006207;27/02/2025;5495;IBERMAPEI, S.A.;1159,39;243,47;1159,39
;25FC007495;11/03/2025;5495;IBERMAPEI, S.A.;177,52;37,28;177,52
;25FC010258;03/04/2025;5495;IBERMAPEI, S.A.;125;26,25;125
;25FC014801;15/05/2025;5495;IBERMAPEI, S.A.;1046,4;219,74;1046,4
;25FC015468;21/05/2025;5495;IBERMAPEI, S.A.;215,77;45,32;215,77
;25FC015544;21/05/2025;5495;IBERMAPEI, S.A.;120,05;25,21;120,05
;25FC016233;27/05/2025;5495;IBERMAPEI, S.A.;302,32;63,49;302,32
;25FC021835;08/07/2025;5495;IBERMAPEI, S.A.;1414,4;297,02;1414,4
;25FC021951;09/07/2025;5495;IBERMAPEI, S.A.;914,4;192,02;914,4
;25FC023670;22/07/2025;5495;IBERMAPEI, S.A.;341,48;71,71;341,48
;25FC024988;01/08/2025;5495;IBERMAPEI, S.A.;18,33;3,85;18,33
;25FC032330;17/10/2025;5495;IBERMAPEI, S.A.;952,8;200,09;952,8
;25FC033106;24/10/2025;5495;IBERMAPEI, S.A.;63,02;13,23;63,02
;25FC033646;29/10/2025;5495;IBERMAPEI, S.A.;182;38,22;182
;25FC034111;31/10/2025;5495;IBERMAPEI, S.A.;2856,71;599,91;2856,71
;25FC036666;25/11/2025;5495;IBERMAPEI, S.A.;784,49;164,74;784,49
;25FCO29088;17/09/2025;5495;IBERMAPEI, S.A.;1844,26;387,29;1844,26
;25FV000054;10/01/2025;10122;DISCAR VAL D'ARAN, SL;1879,94;394,79;1879,94
;25FV00540;17/01/2025;14641;SCHLÜTER-SYSTEMS S.L.;86,34;18,13;86,34
;25FV01544;05/02/2025;4641;SCHLÜTER-SYSTEMS S.L.;28,77;6,04;28,77
;25FV02010;14/02/2025;4641;SCHLÜTER-SYSTEMS S.L.;269,78;56,65;269,78
;25FV02211;05/05/2025;20168;EXOJO, S.L.;138,1;29;138,1
;25FV03773;24/03/2025;4641;SCHLÜTER-SYSTEMS S.L.;201,99;42,42;201,99
;25FV05192;24/04/2025;4641;SCHLÜTER-SYSTEMS S.L.;1773,56;372,45;1773,56
;25FV07148;04/06/2025;4641;SCHLÜTER-SYSTEMS S.L.;1894,07;397,75;1894,07
;25FV07344;09/06/2025;4641;SCHLÜTER-SYSTEMS S.L.;3647,54;765,98;3647,54
;25FV08452;01/07/2025;4641;SCHLÜTER-SYSTEMS S.L.;308,18;64,72;308,18
;25FV09086;15/07/2025;4641;SCHLÜTER-SYSTEMS S.L.;296,41;62,25;296,41
;25FV09506;24/07/2025;4641;SCHLÜTER-SYSTEMS S.L.;2031,01;426,51;2031,01
;25FV10039;07/08/2025;4641;SCHLÜTER-SYSTEMS S.L.;529,18;111,13;529,18
;25FV10143;11/08/2025;4641;SCHLÜTER-SYSTEMS S.L.;1151,59;241,83;1151,59
;25FV10144;11/08/2025;4641;SCHLÜTER-SYSTEMS S.L.;33,21;6,97;33,21
;25FV10757;29/08/2025;4641;SCHLÜTER-SYSTEMS S.L.;1019,28;214,05;1019,28
;25FV11727;23/09/2025;4641;SCHL?TER-SYSTEMS S.L.;214,63;45,07;214,63
;25FV13343;29/10/2025;4641;SCHL?TER-SYSTEMS S.L.;529,18;111,13;529,18
;25FV14782;28/11/2025;4641;SCHL?TER-SYSTEMS S.L.;750,44;157,59;750,44
;25N0000231;31/01/2025;2544;APAVISA PORCELANICO, S.L.;1706,56;358,38;1706,56
;25N0000302;07/02/2025;2544;APAVISA PORCELANICO, S.L.;2772,34;582,19;2772,34
;25N08329;08/07/2025;8096;VIVES AZULEJOS Y GRES, S.A.;269,81;56,66;269,81
;25N14155;04/12/2025;8096;VIVES AZULEJOS Y GRES, S.A.;-288,44;-60,57;-288,44
;2600203;15/09/2025;2137;ALTRAD PLETTAC IBERICA, S.L.;3433,79;721,1;3433,79
;2600895;08/10/2025;2137;ALTRAD PLETTAC IBERICA, S.L.;1556,96;326,96;1556,96
;28/11/2025;28/11/2025;8438;DINAK, S.A.;127,41;26,76;127,41
;280389;10/02/2025;5358;I&E FOREST PANELS, S.L.;340,8;71,57;340,8
;280558;26/02/2025;5358;I&E FOREST PANELS, S.L.;788,14;165,51;788,14
;280652;07/03/2025;5358;I&E FOREST PANELS, S.L.;525,49;110,35;525,49
;281611;16/06/2025;5358;I&E FOREST PANELS, S.L.;101,79;21,38;101,79
;281946;17/07/2025;5358;I&E FOREST PANELS, S.L.;559,82;117,56;559,82
;282240;02/09/2025;5358;I E FOREST PANELS, S.L.;1234,18;259,18;1234,18
;282267;04/09/2025;5358;I E FOREST PANELS, S.L.;65,59;13,77;65,59
;282401;22/09/2025;5358;I E FOREST PANELS, S.L.;5810,52;1220,21;5810,52
;282611;15/10/2025;5358;I E FOREST PANELS, S.L.;991,08;208,13;991,08
;282644;17/10/2025;5358;I E FOREST PANELS, S.L.;1120,38;235,28;1120,38
;282891;14/11/2025;5358;I E FOREST PANELS, S.L.;175,66;36,89;175,66
;2834210325;03/03/2025;10013;BANCO SANTANDER, S.A.;3,06;0,64;3,06
;2840;25/11/2025;13947;BALUE JUSTO ADVOCATS, S.L.;830;174,3;830
;286060625;06/06/2025;10013;BANCO SANTANDER, S.A.;11,29;2,37;11,29
;29.122;10/09/2025;2062;DISTRIBUIDORA BOSCH HNOS.,S.A.;350,33;73,57;350,33
;29/10/2025;29/10/2025;11866;RODI ARAN, S.L.;281,2;59,05;281,2
;2966;15/12/2025;13947;BALUE JUSTO ADVOCATS, S.L.;110;23,1;110
;3.085;30/01/2025;12062;DISTRIBUIDORA BOSCH HNOS.,S.A.;16,2;3,4;16,2
;450973;28/11/2025;8184;ALYCO TOOLS, SA;267,08;56,09;267,08
;251001479;31/07/2025;10778;PRETENSADOS RIBERA, S.L.;7,51;1,58;7,51
;251001481;31/07/2025;10778;PRETENSADOS RIBERA, S.L.;7,6;1,6;7,6
;251001483;31/07/2025;10778;PRETENSADOS RIBERA, S.L.;28;5,88;28
;2510016830;16/04/2025;4813;EHLIS, S.A.;437,72;91,92;437,72
;25100179;17/01/2025;2339;BUJIOL S.L.;66,37;13,94;66,37
;251001952;30/09/2025;10778;PRETENSADOS RIBERA, S.L.;44,18;9,28;44,18
;251001955;30/09/2025;10778;PRETENSADOS RIBERA, S.L.;11,3;2,37;11,3
;2510025080;01/06/2025;4813;EHLIS, S.A.;23,77;4,99;23,77
;251002620;31/12/2025;10778;PRETENSADOS RIBERA, S.L.;3,63;0,76;3,63
;251002622;31/12/2025;10778;PRETENSADOS RIBERA, S.L.;74,57;15,66;74,57
;2510030182;24/06/2025;4813;EHLIS, S.A.;28,9;6,07;28,9
;2510031715;30/06/2025;4813;EHLIS, S.A.;28,9;6,07;28,9
;2510041257;11/08/2025;4813;EHLIS, S.A.;86;18,06;86
;2510056222;29/10/2025;4813;EHLIS, S.A.;52,06;10,93;52,06
;251007574;03/06/2025;6197;PRESTO IBERICA, S.A.;579,56;121,71;579,56
;25100821;16/12/2025;2748;GME DIVISION DE BA?OS SL;446,49;93,76;446,49
;2510134178;01/04/2025;11438;ALPHABET ESPAÑA FLEET MANAGEMENT, S.A.U.;927,16;194,7;927,16
;251014;31/01/2025;4256;MECANO CAMP, S.A.;351,15;73,74;351,15
;25101416;21/03/2025;2339;BUJIOL S.L.;135,92;28,54;135,92
;25102120;24/11/2025;14562;SISTEMAS DIGITALES CORPORATE, S.L.;267,9;56,26;267,9
;25-10226;12/03/2025;1973;STANDARD HIDRÁULICA, S.A.U.;185,17;38,89;185,17
;2510253;25/02/2025;3913;POLIESPOR, S.A.;2331,43;489,6;2331,43
;25102760;30/05/2025;2339;BUJIOL S.L.;80,72;16,95;80,72
;2510281288;01/08/2025;11438;ALPHABET ESPAÑA FLEET MANAGEMENT, S.A.U.;927,16;194,7;927,16
;25102992;20/06/2025;2955;GRIFERIA SANITARIA ROVIRA, S.A.;283,7;59,58;283,7
;2510317094;01/09/2025;11438;ALPHABET ESPAÑA FLEET MANAGEMENT, S.A.U.;927,16;194,7;927,16
;25103875;31/07/2025;2955;GRIFERIA SANITARIA ROVIRA, S.A.;173,8;36,5;173,8
;25104237;29/08/2025;2955;GRIFERIA SANITARIA ROVIRA, S.A.;271,7;57,06;271,7
;2510568;31/10/2025;4236;VACUFLEX, S.L.;184,21;38,68;184,21
;25106292;12/12/2025;2339;BUJIOL S.L.;1595,03;334,96;1595,03
;2511-00211;05/11/2025;50044;SPAX TORNILLER?A, S.A.U.;432,37;90,8;432,37
;25111695;18/12/2025;14562;SISTEMAS DIGITALES CORPORATE, S.L.;259,48;54,49;259,48
;251223428;31/07/2025;12407;SOC. ESTATAL CORREOS Y TELEGRAFOS, S.A.;57,42;12,06;84,12
;251401;11/07/2025;16167;ACG PROJECTES INFORMATICS, SL.;1031;216,51;1031
;25142306;17/11/2025;7687;SOPREMA IBERIA, S.L.U.;771,46;162,01;771,46
;25-15442;22/04/2025;1973;STANDARD HIDRÁULICA, S.A.U.;8,03;1,69;8,03
;25-15770;24/04/2025;1973;STANDARD HIDRÁULICA, S.A.U.;425,17;89,29;425,17
;2518003299;27/02/2025;9646;SMEG ESPAÑA, S.A.;122,74;25,78;122,74
;2518007737;07/05/2025;9646;SMEG ESPAÑA, S.A.;942,99;198,03;942,99
;2518009080;27/05/2025;9646;SMEG ESPAÑA, S.A.;161,4;33,89;161,4
;2518012502;17/07/2025;9646;SMEG ESPAÑA, S.A.;161,4;33,89;161,4
;2518014217;20/08/2025;9646;SMEG ESPAÑA, S.A.;959,4;201,47;959,4
;2518021462;09/12/2025;9646;SMEG ESPA?A, S.A.;204;42,84;204
;252000596;31/01/2025;10778;PRETENSADOS RIBERA, S.L.;1627,2;341,71;1627,2
;252000603;31/01/2025;10778;PRETENSADOS RIBERA, S.L.;2,18;0,46;2,18
;252000604;31/01/2025;10778;PRETENSADOS RIBERA, S.L.;45,24;9,5;45,24
;252000857;28/02/2025;10778;PRETENSADOS RIBERA, S.L.;103,72;21,78;103,72
;252000867;28/02/2025;10778;PRETENSADOS RIBERA, S.L.;84,59;17,76;84,59
;252001337;31/03/2025;10778;PRETENSADOS RIBERA, S.L.;59,65;12,53;59,65
;252001340;31/03/2025;10778;PRETENSADOS RIBERA, S.L.;9,32;1,96;9,32
;252001341;31/03/2025;10778;PRETENSADOS RIBERA, S.L.;22,76;4,78;22,76
;252001344;31/03/2025;10778;PRETENSADOS RIBERA, S.L.;596,95;125,36;596,95
;252001345;31/03/2025;10778;PRETENSADOS RIBERA, S.L.;67,89;14,26;67,89
;252002100;30/04/2025;10778;PRETENSADOS RIBERA, S.L.;137,69;28,91;137,69
;252002101;30/04/2025;10778;PRETENSADOS RIBERA, S.L.;51,01;10,71;51,01
;252002102;30/04/2025;10778;PRETENSADOS RIBERA, S.L.;45,41;9,54;45,41
;252002106;30/04/2025;10778;PRETENSADOS RIBERA, S.L.;811,04;170,32;811,04
;252002751;31/05/2025;10778;PRETENSADOS RIBERA, S.L.;125,09;26,27;125,09
;252002753;31/05/2025;10778;PRETENSADOS RIBERA, S.L.;118,57;24,9;118,57
;252002754;31/05/2025;10778;PRETENSADOS RIBERA, S.L.;190,49;40;190,49
;252002757;31/05/2025;10778;PRETENSADOS RIBERA, S.L.;17,47;3,67;17,47
;252003837;30/06/2025;10778;PRETENSADOS RIBERA, S.L.;241,51;50,72;241,51
;252004141;31/07/2025;10778;PRETENSADOS RIBERA, S.L.;74,23;15,59;74,23
;252004142;31/07/2025;10778;PRETENSADOS RIBERA, S.L.;166,14;34,89;166,14
;252004756;31/08/2025;10778;PRETENSADOS RIBERA, S.L.;16,79;3,53;16,79
;252004762;31/08/2025;10778;PRETENSADOS RIBERA, S.L.;1,34;0,28;1,34
;252005277;30/09/2025;10778;PRETENSADOS RIBERA, S.L.;127,77;26,83;127,77
;252005278;30/09/2025;10778;PRETENSADOS RIBERA, S.L.;56,42;11,85;56,42
;252005285;30/09/2025;10778;PRETENSADOS RIBERA, S.L.;16,17;3,4;16,17
;252005812;30/09/2025;10778;PRETENSADOS RIBERA, S.L.;27,76;5,83;27,76
;252006564;31/10/2025;10778;PRETENSADOS RIBERA, S.L.;147,37;30,95;147,37
;836621ZIN1;20/05/2025;1269;CEMEX ESPAÑA OPERACIONES, S.L.U.;-1352;-283,92;-1352
;84;02/12/2025;16500;CONSTRUCCIONES LUIS ESTOP, SL;135;28,35;135
;852681ZIN1;31/07/2025;1269;CEMEX ESPAÑA OPERACIONES, S.L.U.;5890,46;1237;5890,46
;857934ZIN1;31/08/2025;1269;CEMEX ESPAÑA OPERACIONES, S.L.U.;3108,86;652,86;3108,86
;22510505;13/03/2025;7494;GRUPODESA FASTENERS, S.A.U.;113,1;23,75;113,1
;225106628;20/06/2025;6340;MARAZZI IBERIA, S.A.U.;241,62;50,74;241,62
;225109459;12/09/2025;6340;MARAZZI IBERIA, S.A.U.;548,5;115,19;548,5
;VR-0079104;31/10/2025;3441;ALFA DYSER, S.L.;5028,69;1056,02;5028,69
;ZA-2502002;30/04/2025;5036;IMER DISTRIBUCION DE MAQUINARIA, S.A.;71,11;14,93;71,11
;ZA-2502632;30/05/2025;5036;IMER DISTRIBUCION DE MAQUINARIA, S.A.;252;52,92;252
;ZA-2502925;18/06/2025;5036;IMER DISTRIBUCION DE MAQUINARIA, S.A.;91,3;19,17;91,3
;ZA-2504503;23/09/2025;5036;IMER DISTRIBUCION DE MAQUINARIA, S.A.;20,5;4,31;20,5
;ZA-2505149;29/10/2025;5036;IMER DISTRIBUCION DE MAQUINARIA, S.A.;251,65;52,85;251,65
;15532207;19/03/2025;18189;RENFE VIAJEROS S.M.E, SA;34,09;3,41;34,09
;15652471;11/04/2025;18189;RENFE VIAJEROS S.M.E, SA;40,91;4,09;40,91
;15652473;11/04/2025;18189;RENFE VIAJEROS S.M.E, SA;40,91;4,09;40,91
;15652474;11/04/2025;18189;RENFE VIAJEROS S.M.E, SA;40,91;4,09;40,91
;15652522;11/04/2025;18189;RENFE VIAJEROS S.M.E, SA;40,91;4,09;40,91
;15652525;11/04/2025;18189;RENFE VIAJEROS S.M.E, SA;40,91;4,09;40,91
;24-022615;02/01/2025;841;SOC.ANON.SERVEI I COMERÇ ELECTRODOMESTIC;59,25;5,93;2190,38
;25016981;25/08/2025;16742;CENTUR, SL;535,93;53,59;535,93
;25016982;25/08/2025;16742;CENTUR, SL;4,8;0,48;4,8
;25016984;25/08/2025;16742;CENTUR, SL;4,8;0,48;4,8
;25016988;25/08/2025;16742;CENTUR, SL;535,93;53,59;535,93
;25016993;25/08/2025;16742;CENTUR, SL;535,93;53,59;535,93
;257402994;29/10/2025;18435;AIGÜES DE BARCELONA S.A.;34,14;3,41;68,16
;258877602;22/12/2025;18435;AIGÜES DE BARCELONA S.A.;64,72;6,47;116,58
;9500440219;17/11/2025;835;MEDICLINICS, S.A.;109,2;10,92;121,2
;M3301;15/11/2025;9452;ARENES BELLPUIG, S.L.;1104,64;231,97;1104,64
;M3719;31/12/2025;9452;ARENES BELLPUIG, S.L.;337,8;70,94;337,8
;M734;15/03/2025;9452;ARENES BELLPUIG, S.L.;1144,65;240,38;1144,65
;MA25011413;30/04/2025;193;AD MASANES, S.A.;0;;0
;MA25015835;15/06/2025;193;AD MASANES, S.A.;56,09;11,78;56,09
;MA25029964;31/10/2025;193;AD MASANES, S.A.;575,86;120,93;575,86
;N013925422;24/03/2025;18077;ENDESA ENERGIA, SA;77,95;16,37;77,95
;N028585026;13/06/2025;18077;ENDESA ENERGIA, SA;1603,19;336,67;1603,19
;N028754016;23/06/2025;18077;ENDESA ENERGIA, SA;571,97;120,11;571,97
;N044068986;19/09/2025;18077;ENDESA ENERGIA, SA;497,66;104,51;497,66
;N046097190;03/10/2025;18077;ENDESA ENERGIA, SA;96,42;20,25;96,42
;N055891802;04/12/2025;18077;ENDESA ENERGIA, SA;38,06;7,99;38,06
;N058580053;19/12/2025;18077;ENDESA ENERGIA, SA;411,5;86,42;411,5
;N25/008951;17/12/2025;4180;REALONDA, S.A.;76,17;16;76,17
;N629;16/09/2025;14293;VIELHA COMPUTER,SCP;196,28;41,22;196,28
;NA_190392;09/10/2025;2056;ULMA HORMIGON POLIMERO, S. Coop,;780,4;163,88;780,4
;NA7.204;15/06/2025;1173;MANILLONS TORRENT SL;87,53;18,38;87,53
;NC00051646;27/03/2025;18077;ENDESA ENERGIA, SA;13,39;2,81;13,39
;NC00051688;27/03/2025;18077;ENDESA ENERGIA, SA;26,79;5,63;26,79
;NC00071799;29/05/2025;18077;ENDESA ENERGIA, SA;13,39;2,81;13,39
;NC00105878;26/07/2025;18077;ENDESA ENERGIA, SA;13,39;2,81;13,39
;NC00107184;15/07/2025;18077;ENDESA ENERGIA, SA;13,39;2,81;13,39
;NC00145850;09/09/2025;18077;ENDESA ENERGIA, SA;13,39;2,81;13,39
;NC00147276;09/09/2025;18077;ENDESA ENERGIA, SA;9,95;2,09;9,95
;NC00169124;04/12/2025;18077;ENDESA ENERGIA, SA;9,95;2,09;9,95
;P/00044;25/03/2025;16875;MARIA DEL PILAR NAVARRO FRAILE;531,26;111,56;531,26
;DEISH25060;01/04/2025;10011;CONSELH GENERAU D'ARAN;40,5;4,05;40,5
;DEISH25170;02/06/2025;10011;CONSELH GENERAU D'ARAN;26,98;2,7;26,98
;DEISH25240;01/07/2025;10011;CONSELH GENERAU D'ARAN;23;2,3;23
;F000102-82;21/12/2025;11220;HOTEL ARAN LA ABUELA, .SL.;1325,64;132,56;1325,64
;F2513248;31/07/2025;4716;PRODUCTOS FLOWER S.A.;261,8;26,18;316,06
;HBST254992;08/04/2025;10597;HOTEL BED4U SANTANDER;61,82;6,18;61,82
;N2651;04/06/2025;13870;BERGE SOLE, M? Antonia;354,58;35,46;354,58
;N2730;25/07/2025;13870;BERGE SOLE, M? Antonia;145,88;14,59;145,88
;9010323808;04/09/2025;7579;ALIAXIS IBERIA, S.A.U.;1282,89;269,41;1282,89
;9010325584;16/09/2025;7579;ALIAXIS IBERIA, S.A.U.;287,06;60,28;287,06
;9010332517;31/10/2025;7579;ALIAXIS IBERIA, S.A.U.;621,9;130,6;621,9
;9010333597;10/11/2025;7579;ALIAXIS IBERIA, S.A.U.;173,53;36,44;173,53
;9010336673;28/11/2025;7579;ALIAXIS IBERIA, S.A.U.;736,07;154,57;736,07
;90150248;21/01/2025;1771;PANELES DECORATIVOS PANELPIEDRA, S.L.;290;60,9;290
;90152103;04/06/2025;1771;PANELES DECORATIVOS PANELPIEDRA, S.L.;29,5;6,2;29,5
;909247;19/08/2025;6169;REFREL, S.L.;413,63;86,86;413,63
;909988;25/08/2025;6169;REFREL, S.L.;467,79;98,24;467,79
;9100201950;31/08/2025;234;PROPAMSA, S.A.;3073,31;645,4;3073,31
;9151971479;14/01/2025;8890;COMERCIAL DE LAMINADOS, S.A.;705,67;148,19;705,67
;9151989501;24/02/2025;8890;COMERCIAL DE LAMINADOS, S.A.;235,82;49,52;235,82
;9152002268;25/03/2025;8890;COMERCIAL DE LAMINADOS, S.A.;179,52;37,7;179,52
;9152030023;30/05/2025;8890;COMERCIAL DE LAMINADOS, S.A.;177,21;37,21;177,21
;9152036302;13/06/2025;8890;COMERCIAL DE LAMINADOS, S.A.;145,18;30,49;145,18
;9152047667;10/07/2025;8890;COMERCIAL DE LAMINADOS, S.A.;7846,92;1647,85;7846,92
;9152096016;11/11/2025;8890;COMERCIAL DE LAMINADOS, S.A.;61,74;12,97;61,74
;9152099461;18/11/2025;8890;COMERCIAL DE LAMINADOS, S.A.;65,1;13,67;65,1
;9152108929;11/12/2025;18890;COMERCIAL DE LAMINADOS, S.A.;956,67;200,9;956,67
;919;01/07/2025;10144;MICROCAD SOFTWARE S.L.;1008;211,68;1008
;924965;16/12/2025;6169;REFREL, S.L.;12,08;2,54;12,08
;925140;17/12/2025;6169;REFREL, S.L.;555,75;116,71;555,75
;926115;24/12/2025;6169;REFREL, S.L.;642,96;135,02;642,96
;451394;09/12/2025;8184;ALYCO TOOLS, SA;290,67;61,04;290,67
;451452;31/03/2025;6623;TUCAI, S.A.;345,64;72,58;345,64
;452078;12/12/2025;8184;ALYCO TOOLS, SA;163,77;34,39;163,77
;4530;11/06/2025;9790;INDUSTRIAS GONAL HISPANIA, S.L.;361,08;75,83;361,08
;456;21/10/2025;6277;MARMOLES ROYES, S.C.;856,5;179,87;856,5
;466836;26/09/2025;6623;TUCAI, S.A.;18,15;3,81;18,15
;4712501032;30/04/2025;9313;ZENON BATH & SPC SURFACES S.L.;350,75;73,66;350,75
;4712501965;28/07/2025;9313;ZENON BATH & SPC SURFACES S.L.;738;154,98;738
;4728;20/08/2025;6555;INNOVACION BAÑO, S.L.;348,3;73,14;348,3
;4900566223;17/07/2025;19045;GAS NATURAL REDES GLP, S.A.;213,33;44,8;213,33
;5.765;20/02/2025;2062;DISTRIBUIDORA BOSCH HNOS.,S.A.;19,5;4,1;32,94
;5/00005756;31/10/2025;6004;MORTERO BENSEC SL;7308;1534,68;7308
;5001001685;15/10/2025;2118;CUBIERTAS Y ACCESORIOS VITORIA, S.L;236,96;49,76;236,96
;5-013.948;14/01/2025;7669;IRONLUX GROUP 2003, S.A.;848,82;178,25;848,82
;2504018102;01/06/2025;11265;ASCENSORES GALO, S.L.U;175;36,75;175
;2504024899;01/07/2025;11265;ASCENSORES GALO, S.L.U;35;7,35;35
;2504026318;01/08/2025;11265;ASCENSORES GALO, S.L.U;175;36,75;175
;2504036781;01/12/2025;11265;ASCENSORES GALO, S.L.U;175;36,75;175
;25042985;31/07/2025;8826;COMERCIAL SALGAR, S.A.;18,08;3,8;18,08
;25043300;29/07/2025;7048;MAKITA, S.A.;7297,08;1532,39;7297,08
;25044120;30/07/2025;7048;MAKITA, S.A.;252,2;52,96;252,2
;25044378;30/07/2025;7048;MAKITA, S.A.;92,36;19,4;92,36
;25045870;05/08/2025;7048;MAKITA, S.A.;210,59;44,22;210,59
;25048241;14/10/2025;5313;ITEM INTERNATIONAL, S.A;190,88;40,08;190,88
;250493;25/09/2025;8005;TORNILLERIA VERGARESA, S.L.;676,45;142,05;676,45
;2505005161;07/05/2025;12006;MOVISTAR PROSEGUR ALARMAS, S.L.;62,06;13,03;62,06
;2505-01121;20/05/2025;50044;SPAX TORNILLERÍA, S.A.U.;127,16;26,7;127,16
;25050618;21/08/2025;7048;MAKITA, S.A.;97;20,37;97
;2505100222;20/03/2025;4983;CATA ELECTRODOMESTICOS, S.L.;187,21;39,31;187,21
;2505102;19/11/2025;6847;DCU ADVANCE TECNOLOGIC, S.L.;480,64;100,93;480,64
;25054911;26/06/2025;14562;SISTEMAS DIGITALES CORPORATE, S.L.;279,63;58,72;279,63
;25-055;30/09/2025;17459;JESÚS RAIMUNDO DIGÓN SANTIN;1300;273;1300
;250580;30/09/2025;19598;HORMARAN, S.A.;510;107,1;510
;2505996;31/10/2025;3954;BATHCO;145,9;30,64;145,9
;250600247;06/06/2025;1235;COMERCIAL SANYC CES, S.L.;662,01;139,02;662,01
;2506003775;19/06/2025;12448;ECOTISA UNA TINTA DE IMPRESION SLU;192;40,32;192
;250602450;27/06/2025;1235;COMERCIAL SANYC CES, S.L.;4716,95;990,56;4716,95
;250603052;30/06/2025;1235;COMERCIAL SANYC CES, S.L.;1753,95;368,33;1753,95
;250603730;30/06/2025;7134;ALBERTO SOLER, S.A.;45,98;9,66;45,98
;25061553;12/12/2025;5313;ITEM INTERNATIONAL, S.A;342,08;71,84;342,08
;25061841;15/11/2025;8826;COMERCIAL SALGAR, S.A.;726,63;152,6;726,63
;25061964;30/06/2025;8235;MADERAS PLANES, S.L.;320,62;67,33;320,62
;25063751;25/09/2025;7048;MAKITA, S.A. UNIPERSONAL;939,93;197,39;939,93
;25067654;07/10/2025;7048;MAKITA, S.A. UNIPERSONAL;643,69;135,18;643,69
;25068249;08/10/2025;7048;MAKITA, S.A. UNIPERSONAL;55,24;11,6;55,24
;25069512;13/10/2025;7048;MAKITA, S.A. UNIPERSONAL;176,54;37,07;176,54
;250702270;25/07/2025;1235;COMERCIAL SANYC CES, S.L.;1162,16;244,05;1162,16
;2507053992;07/07/2025;12006;MOVISTAR PROSEGUR ALARMAS, S.L.;62,06;13,03;62,06
;25070637;15/10/2025;7048;MAKITA, S.A. UNIPERSONAL;1068,59;224,4;1068,59
;25072531;21/10/2025;7048;MAKITA, S.A. UNIPERSONAL;252,2;52,96;252,2
;25078518;05/11/2025;7048;MAKITA, S.A. UNIPERSONAL;670,27;140,76;670,27
;2507F07100;27/07/2025;826;VELAMEN, S.A.;440,92;92,59;440,92
;2508448394;31/08/2025;12006;MOVISTAR PROSEGUR ALARMAS, S.L.;53,77;11,29;53,77
;25084592;24/11/2025;7048;MAKITA, S.A. UNIPERSONAL;127,07;26,68;127,07
;250900192;05/09/2025;2902;SANYCCES DESIGN, SLU;582,45;122,31;582,45
;250900799;12/09/2025;2902;SANYCCES DESIGN, SLU;1156,1;242,78;1156,1
;2509077621;08/09/2025;12006;MOVISTAR PROSEGUR ALARMAS, S.L.;64,43;13,53;64,43
;25093162;22/12/2025;7048;MAKITA, S.A. UNIPERSONAL;293,91;61,72;293,91
;2509685;09/10/2025;8235;MADERAS PLANES, S.L.;752,64;158,05;752,64
;251000282;25/03/2025;138;GRUPO INTERAZULEJO, SLU;153,83;32,32;153,83
;251000314;28/02/2025;10778;PRETENSADOS RIBERA, S.L.;60,91;12,79;60,91
;25100059;10/01/2025;2339;BUJIOL S.L.;119,36;25,07;119,36
;251000749;30/04/2025;10778;PRETENSADOS RIBERA, S.L.;29,7;6,24;29,7
;251000750;30/04/2025;10778;PRETENSADOS RIBERA, S.L.;19,88;4,17;19,88
;251000923;31/05/2025;10778;PRETENSADOS RIBERA, S.L.;188,94;39,68;188,94
;2510013503;30/03/2025;4813;EHLIS, S.A.;1486;312,06;1486
;251001478;31/07/2025;10778;PRETENSADOS RIBERA, S.L.;188,52;39,59;188,52
;251001673;31/08/2025;10778;PRETENSADOS RIBERA, S.L.;60,33;12,67;60,33
;2510019132;02/05/2025;4813;EHLIS, S.A.;98,58;20,7;98,58
;2510024296;01/01/2025;11438;ALPHABET ESPAÑA FLEET MANAGEMENT, S.A.U.;927,16;194,7;927,16
;2510027365;10/06/2025;4813;EHLIS, S.A.;296;62,16;296
;2510029401;20/06/2025;4813;EHLIS, S.A.;296;62,16;296
;2510035622;15/07/2025;4813;EHLIS, S.A.;81;17,01;81
;2510036011;16/07/2025;4813;EHLIS, S.A.;4,02;0,84;4,02
;2510037906;25/07/2025;4813;EHLIS, S.A.;63,63;13,36;63,63
;2510045963;09/09/2025;4813;EHLIS, S.A.;9,62;2,02;9,62
;2510067457;22/12/2025;4813;EHLIS, S.A.;17,3;3,63;17,3
;251007095;27/05/2025;6197;PRESTO IBERICA, S.A.;586,6;123,19;586,6
;251010312;30/07/2025;6197;PRESTO IBERICA, S.A.;88,03;18,49;88,03
;FV25043079;21/11/2025;4773;GARSACO IMPORT, S.L.;227,54;47,78;227,54
;FV25043903;25/11/2025;4773;GARSACO IMPORT, S.L.;1078,21;226,42;1078,21
;FV25046867;12/12/2025;4773;GARSACO IMPORT, S.L.;127,07;26,68;127,07
;FV25-04875;11/04/2025;2905;OBREROL, S.A.;56,36;11,84;56,36
;FV25048817;29/12/2025;4773;GARSACO IMPORT, S.L.;141,34;29,68;141,34
;FV2510609;10/03/2025;5900;JUBA PERSONAL PROTECT. EQUIP.. S.L.;312,91;65,71;312,91
;FV25-12327;17/09/2025;2905;OBREROL, S.A.;103,95;21,83;103,95
;FV2512506;28/11/2025;3711;BRINOX S.A;558,86;117,36;558,86
;FV25-13770;10/10/2025;2905;OBREROL, S.A.;22,45;4,71;22,45
;FV25-14961;29/10/2025;2905;OBREROL, S.A.;187,78;39,43;187,78
;FV25-15257;31/10/2025;2905;OBREROL, S.A.;386,27;81,12;386,27
;FV25-16728;28/11/2025;2905;OBREROL, S.A.;2723,16;571,86;2723,16
;FV25-17575;12/12/2025;2905;OBREROL, S.A.;119,51;25,1;119,51
;FV25-17576;12/12/2025;2905;OBREROL, S.A.;142,23;29,87;142,23
;FV25391853;06/11/2025;1627;JULIÀ GRUP FURNITURE SOLUTIONS, SL;2163,84;454,41;2163,84
;FV456299;07/03/2025;368;ARREGUI BUZONES Y SISTEMAS DE SEGURIDAD;500,4;105,08;500,4
;FV465300;13/06/2025;368;ARREGUI BUZONES Y SISTEMAS DE SEGURIDAD;112,46;23,62;112,46
;FV466730;30/06/2025;368;ARREGUI BUZONES Y SISTEMAS DE SEGURIDAD;218,82;45,95;218,82
;FV468467;18/07/2025;368;ARREGUI BUZONES Y SISTEMAS DE SEGURIDAD;1483;311,43;1483
;FV470011;07/08/2025;368;ARREGUI BUZONES Y SISTEMAS DE SEGURIDAD;207,75;43,63;207,75
;FV472057;12/09/2025;368;ARREGUI BUZONES Y SISTEMAS DE SEGURIDAD;16,3;3,42;16,3
;FV479215;05/12/2025;368;ARREGUI BUZONES Y SISTEMAS DE SEGURIDAD;213,41;44,82;213,41
;FVA2500373;31/07/2025;7367;CORTISA, S.L.;811,94;170,51;811,94
;FVA2500567;30/11/2025;7367;CORTISA, S.L.;157,94;33,17;157,94
;FVD-003612;06/10/2025;6230;LOFES 90, S.L. (MUSSOL);-34,26;-7,19;-34,26
;GEN/4845;29/07/2025;6084;ANDREU BARBERA, S.L.;5371,07;1127,92;5371,07
;H598403827;28/08/2025;18474;TELEFONICA DE ESPAÑA, S.A.;204,17;42,88;204,17
;H5M0001372;01/08/2025;13125;TELEFONICA MOVILES ESPAÑA, S.A.;331,25;69,56;331,25
;I/25031513;30/09/2025;5983;GABARRO HERMANOS, S.A.;864,08;181,46;864,08
;L25000362;21/02/2025;5082;DELTA COCINAS, S.L.;4696,7;986,31;4696,7
;LPDC-4.707;30/09/2025;2980;ALPEX, S.A.;339,57;71,31;339,57
;M1373;15/05/2025;9452;ARENES BELLPUIG, S.L.;1079;226,59;1079
;M3152;31/10/2025;9452;ARENES BELLPUIG, S.L.;1103,26;231,68;1103,26
;M3446;30/11/2025;9452;ARENES BELLPUIG, S.L.;166,31;34,93;166,31
;MA25022298;15/08/2025;193;AD MASANES, S.A.;15,13;3,18;15,13
;MFV2508384;06/11/2025;1498;MEGABLOK, S.A.;16,32;3,43;16,32
;N018284027;16/04/2025;18077;ENDESA ENERGIA, SA;676,7;142,11;676,7
;N020922553;06/05/2025;18077;ENDESA ENERGIA, SA;124,28;26,1;124,28
;N023005188;14/05/2025;18077;ENDESA ENERGIA, SA;579,59;121,71;579,59
;N031401528;03/07/2025;18077;ENDESA ENERGIA, SA;122,95;25,82;122,95
;N036369863;05/08/2025;18077;ENDESA ENERGIA, SA;101,6;21,34;101,6
;N042498089;10/09/2025;18077;ENDESA ENERGIA, SA;1495,24;314;1495,24
;N050933280;05/11/2025;18077;ENDESA ENERGIA, SA;1575,8;330,92;1575,8
;N050933281;05/11/2025;18077;ENDESA ENERGIA, SA;111,83;23,48;111,83
;N055160372;29/11/2025;18077;ENDESA ENERGIA, SA;140,01;29,4;140,01
;N058349689;18/12/2025;18077;ENDESA ENERGIA, SA;297,98;62,58;297,98
;N059889912;30/12/2025;18077;ENDESA ENERGIA, SA;232,92;48,91;232,92
;N665;14/10/2025;14293;VIELHA COMPUTER,SCP;119,83;25,16;119,83
;N667;14/10/2025;14293;VIELHA COMPUTER,SCP;1260;264,6;1260
;NC00054899;30/04/2025;18077;ENDESA ENERGIA, SA;13,39;2,81;13,39
;NC00055607;04/04/2025;18077;ENDESA ENERGIA, SA;9,95;2,09;9,95
;NC00055939;04/04/2025;18077;ENDESA ENERGIA, SA;13,39;2,81;13,39
;NC00056424;13/06/2025;18077;ENDESA ENERGIA, SA;25;5,25;25
;NC00074869;13/06/2025;18077;ENDESA ENERGIA, SA;25;5,25;25
;NC00086474;13/07/2025;18077;ENDESA ENERGIA, SA;13,39;2,81;13,39
;NC00089479;27/06/2025;18077;ENDESA ENERGIA, SA;13,39;2,81;13,39
;NC00120828;08/08/2025;18077;ENDESA ENERGIA, SA;13,39;2,81;13,39
;NC00121924;08/08/2025;18077;ENDESA ENERGIA, SA;13,39;2,81;13,39
;NC00123000;08/08/2025;18077;ENDESA ENERGIA, SA;9,95;2,09;9,95
;NC00150572;16/10/2025;18077;ENDESA ENERGIA, SA;13,39;2,81;13,39
;NC00158091;08/10/2025;18077;ENDESA ENERGIA, SA;9,95;2,09;9,95
;NC00158303;05/11/2025;18077;ENDESA ENERGIA, SA;25;5,25;25
;NC00169421;06/11/2025;18077;ENDESA ENERGIA, SA;13,39;2,81;13,39
;NC00172155;06/11/2025;18077;ENDESA ENERGIA, SA;25;5,25;25
;NO2501387;30/04/2025;4969;BUR 2000, S.A.;3225,92;677,45;3225,92
;NO2502841;07/08/2025;4969;BUR 2000, S.A.;1346,19;282,7;1346,19
;ORDEN-23;30/09/2025;2980;ALPEX, S.A.;20,66;4,34;20,66
;5-40031721;05/11/2025;4708;BIGMAT LOGISTICA, S.A.;2331,04;489,52;2331,04
;5-40032026;07/11/2025;4708;BIGMAT LOGISTICA, S.A.;6331,51;1329,62;6331,51
;5-40032424;12/11/2025;4708;BIGMAT LOGISTICA, S.A.;6396,81;1343,33;6396,81
;5-40033366;20/11/2025;4708;BIGMAT LOGISTICA, S.A.;6901,78;1449,37;6901,78
;5-40034783;03/12/2025;4708;BIGMAT LOGISTICA, S.A.;6128,03;1286,89;6128,03
;5-40035513;12/12/2025;4708;BIGMAT LOGISTICA, S.A.;1794,93;376,94;1794,93
;5-50005923;03/12/2025;14708;BIGMAT LOGISTICA, S.A.;495;103,95;495
;5-50006379;03/12/2025;14708;BIGMAT LOGISTICA, S.A.;1970,28;413,76;1970,28
;F242/25;13/05/2025;18404;IMPORT EXPORT-COMARCA DEL MARMOL S.L.;1700;357;1700
;F25/114993;30/08/2025;9675;ELEKTRO-3, S.C.C.L.;2905,37;610,13;2905,37
;F25/175890;31/12/2025;9675;ELEKTRO-3, S.C.C.L.;5816,42;1221,45;5816,42
;F25/27034;28/02/2025;9675;ELEKTRO-3, S.C.C.L.;1601,57;336,33;1601,57
;225109731;19/09/2025;6340;MARAZZI IBERIA, S.A.U.;60,4;12,68;60,4
;2251120799;26/11/2025;7543;VELILLA GROUP EUROPE, SLU;238,95;50,18;238,95
;22511965;24/03/2025;7494;GRUPODESA FASTENERS, S.A.U.;146,66;30,8;146,66
;2251214407;18/12/2025;7543;VELILLA GROUP EUROPE, SLU;222,69;46,76;222,69
;22516340;24/04/2025;7494;GRUPODESA FASTENERS, S.A.U.;286,82;60,23;286,82
;22517313;30/04/2025;7494;GRUPODESA FASTENERS, S.A.U.;674,49;141,64;674,49
;22520717;23/05/2025;7494;GRUPODESA FASTENERS, S.A.U.;120,24;25,25;120,24
;22520945;26/05/2025;7494;GRUPODESA FASTENERS, S.A.U.;256,8;53,93;256,8
;22521514;29/05/2025;7494;GRUPODESA FASTENERS, S.A.U.;167,81;35,24;167,81
;22524700;16/06/2025;7494;GRUPODESA FASTENERS, S.A.U.;311,83;65,48;311,83
;22527411;04/07/2025;7494;GRUPODESA FASTENERS, S.A.U.;190,98;40,11;190,98
;22530930;30/07/2025;7494;GRUPODESA FASTENERS, S.A.U.;386,97;81,26;386,97
;22532118;07/08/2025;7494;GRUPODESA FASTENERS, S.A.U.;311,09;65,33;311,09
;22532486;12/08/2025;7494;GRUPODESA FASTENERS, S.A.U.;83,07;17,44;83,07
;22533116;19/08/2025;7494;GRUPODESA FASTENERS, S.A.U.;242,06;50,83;242,06
;22540340;13/10/2025;7494;GRUPODESA FASTENERS, S.A.U.;264,52;55,55;264,52
;371;24/03/2025;6903;CASA CARACOL, SL;556,57;116,88;556,57
;373;18/02/2025;13947;BALUE JUSTO ADVOCATS, S.L.;110;23,1;110
;4.888;13/02/2025;2062;DISTRIBUIDORA BOSCH HNOS.,S.A.;342,18;71,86;342,18
;411381;13/01/2025;8184;ALYCO TOOLS, SA;90,24;18,95;90,24
;412054;31/03/2025;3013;PUJOL ELEMENTS, S.A.;262,79;55,19;262,79
;415102;10/02/2025;8184;ALYCO TOOLS, SA;104,97;22,04;104,97
;416711;21/02/2025;8184;ALYCO TOOLS, SA;137,23;28,82;137,23
;417481;26/02/2025;8184;ALYCO TOOLS, SA;166,23;34,91;166,23
;418602;07/03/2025;8184;ALYCO TOOLS, SA;118,35;24,85;118,35
;420001;29/08/2025;5140;PREFABRICADOS PUJOL, S.A.;558,8;117,35;558,8
;420504;24/03/2025;8184;ALYCO TOOLS, SA;101,75;21,37;101,75
;420936;15/09/2025;5140;PREFABRICADOS PUJOL, S.A.;1353,75;284,29;1353,75
;421588;30/09/2025;5140;PREFABRICADOS PUJOL, S.A.;-32,4;-6,8;-32,4
;421970;31/03/2025;8184;ALYCO TOOLS, SA;136,94;28,76;136,94
;422516;15/10/2025;5140;PREFABRICADOS PUJOL, S.A.;-1351,5;-283,82;-1351,5
;422517;15/10/2025;5140;PREFABRICADOS PUJOL, S.A.;795,08;166,97;795,08
;423464;14/04/2025;8184;ALYCO TOOLS, SA;128,4;26,96;128,4
;424396;25/04/2025;8184;ALYCO TOOLS, SA;117,88;24,75;117,88
;4250002113;09/04/2025;525;AMILIBIA Y DE LA IGLESIA,S.A.;-349,93;-73,49;-349,93
;4250002757;02/06/2025;525;AMILIBIA Y DE LA IGLESIA,S.A.;-90,44;-18,99;-90,44
;426175;17/12/2025;5140;PREFABRICADOS PUJOL, S.A.;111,76;23,47;111,76
;426269;13/05/2025;8184;ALYCO TOOLS, SA;126,26;26,51;126,26
;428542;28/05/2025;8184;ALYCO TOOLS, SA;95,8;20,12;95,8
;429348;23/09/2025;12448;ECOTISA UNA TINTA DE IMPRESION SLU;160;33,6;160
;431917;25/06/2025;8184;ALYCO TOOLS, SA;164,35;34,51;164,35
;435000;22/07/2025;8184;ALYCO TOOLS, SA;561,46;117,91;561,46
;435614;25/07/2025;8184;ALYCO TOOLS, SA;185,08;38,87;185,08
;442339;29/09/2025;8184;ALYCO TOOLS, SA;378,59;79,5;378,59
;4423546471;20/08/2025;3015;HANSGROHE, S.A.;171,04;35,92;171,04
;4423551496;30/10/2025;3015;HANSGROHE, S.A.;2713,25;569,78;2713,25
;4425105759;29/08/2025;2737;PORCELANOSA BATIMAT, S.A.;8331,99;1749,72;8331,99
;443680;09/10/2025;8184;ALYCO TOOLS, SA;244,44;51,33;244,44
;4461002025;30/05/2025;2096;POLIMARK, SRL;1248,16;262,11;1248,16
;446706;30/10/2025;8184;ALYCO TOOLS, SA;105,45;22,14;105,45
;447757;21/02/2025;6623;TUCAI, S.A.;262,17;55,06;262,17
;7002504026;28/02/2025;5842;ASCABLE RECAEL, S.A.;1869,24;392,54;1869,24
;7002519411;10/11/2025;5842;ASCABLE RECAEL, S.A.;1143,07;240,04;1143,07
;7125000606;20/01/2025;4634;CIFRE CERAMICA, S.L.;373,7;78,48;373,7
;7125001327;06/02/2025;4634;CIFRE CERAMICA, S.L.;81,35;17,08;81,35
;7125001903;20/02/2025;4634;CIFRE CERAMICA, S.L.;4941,65;1037,75;4941,65
;7125002059;25/02/2025;4634;CIFRE CERAMICA, S.L.;1135,67;238,49;1135,67
;7125002342;03/03/2025;4634;CIFRE CERAMICA, S.L.;142,96;30,02;142,96
;7125002557;07/03/2025;4634;CIFRE CERAMICA, S.L.;3644,78;765,4;3644,78
;7125002558;07/03/2025;4634;CIFRE CERAMICA, S.L.;2494,73;523,89;2494,73
;7125002653;11/03/2025;4634;CIFRE CERAMICA, S.L.;478,27;100,44;478,27
;7125003019;20/03/2025;4634;CIFRE CERAMICA, S.L.;167,4;35,15;167,4
;7125003506;01/04/2025;4634;CIFRE CERAMICA, S.L.;868,94;182,48;868,94
;7125003630;03/04/2025;4634;CIFRE CERAMICA, S.L.;57,19;12,01;57,19
;7125004112;15/04/2025;4634;CIFRE CERAMICA, S.L.;366,76;77,02;366,76
;7125005762;28/05/2025;4634;CIFRE CERAMICA, S.L.;305,91;64,24;305,91
;7125005843;29/05/2025;4634;CIFRE CERAMICA, S.L.;27,36;5,75;27,36
;7125006181;05/06/2025;4634;CIFRE CERAMICA, S.L.;274,78;57,7;274,78
;7125006303;09/06/2025;4634;CIFRE CERAMICA, S.L.;498,47;104,68;498,47
;7125007188;30/06/2025;4634;CIFRE CERAMICA, S.L.;40,51;8,51;40,51
;7125007565;09/07/2025;4634;CIFRE CERAMICA, S.L.;74,95;15,74;74,95
;7125008909;13/08/2025;4634;CIFRE CERAMICA, S.L.;71,8;15,08;71,8
;7125009446;03/09/2025;4634;CIFRE CERAMICA, S.L.;292,56;61,44;292,56
;7125009993;18/09/2025;4634;CIFRE CERAMICA, S.L.;632,47;132,82;632,47
;7125010640;06/10/2025;4634;CIFRE CERAMICA, S.L.;96,49;20,26;96,49
;7125010850;13/10/2025;4634;CIFRE CERAMICA, S.L.;537,34;112,84;537,34
;7125010897;14/10/2025;4634;CIFRE CERAMICA, S.L.;749,39;157,37;749,39
;7125011056;17/10/2025;4634;CIFRE CERAMICA, S.L.;378,23;79,43;378,23
;7125011317;24/10/2025;4634;CIFRE CERAMICA, S.L.;4629,28;972,15;4629,28
;25101296;28/03/2025;2955;GRIFERIA SANITARIA ROVIRA, S.A.;216,05;45,37;216,05
;25101372;31/03/2025;2955;GRIFERIA SANITARIA ROVIRA, S.A.;1122;235,62;1122
;25102042;25/04/2025;2339;BUJIOL S.L.;509,5;107;509,5
;25102799;09/06/2025;2955;GRIFERIA SANITARIA ROVIRA, S.A.;851,4;178,79;851,4
;2510316631;31/10/2025;12006;MOVISTAR PROSEGUR ALARMAS, S.L.;53,77;11,29;53,77
;25104236;29/08/2025;2955;GRIFERIA SANITARIA ROVIRA, S.A.;996,6;209,29;996,6
;25106108;19/02/2025;7687;SOPREMA IBERIA, S.L.U.;1724,93;362,24;1724,93
;2511-00291;06/11/2025;50044;SPAX TORNILLER?A, S.A.U.;1461,7;306,96;1461,7
;2511-00843;14/11/2025;50044;SPAX TORNILLER?A, S.A.U.;177,98;37,38;177,98
;25110893;27/03/2025;7687;SOPREMA IBERIA, S.L.U.;492,66;103,46;492,66
;2511471574;30/11/2025;12006;MOVISTAR PROSEGUR ALARMAS, S.L.;53,77;11,29;53,77
;25117131;14/05/2025;7687;SOPREMA IBERIA, S.L.U.;1999,4;419,87;1999,4
;251200023;31/12/2025;12902;SANYCCES DESIGN, SLU;-862;-181,02;-862
;2512-00688;12/12/2025;50044;SPAX TORNILLER?A, S.A.U.;1633,12;342,96;1633,12
;251200857;15/12/2025;7134;ALBERTO SOLER, S.A.;8,64;1,81;8,64
;2512-01124;18/12/2025;50044;SPAX TORNILLER?A, S.A.U.;374,71;78,69;374,71
;2512145;12/12/2025;8235;MADERAS PLANES, S.L.;221,44;46,5;221,44
;251218;28/10/2025;10071;ARANOIL 2006, S.L.;759,5;159,5;759,5
;2512488178;31/12/2025;12006;MOVISTAR PROSEGUR ALARMAS, S.L.;53,77;11,29;53,77
;25128994;07/08/2025;7687;SOPREMA IBERIA, S.L.U.;3232,13;678,75;3232,13
;251303;14/05/2025;872;SOLARTECNIK, S.L.;109,2;22,93;109,2
;251554;23/07/2025;872;SOLARTECNIK, S.L.;422,2;88,66;422,2
;25159;13/12/2025;14260;CARLOS MORANCHO BISTUER;4,13;0,87;191,41
;2518013554;31/07/2025;9646;SMEG ESPAÑA, S.A.;1948,86;409,26;1948,86
;252000595;31/01/2025;10778;PRETENSADOS RIBERA, S.L.;148,23;31,13;148,23
;252000600;31/01/2025;10778;PRETENSADOS RIBERA, S.L.;568,27;119,34;568,27
;252000858;28/02/2025;10778;PRETENSADOS RIBERA, S.L.;1043,59;219,15;1043,59
;252000859;28/02/2025;10778;PRETENSADOS RIBERA, S.L.;3,87;0,81;3,87
;252000860;28/02/2025;10778;PRETENSADOS RIBERA, S.L.;48,38;10,16;48,38
;252000861;28/02/2025;10778;PRETENSADOS RIBERA, S.L.;109,01;22,89;109,01
;252000862;28/02/2025;10778;PRETENSADOS RIBERA, S.L.;6;1,26;6
;252000868;28/02/2025;10778;PRETENSADOS RIBERA, S.L.;569,04;119,5;569,04
;252001333;31/03/2025;10778;PRETENSADOS RIBERA, S.L.;79,29;16,65;79,29
;252001334;31/03/2025;10778;PRETENSADOS RIBERA, S.L.;819,42;172,08;819,42
;252001339;31/03/2025;10778;PRETENSADOS RIBERA, S.L.;185,8;39,02;185,8
;252002097;30/04/2025;10778;PRETENSADOS RIBERA, S.L.;15,47;3,25;15,47
;252002105;30/04/2025;10778;PRETENSADOS RIBERA, S.L.;9,57;2,01;9,57
;252002748;31/05/2025;10778;PRETENSADOS RIBERA, S.L.;70,19;14,74;70,19
;252002752;31/05/2025;10778;PRETENSADOS RIBERA, S.L.;3,62;0,76;3,62
;252002756;31/05/2025;10778;PRETENSADOS RIBERA, S.L.;0,82;0,17;0,82
;252003831;30/06/2025;10778;PRETENSADOS RIBERA, S.L.;55,87;11,73;55,87
;252003832;30/06/2025;10778;PRETENSADOS RIBERA, S.L.;34,4;7,22;34,4
;252003834;30/06/2025;10778;PRETENSADOS RIBERA, S.L.;21;4,41;21
;252004143;31/07/2025;10778;PRETENSADOS RIBERA, S.L.;715,41;150,24;715,41
;252004144;31/07/2025;10778;PRETENSADOS RIBERA, S.L.;6,26;1,31;6,26
;252004145;31/07/2025;10778;PRETENSADOS RIBERA, S.L.;26,54;5,57;26,54
;252004761;31/08/2025;10778;PRETENSADOS RIBERA, S.L.;15,86;3,33;15,86
;252004763;31/08/2025;10778;PRETENSADOS RIBERA, S.L.;9,73;2,04;9,73
;252005280;30/09/2025;10778;PRETENSADOS RIBERA, S.L.;996,47;209,26;996,47
;252005281;30/09/2025;10778;PRETENSADOS RIBERA, S.L.;68,6;14,41;68,6
;252005282;30/09/2025;10778;PRETENSADOS RIBERA, S.L.;109,89;23,08;109,89
;25200614;12/02/2025;6847;DCU ADVANCE TECNOLOGIC, S.L.;212,04;44,53;212,04
;8251403037;20/11/2025;12600;FNMT-RCM;24;5,04;24
;8282747C;06/09/2025;4224;EDILIANS;2496,17;524,2;2496,17
;834058ZIN1;10/05/2025;1269;CEMEX ESPAÑA OPERACIONES, S.L.U.;2995,63;629,08;2995,63
;84/25;26/09/2025;13989;NAU ARAN, S.C.P.;-360;-75,6;-360
;843479ZIN1;20/06/2025;1269;CEMEX ESPAÑA OPERACIONES, S.L.U.;3162,06;664,03;3162,06
;85978430;30/01/2025;666;FISCHER IBERICA, S.A.U.;319,92;67,18;319,92
;85986529;05/03/2025;666;FISCHER IBERICA, S.A.U.;53,23;11,18;53,23
;85988648;14/03/2025;666;FISCHER IBERICA, S.A.U.;109,89;23,08;109,89
;883029;23/01/2025;6169;REFREL, S.L.;419,25;88,04;419,25
;884629;05/02/2025;6169;REFREL, S.L.;598,1;125,6;598,1
;887341;03/03/2025;6169;REFREL, S.L.;302,41;63,51;302,41
;888698;13/03/2025;6169;REFREL, S.L.;65,19;13,69;65,19
;889353;19/03/2025;6169;REFREL, S.L.;397,92;83,56;397,92
;892806;22/04/2025;6169;REFREL, S.L.;439,55;92,31;439,55
;894286;06/05/2025;6169;REFREL, S.L.;416,4;87,44;416,4
;sep-25;09/01/2025;14828;JOSE ANTONIO PUEYO CALIZ;195;40,95;195
;9010293494;24/02/2025;7579;ALIAXIS IBERIA, S.A.U.;607,78;127,63;607,78
;9010307892;19/05/2025;7579;ALIAXIS IBERIA, S.A.U.;18,17;3,82;18,17
;9010310562;30/05/2025;7579;ALIAXIS IBERIA, S.A.U.;309,17;64,93;309,17
;9010315901;03/07/2025;7579;ALIAXIS IBERIA, S.A.U.;482,55;101,34;482,55
;9010319834;28/07/2025;7579;ALIAXIS IBERIA, S.A.U.;204,72;42,99;204,72
;9010327778;30/09/2025;7579;ALIAXIS IBERIA, S.A.U.;62,71;13,17;62,71
;9010334033;13/11/2025;7579;ALIAXIS IBERIA, S.A.U.;655,34;137,62;655,34
;9020019114;10/03/2025;17579;JIMTEN, S.A.;-321,94;-67,61;-321,94
;902663;01/07/2025;6169;REFREL, S.L.;919,75;193,15;919,75
;906132;21/07/2025;6169;REFREL, S.L.;349,5;73,4;349,5
;9100199988;31/07/2025;234;PROPAMSA, S.A.;2340,5;491,5;2340,5
;926147;29/12/2025;6169;REFREL, S.L.;517,44;108,66;517,44
;926517;30/12/2025;6169;REFREL, S.L.;400,84;84,18;400,84
;9300654588;10/01/2025;7392;ROCA SANITARIO, S.A.;5235,11;1099,37;5235,11
;9300659190;27/01/2025;7392;ROCA SANITARIO, S.A.;34,74;7,3;34,74
;9300661945;05/02/2025;7392;ROCA SANITARIO, S.A.;504,44;105,93;504,44
;9300664391;13/02/2025;7392;ROCA SANITARIO, S.A.;820,52;172,31;820,52
;9300665652;18/02/2025;7392;ROCA SANITARIO, S.A.;3178,58;667,5;3178,58
;9300672833;14/03/2025;7392;ROCA SANITARIO, S.A.;317,82;66,74;317,82
;9300676035;26/03/2025;7392;ROCA SANITARIO, S.A.;354,27;74,4;354,27
;9300678445;03/04/2025;7392;ROCA SANITARIO, S.A.;432,23;90,77;432,23
;9300680553;10/04/2025;7392;ROCA SANITARIO, S.A.;733,07;153,94;733,07
;9300682335;22/04/2025;7392;ROCA SANITARIO, S.A.;311,6;65,44;311,6
;9300682336;22/04/2025;7392;ROCA SANITARIO, S.A.;24,06;5,05;24,06
;9300687867;14/05/2025;7392;ROCA SANITARIO, S.A.;23,42;4,92;23,42
;9300688685;16/05/2025;7392;ROCA SANITARIO, S.A.;4228,12;887,91;4228,12
;9300692979;02/06/2025;7392;ROCA SANITARIO, S.A.;21,15;4,44;21,15
;9300693730;04/06/2025;7392;ROCA SANITARIO, S.A.;5,22;1,1;5,22
;9300693731;04/06/2025;7392;ROCA SANITARIO, S.A.;360,79;75,77;360,79
;9300695459;11/06/2025;7392;ROCA SANITARIO, S.A.;38,28;8,04;38,28
;9300696667;17/06/2025;7392;ROCA SANITARIO, S.A.;935,18;196,39;935,18
;9300703897;16/07/2025;7392;ROCA SANITARIO, S.A.;13,2;2,77;13,2
;9300704703;18/07/2025;7392;ROCA SANITARIO, S.A.;835,65;175,49;835,65
;9300706180;24/07/2025;7392;ROCA SANITARIO, S.A.;6370,12;1337,73;6370,12
;9300706181;24/07/2025;7392;ROCA SANITARIO, S.A.;15,18;3,19;15,18
;9300707127;29/07/2025;7392;ROCA SANITARIO, S.A.;266,05;55,87;266,05
;9300710653;13/08/2025;7392;ROCA SANITARIO, S.A.;233,51;49,04;233,51
;9300711246;18/08/2025;7392;ROCA SANITARIO, S.A.;1320,27;277,26;1320,27
;9300715132;03/09/2025;7392;ROCA SANITARIO, S.A.;1328,6;279,01;1328,6
;9300716278;08/09/2025;7392;ROCA SANITARIO, S.A.;175,41;36,84;175,41
;9300722800;03/10/2025;7392;ROCA SANITARIO, S.A.;331,5;69,62;331,5
;9300726738;20/10/2025;7392;ROCA SANITARIO, S.A.;73,21;15,37;73,21
;9300729449;29/10/2025;7392;ROCA SANITARIO, S.A.;507,2;106,51;507,2
;9300732069;07/11/2025;7392;ROCA SANITARIO, S.A.;746,74;156,82;746,74
;9300732372;10/11/2025;7392;ROCA SANITARIO, S.A.;1522,02;319,62;1522,02
;9300733341;12/11/2025;7392;ROCA SANITARIO, S.A.;160,78;33,76;160,78
;9300738667;03/12/2025;7392;ROCA SANITARIO, S.A.;315,43;66,24;315,43
;9311068980;04/03/2025;7392;ROCA SANITARIO, S.A.;-193,31;-40,6;-193,31
;93648449;17/07/2025;4531;WOLFCRAFT GMBH;373,87;78,51;373,87
;93667164;27/08/2025;4531;WOLFCRAFT GMBH;266,23;55,91;266,23
;93700047;05/11/2025;4531;WOLFCRAFT GMBH;409,89;86,08;409,89
;7125012447;21/11/2025;4634;CIFRE CERAMICA, S.L.;666;139,86;666
;7125012731;28/11/2025;4634;CIFRE CERAMICA, S.L.;72,01;15,12;72,01
;7125012928;03/12/2025;4634;CIFRE CERAMICA, S.L.;672,29;141,18;672,29
;7125013443;17/12/2025;4634;CIFRE CERAMICA, S.L.;2977,98;625,38;2977,98
;7261/V2025;23/10/2025;204;AZZURRA SANITARI IN CERAMICA SPA;200,54;42,11;200,54
;7613;07/10/2025;9790;INDUSTRIAS GONAL HISPANIA, S.L.;482,42;101,31;482,42
;7654;19/12/2025;2747;SAURMIDECOR S.L;148,58;31,2;148,58
;7660/25;17/09/2025;13989;NAU ARAN, S.C.P.;362;76,02;362
;781;10/04/2025;13947;BALUE JUSTO ADVOCATS, S.L.;895;187,95;895
;7830608182;31/01/2025;16223;LYRECO ESPAÑA, S.A.;92,36;19,4;92,36
;7830637144;31/10/2025;16223;LYRECO ESPAÑA, S.A.;92,36;19,4;92,36
;7830641253;30/11/2025;16223;LYRECO ESPAÑA, S.A.;138,54;29,09;138,54
;79/2T25;15/06/2025;13462;FENT CAMI S.C.P,;1312,5;275,63;1312,5
;7GB0156798;19/08/2025;18474;TELEFONICA DE ESPAÑA, S.A.;28,18;5,92;28,18
;7H40127760;01/02/2025;18474;TELEFONICA DE ESPAÑA, S.A.;348,01;73,08;348,01
;7H40127761;01/02/2025;18474;TELEFONICA DE ESPAÑA, S.A.;533,1;111,95;533,1
;7H50126813;01/03/2025;18474;TELEFONICA DE ESPAÑA, S.A.;347,69;73,02;347,69
;7H60126455;01/04/2025;18474;TELEFONICA DE ESPAÑA, S.A.;313,26;65,78;313,26
;7H90118665;01/07/2025;18474;TELEFONICA DE ESPAÑA, S.A.;130,97;27,5;130,97
;7HA0127338;01/08/2025;18474;TELEFONICA DE ESPAÑA, S.A.;446,87;93,84;446,87
;7J00157591;17/10/2025;18474;TELEFONICA DE ESPA?A, S.A.;219,06;46;219,06
;7JN0156606;18/09/2025;18474;TELEFONICA DE ESPA?A, S.A.;213,91;44,92;213,91
;800069;15/01/2025;5574;BRIKTE, S.L.;2242,54;470,93;2242,54
;800993;10/03/2025;5574;BRIKTE, S.L.;293,07;61,54;293,07
;8016987290;18/03/2025;7987;PLADUR GYPSUM, S.A.U.;9802,06;2058,43;9802,06
;802138;20/05/2025;5574;BRIKTE, S.L.;995,2;208,99;995,2
;803772;15/09/2025;5574;BRIKTE, S.L.;4024,8;845,21;4024,8
;8046848;28/01/2025;16223;LYRECO ESPAÑA, S.A.;-9,63;-2,02;-9,63
;8048313;13/06/2025;10143;BANCO SABADELL, S.A.;2,26;0,47;2,26
;807678287;10/04/2025;8158;AKZO NOBEL COATINGS, S.L.;428,99;90,09;428,99
;81;27/03/2025;14199;CONSTRUCCIONES V. FERNAGUEZ, S.L.;220;46,2;220
;8118119699;31/05/2025;843;GRES DE ARAGON, S.A.;37,99;7,98;37,99
;8118123315;31/08/2025;843;GRES DE ARAGON, S.A.;854,29;179,4;854,29
;8118125540;31/10/2025;843;GRES DE ARAGON, S.A.;799,76;167,95;799,76
;8190221683;16/07/2025;2886;BEISSIER,S.A.U.;531,47;111,61;531,47
;8218V2025;24/11/2025;204;AZZURRA SANITARI IN CERAMICA SPA;160,89;33,79;160,89
;9500374005;17/02/2025;9619;SIMON BRICO S.L;575,38;120,83;575,38
;9500378414;22/04/2025;9619;SIMON BRICO S.L;90,12;18,93;90,12
;9500378415;22/04/2025;9619;SIMON BRICO S.L;90,12;18,93;90,12
;9500381062;29/05/2025;9619;SIMON BRICO S.L;304,46;63,94;304,46
;9500382075;10/06/2025;9619;SIMON BRICO S.L;27,4;5,75;27,4
;9500382076;10/06/2025;9619;SIMON BRICO S.L;27,4;5,75;27,4
;9500390317;09/10/2025;9619;SIMON BRICO S.L;636,67;133,7;636,67
;9500392555;13/11/2025;9619;SIMON BRICO S.L;37,26;7,82;37,26
;9500394883;18/12/2025;9619;SIMON BRICO S.L;652,13;136,95;652,13
;9506012618;28/02/2025;6414;ISOLANA AISLAMIENTOS, S.L.;433,03;90,94;433,03
;9506019499;31/03/2025;6414;ISOLANA AISLAMIENTOS, S.L.;405;85,05;405
;9506032356;31/05/2025;6414;ISOLANA AISLAMIENTOS, S.L.;720,98;151,41;720,98
;95-25/1089;25/03/2025;1681;FC INTERIORS, SRL;915,7;192,3;915,7
;9566507;26/09/2025;871;SALVADOR ESCODA, S.A.;14,95;3,14;14,95
;973641460;07/10/2025;7160;BIGWIN COMERCIAL DE VENTANAS, S.L.;280;58,8;280
;9810122973;30/01/2025;5419;CUPA STONE IBERIA, S.L.;492,15;103,35;492,15
;9810140264;17/11/2025;5419;CUPA STONE IBERIA, S.L.;874,54;183,65;874,54
;9816681289;30/10/2025;990;STANLEY BLACK   DECKER IBERICA SLU;642,88;135;642,88
;9816687383;18/11/2025;990;STANLEY BLACK   DECKER IBERICA SLU;107,29;22,53;107,29
;9816691955;29/11/2025;990;STANLEY BLACK   DECKER IBERICA SLU;542,82;113,99;542,82
;9900509797;26/03/2025;5890;TRES COMERCIAL, S.L.;473,28;99,39;473,28
;9900517949;22/05/2025;5890;TRES COMERCIAL, S.L.;827,52;173,78;827,52
;9900518604;27/05/2025;5890;TRES COMERCIAL, S.L.;548,64;115,21;548,64
;9900539088;05/11/2025;5890;TRES COMERCIAL, S.L.;53,76;11,29;53,76
;A/113;28/02/2025;3972;CALOR NATURAL ARAN, SL;737,88;154,95;737,88
;A/279;05/04/2025;14293;VIELHA COMPUTER,SCP;1260;264,6;1260
;A/344A;10/05/2025;17460;VIELHA COMPUTER, SL;-90;-18,9;-90
;A/387;04/06/2025;14293;VIELHA COMPUTER,SCP;119,83;25,16;119,83
;A/449;04/07/2025;14293;VIELHA COMPUTER,SCP;119,83;25,16;119,83
;A/538-25;10/08/2025;14293;VIELHA COMPUTER,SCP;90;18,9;90
;A/555;30/11/2025;3972;CALOR NATURAL ARAN, SL;1466,96;308,06;1466,96
;A/687;23/10/2025;14293;VIELHA COMPUTER,SCP;642,99;135,03;642,99
;A/747;17/11/2025;14293;VIELHA COMPUTER,SCP;674,79;141,71;674,79
;A/95202581;09/01/2025;2767;CHEHOMA ATELIER D'AMBIANCES, S.A.;-1327;-278,67;-1327
;A0001023;24/06/2025;12637;TORNEADOS COTINO, S.L.;353,21;74,17;353,21
;A000850968;31/07/2025;17970;SOLRED, S.A.;2178,84;457,55;2178,84
;A000959450;31/08/2025;17970;SOLRED, S.A.;2147,24;450,92;2147,24
;A00106038;09/01/2025;20182;SUC DE J.MORELL, S.A.;1594,4;334,82;1594,4
;A001078066;30/09/2025;17970;SOLRED, S.A.;1845,75;387,61;1845,75
;A001212592;31/10/2025;17970;SOLRED, S.A.;2183,75;458,58;2183,75
;A001323751;30/11/2025;17970;SOLRED, S.A.;1954,53;410,45;1954,53
;A100023138;27/05/2025;4983;CATA ELECTRODOMESTICOS, S.L.;-772,11;-162,14;-772,11
;A110048332;06/06/2025;5547;WENKO HISPANIA,S.L.;-489,27;-102,75;-489,27
;912401;16/09/2025;6169;REFREL, S.L.;6;1,26;6
;912724;17/09/2025;6169;REFREL, S.L.;27,66;5,81;27,66
;9151975173;22/01/2025;8890;COMERCIAL DE LAMINADOS, S.A.;2797,94;587,57;2797,94
;1333887631;04/12/2025;3550;BSH ELECTRODOMESTICOS ESPA?A, S.A.;211,64;44,44;211,64
;1333897183;12/12/2025;3550;BSH ELECTRODOMESTICOS ESPA?A, S.A.;807,5;169,58;807,5
;1333897186;12/12/2025;3550;BSH ELECTRODOMESTICOS ESPA?A, S.A.;546,36;114,74;546,36
;2000009816;27/05/2025;10143;BANCO SABADELL, S.A.;331,5;69,62;331,5
;2010125634;19/05/2025;5427;CUPA PIZARRAS S.A;8349,37;1753,37;8349,37
;2010127781;12/09/2025;5427;CUPA PIZARRAS S.A;8398,6;1763,71;8398,6
;2010128136;29/09/2025;5427;CUPA PIZARRAS S.A;8996,23;1889,21;8996,23
;2010130101;17/12/2025;5427;CUPA PIZARRAS S.A;18305,93;3844,25;18305,93
;22/10/2025;22/10/2025;8438;DINAK, S.A.;154,39;32,42;154,39
;22501570;15/01/2025;7494;GRUPODESA FASTENERS, S.A.U.;111,08;23,33;111,08
;22504952;05/02/2025;7494;GRUPODESA FASTENERS, S.A.U.;106,11;22,28;106,11
;2250517201;26/05/2025;17543;VELILLA GROUP EUROPE, SLU;1341,23;281,66;1341,23
;22506617;17/02/2025;7494;GRUPODESA FASTENERS, S.A.U.;169,15;35,52;169,15
;22510079;11/03/2025;7494;GRUPODESA FASTENERS, S.A.U.;140,32;29,47;140,32
;225102944;21/03/2025;6340;MARAZZI IBERIA, S.A.U.;474,56;99,66;474,56
;225105813;30/05/2025;6340;MARAZZI IBERIA, S.A.U.;348,66;73,22;348,66
;225110016;26/09/2025;6340;MARAZZI IBERIA, S.A.U.;4584,04;962,64;4584,04
;225110557;10/10/2025;6340;MARAZZI IBERIA, S.A.U.;251,78;52,88;251,78
;225112189;21/11/2025;6340;MARAZZI IBERIA, S.A.U.;33,64;7,07;33,64
;2251210901;15/12/2025;7543;VELILLA GROUP EUROPE, SLU;103,46;21,73;103,46
;22514874;10/04/2025;7494;GRUPODESA FASTENERS, S.A.U.;281,56;59,13;281,56
;22522013;31/05/2025;7494;GRUPODESA FASTENERS, S.A.U.;301,3;63,27;301,3
;22525271;19/06/2025;7494;GRUPODESA FASTENERS, S.A.U.;123,6;25,96;123,6
;22530088;24/07/2025;7494;GRUPODESA FASTENERS, S.A.U.;313,53;65,84;313,53
;22534368;29/08/2025;7494;GRUPODESA FASTENERS, S.A.U.;222,95;46,82;222,95
;3737;26/01/2025;6139;SALTOKI LLEIDA, S.A.;147,64;31;147,64
;3784;29/08/2025;484;SOBIME, S.A.;1110,27;233,16;1110,27
;395050;07/01/2025;15995;MATERIALES Y DISEÑOS, S.A.;-109,02;-22,89;-109,02
;396145;05/02/2025;5995;MATERIALES Y DISEÑOS, S.A.;757,32;159,04;757,32
;400996084;31/07/2025;5764;IMPREX EUROPE, S.L.;128,63;27,01;128,63
;400997805;18/08/2025;5764;IMPREX EUROPE, S.L.;79,42;16,68;79,42
;408000028;08/04/2025;12407;SOC. ESTATAL CORREOS Y TELEGRAFOS, S.A.;331,82;69,68;331,82
;410053;18/02/2025;6472;DAKE FREGADEROS,S.L.U.;345,95;72,65;345,95
;411871;26/02/2025;5140;PREFABRICADOS PUJOL, S.A.;129,8;27,26;129,8
;412085;15/01/2025;8184;ALYCO TOOLS, SA;129,88;27,27;129,88
;412892;23/01/2025;8184;ALYCO TOOLS, SA;137,42;28,86;137,42
;413101;24/01/2025;8184;ALYCO TOOLS, SA;178,32;37,45;178,32
;4164;07/05/2025;8051;NUEVAS LINEAS DE EXTINCION, SL;206,47;43,36;206,47
;416707;13/06/2025;5140;PREFABRICADOS PUJOL, S.A.;2596,65;545,3;2596,65
;419573;14/03/2025;8184;ALYCO TOOLS, SA;118,93;24,98;118,93
;420348;21/03/2025;8184;ALYCO TOOLS, SA;158,15;33,21;158,15
;4210;25/09/2025;484;SOBIME, S.A.;1329,54;279,2;1329,54
;421097;27/03/2025;8184;ALYCO TOOLS, SA;103,12;21,66;103,12
;422586;08/04/2025;8184;ALYCO TOOLS, SA;112,79;23,69;112,79
;4250001233;20/02/2025;525;AMILIBIA Y DE LA IGLESIA,S.A.;-90,44;-18,99;-90,44
;426923;30/12/2025;5140;PREFABRICADOS PUJOL, S.A.;429,13;90,12;429,13
;427546;22/05/2025;8184;ALYCO TOOLS, SA;159,35;33,46;159,35
;427894;26/05/2025;8184;ALYCO TOOLS, SA;232,74;48,88;232,74
;429749;09/06/2025;8184;ALYCO TOOLS, SA;130,91;27,49;130,91
;430723;13/06/2025;8184;ALYCO TOOLS, SA;165,47;34,75;165,47
;433277;08/07/2025;8184;ALYCO TOOLS, SA;151,78;31,87;151,78
;437873;27/08/2025;8184;ALYCO TOOLS, SA;176,27;37,02;176,27
;438430;27/08/2025;8184;ALYCO TOOLS, SA;131,87;27,69;131,87
;438522;28/08/2025;8184;ALYCO TOOLS, SA;486,5;102,17;486,5
;438690;28/08/2025;8184;ALYCO TOOLS, SA;286,19;60,1;286,19
;438842;29/08/2025;8184;ALYCO TOOLS, SA;156,94;32,96;156,94
;439678;09/09/2025;8184;ALYCO TOOLS, SA;403,44;84,72;403,44
;441311;22/09/2025;8184;ALYCO TOOLS, SA;130,44;27,39;130,44
;442147;29/09/2025;8184;ALYCO TOOLS, SA;150,74;31,66;150,74
;4423552261;10/11/2025;3015;HANSGROHE, S.A.;862,2;181,06;862,2
;4425106546;30/09/2025;2737;PORCELANOSA BATIMAT, S.A.;1284,13;269,67;1284,13
;444238;14/10/2025;8184;ALYCO TOOLS, SA;108,52;22,79;108,52
;445731;24/10/2025;8184;ALYCO TOOLS, SA;158,24;33,23;158,24
;447526;06/11/2025;8184;ALYCO TOOLS, SA;196,44;41,25;196,44
;7002516288;29/09/2025;5842;ASCABLE RECAEL, S.A.;2427,32;509,74;2427,32
;7002519903;15/11/2025;5842;ASCABLE RECAEL, S.A.;740,64;155,53;740,64
;7002522253;20/12/2025;5842;ASCABLE RECAEL, S.A.;986,11;207,08;986,11
;701056954;19/05/2025;20183;LEDVANCE LIGHTING, S.A.U.;460,3;96,66;460,3
;7125000797;24/01/2025;4634;CIFRE CERAMICA, S.L.;167,5;35,18;167,5
;7125001515;12/02/2025;4634;CIFRE CERAMICA, S.L.;439,32;92,26;439,32
;7125002189;27/02/2025;4634;CIFRE CERAMICA, S.L.;342,22;71,87;342,22
;7125002521;06/03/2025;4634;CIFRE CERAMICA, S.L.;149,89;31,48;149,89
;7125002920;17/03/2025;4634;CIFRE CERAMICA, S.L.;114,52;24,05;114,52
;7125003802;08/04/2025;4634;CIFRE CERAMICA, S.L.;924,64;194,17;924,64
;7125004164;16/04/2025;4634;CIFRE CERAMICA, S.L.;383,55;80,55;383,55
;7125004377;24/04/2025;4634;CIFRE CERAMICA, S.L.;127,71;26,82;127,71
;7125004849;07/05/2025;4634;CIFRE CERAMICA, S.L.;24,11;5,06;24,11
;A2025/2467;17/10/2025;7260;DISE?O ICONICO, S.L.;548,92;115,27;548,92
;A21/13126;17/04/2025;6509;CHAMA, LDA;869,02;182,49;869,02
;A25/055056;19/03/2025;15191;NABALIA ENERGIA 2000, SA;-258,9;-54,37;-258,9
;A25000084;15/05/2025;12366;CONSTRUCCIONS DEL PIRINEU 2001, S.L.;150;31,5;150
;A25001764;28/02/2025;5194;INOXPAN, S.L.;531,63;111,64;531,63
;A25004331;22/05/2025;5194;INOXPAN, S.L.;386,1;81,08;386,1
;A25004961;10/06/2025;5194;INOXPAN, S.L.;947,43;198,96;947,43
;A-25012725;01/02/2025;18410;E-PORTS AMPLE DE BANDA I INTERNET, SL;94,88;19,92;94,88
;A250138;12/06/2025;3954;BATHCO;-781;-164,01;-781
;A25-018;30/04/2025;14659;RAIMUNDO DIGON SANTIN;2600;546;2600
;A-25042664;01/06/2025;18410;E-PORTS AMPLE DE BANDA I INTERNET, SL;94,88;19,92;94,88
;A-25050248;01/07/2025;18410;E-PORTS AMPLE DE BANDA I INTERNET, SL;94,88;19,92;94,88
;A250536;31/12/2025;19588;DUCASA CLIMA, S.A.;-153,43;-32,22;-153,43
;A-25066041;01/09/2025;18410;E-PORTS AMPLE DE BANDA I INTERNET, SL;94,88;19,92;94,88
;A253.421;21/05/2025;4402;INDUSTRIAL BLANSOL, SA;319,85;67,17;319,85
;A254.965;18/07/2025;4402;INDUSTRIAL BLANSOL, SA;115,11;24,17;115,11
;A255.369;01/08/2025;4402;INDUSTRIAL BLANSOL, SA;121,4;25,49;121,4
;A323;04/05/2025;14293;VIELHA COMPUTER,SCP;119,83;25,16;119,83
;25/4545;22/09/2025;13151;ARANDIS 2000 SL;12,11;0,48;945,82
;33/61825;07/02/2025;7774;PACAL SHOES, S.L.U.;432,1;90,74;432,1
;33/65401;09/04/2025;7774;PACAL SHOES, S.L.U.;454,55;95,46;454,55
;33/69511;08/07/2025;7774;PACAL SHOES, S.L.U.;393,04;82,54;393,04
;33/72107;08/09/2025;7774;PACAL SHOES, S.L.U.;3067,24;644,12;3067,24
;33/73429;30/09/2025;7774;PACAL SHOES, S.L.U.;420,3;88,26;420,3
;33/76886;28/11/2025;7774;PACAL SHOES, S.L.U.;417,6;87,7;417,6
;3320472788;19/03/2025;1518;SAINT GOBAIN PLACO IBERICA, S.A.;3510,56;737,22;3510,56
;34.960;06/11/2025;12062;DISTRIBUIDORA BOSCH HNOS.,S.A.;69,12;14,52;69,12
;3425100206;24/01/2025;2737;PORCELANOSA BATIMAT, S.A.U.;1237,86;259,95;1237,86
;3425100869;07/03/2025;2737;PORCELANOSA BATIMAT, S.A.U.;64,14;13,47;64,14
;3425101080;21/03/2025;2737;PORCELANOSA BATIMAT, S.A.U.;144,77;30,4;144,77
;3425102007;16/05/2025;2737;PORCELANOSA BATIMAT, S.A.;8706,4;1828,34;8706,4
;3425102374;06/06/2025;2737;PORCELANOSA BATIMAT, S.A.;7216,59;1515,48;7216,59
;3425102375;06/06/2025;2737;PORCELANOSA BATIMAT, S.A.;756,97;158,96;756,97
;3425103102;18/07/2025;2737;PORCELANOSA BATIMAT, S.A.;150,73;31,65;150,73
;3425103555;22/08/2025;2737;PORCELANOSA BATIMAT, S.A.;394,38;82,82;394,38
;3425103953;26/09/2025;2737;PORCELANOSA BATIMAT, S.A.;178,49;37,48;178,49
;3425104281;17/10/2025;2737;PORCELANOSA BATIMAT, S.A.;940,3;197,46;940,3
;3425105211;19/12/2025;2737;PORCELANOSA BATIMAT, S.A.;626,67;131,6;626,67
;345;28/07/2025;6277;MARMOLES ROYES, S.C.;1313;275,73;1313
;3600986895;14/02/2025;2842;SIKA , S.A.U.;874,71;183,69;874,71
;3601074631;15/10/2025;2842;SIKA , S.A.U.;2111,11;443,33;2111,11
;3640043165;31/03/2025;12842;SIKA , S.A.U.;-366,84;-77,04;-366,84
;563637659;25/02/2025;10013;BANCO SANTANDER, S.A.;55,2;11,59;55,2
;5824;30/09/2025;2747;SAURMIDECOR S.L;99,42;20,88;99,42
;590;16/12/2025;6277;MARMOLES ROYES, S.C.;1112,5;233,63;1112,5
;5A34;13/10/2025;11927;GABRIEL CHELARU;1245;261,45;1245
;5BC8300010;25/09/2025;19813;BIGMAT IBERIA, S.A.;-7591,63;-1594,24;-7591,63
;5FV1100266;18/11/2025;7426;ARIDS CATALUNYA, S.A.;330,26;69,35;330,26
;6000000156;23/05/2025;12412;MOLDCOM COMPOSITES, S.L.;-25,5;-5,36;-25,5
;606364-N;15/07/2025;3930;FLUIDRA COMERCIAL ESPAÑA, S.A.U.;504,8;106,01;504,8
;610/2025;31/12/2025;4895;GLASSBLOCK TECHNOLOGY, S.L.;19,76;4,15;19,76
;64;19/02/2025;6277;MARMOLES ROYES, S.C.;2302;483,42;2302
;6500259743;27/02/2025;2804;URSA IBERICA AISLANTES, S.A.;4450,8;934,67;4450,8
;6500260110;13/03/2025;2804;URSA IBERICA AISLANTES, S.A.;6598,87;1385,76;6598,87
;6500263136;15/07/2025;2804;URSA IBERICA AISLANTES, S.A.;4750,06;997,51;4750,06
;65O0264984;01/10/2025;2804;URSA IBERICA AISLANTES, S.A.;6591,58;1384,23;6591,58
;6750008849;29/01/2025;10013;BANCO SANTANDER, S.A.;144,24;30,29;144,24
;A48713;07/01/2025;2361;BATH INNOVATIONS, S.L.U.;341,31;71,68;341,31
;A48960;03/02/2025;2361;BATH INNOVATIONS, S.L.U.;599,6;125,92;599,6
;A48977;05/02/2025;2361;BATH INNOVATIONS, S.L.U.;39;8,19;39
;A48994;07/02/2025;2361;BATH INNOVATIONS, S.L.U.;81;17,01;81
;A49085;18/02/2025;12361;BATH INNOVATIONS, S.L.;133,82;28,1;133,82
;A49117;21/02/2025;2361;BATH INNOVATIONS, S.L.U.;441,72;92,76;441,72
;A49541;11/04/2025;2361;BATH INNOVATIONS, S.L.U.;147;30,87;147
;A5/1431;21/02/2025;1645;BARBOSA, S.L.;488,16;102,51;488,16
;A5/2322;20/03/2025;1645;BARBOSA, S.L.;334,29;70,2;334,29
;A5/3956;23/05/2025;1645;BARBOSA, S.L.;359,03;75,4;359,03
;A5/6450;28/08/2025;1645;BARBOSA, S.L.;559,35;117,46;559,35
;A50414;24/07/2025;2361;BATH INNOVATIONS, S.L.U.;1097,28;230,43;1097,28
;A50719;17/09/2025;2361;BATH INNOVATIONS, S.L.U.;876,96;184,16;876,96
;A51062;03/11/2025;2361;BATH INNOVATIONS, S.L.;198;41,58;198
;A51066;04/11/2025;2361;BATH INNOVATIONS, S.L.;1367,28;287,13;1367,28
;A51076;05/11/2025;2361;BATH INNOVATIONS, S.L.;248,4;52,16;248,4
;A51096;06/11/2025;2361;BATH INNOVATIONS, S.L.;370,98;77,91;370,98
;A51340;10/12/2025;2361;BATH INNOVATIONS, S.L.;1043,48;219,13;1043,48
;A598404042;28/01/2025;18474;TELEFONICA DE ESPAÑA, S.A.;461,3;96,87;461,3
;AA25003048;07/11/2025;1715;EURO BOTTARI 2002 S.L;153;32,13;153
;AA25003353;27/11/2025;1715;EURO BOTTARI 2002 S.L;220,5;46,31;220,5
;7125006738;18/06/2025;4634;CIFRE CERAMICA, S.L.;24,75;5,2;24,75
;7125007813;15/07/2025;4634;CIFRE CERAMICA, S.L.;27,09;5,69;27,09
;7125010077;22/09/2025;4634;CIFRE CERAMICA, S.L.;261,06;54,82;261,06
;7125010584;03/10/2025;4634;CIFRE CERAMICA, S.L.;176,5;37,07;176,5
;7125011098;20/10/2025;4634;CIFRE CERAMICA, S.L.;252,9;53,11;252,9
;7125011481;29/10/2025;4634;CIFRE CERAMICA, S.L.;115,76;24,31;115,76
;7125011998;11/11/2025;4634;CIFRE CERAMICA, S.L.;213,8;44,9;213,8
;7125012509;24/11/2025;4634;CIFRE CERAMICA, S.L.;2604,6;546,97;2604,6
;7250417;03/06/2025;3180;GRONPES, S.L.;-416,5;-87,47;-416,5
;7411/25;30/01/2025;13989;NAU ARAN, S.C.P.;240;50,4;240
;7437/25;11/02/2025;13989;NAU ARAN, S.C.P.;900;189;900
;7600196910;28/02/2025;192;PROMOTORA MEDITERRANEA-2, S.A.;1824;383,04;1824
;7639;13/02/2025;5330;BRONPI CALEFACCION, S.L.;859,95;180,59;859,95
;7709/25;07/11/2025;13989;NAU ARAN, S.C.P.;120;25,2;120
;7782;07/11/2025;7945;TREBER SPAIN,S.L.;324,5;68,15;324,5
;7830630654;30/08/2025;16223;LYRECO ESPAÑA, S.A.;78,96;16,58;78,96
;7850;06/04/2025;16753;JUAN LUIS NUÑEZ ARMERO;36,89;7,75;36,89
;7925000082;31/03/2025;14634;CIFRE CERAMICA, S.L.;-192,05;-40,33;-192,05
;7H80126412;01/06/2025;18474;TELEFONICA DE ESPAÑA, S.A.;444,61;93,37;444,61
;7HA0127339;01/08/2025;18474;TELEFONICA DE ESPAÑA, S.A.;213,51;44,84;213,51
;7JP0158715;19/11/2025;18474;TELEFONICA DE ESPAÑA, S.A.;452,11;94,95;452,11
;7JP0158716;19/11/2025;18474;TELEFONICA DE ESPAÑA, S.A.;214,43;45,03;214,43
;7JQ0158717;19/12/2025;18474;TELEFONICA DE ESPA?A, S.A.;216,09;45,38;216,09
;800950;05/03/2025;5574;BRIKTE, S.L.;598,75;125,74;598,75
;802486;10/06/2025;5574;BRIKTE, S.L.;1044,7;219,39;1044,7
;804601;10/11/2025;5574;BRIKTE, S.L.;161,64;33,94;161,64
;804770;20/11/2025;5574;BRIKTE, S.L.;141,55;29,73;141,55
;808;01/07/2025;18159;MARCO INVEST, S.A.;125;26,25;125
;811;25/02/2025;484;SOBIME, S.A.;168,04;35,29;168,04
;817/25;20/11/2025;13383;SILVIA BUELVAS OROZCO;169,8;35,66;169,8
;8190216189;28/04/2025;2886;BEISSIER,S.A.U.;270,59;56,82;270,59
;821894;30/11/2025;358;DIVASA-FARMAVIC, S.A.;565,5;118,76;565,5
;9500372677;28/01/2025;9619;SIMON BRICO S.L;368,8;77,45;368,8
;9500373328;06/02/2025;9619;SIMON BRICO S.L;66,63;13,99;66,63
;9500373912;14/02/2025;9619;SIMON BRICO S.L;57,4;12,05;57,4
;9500378413;22/04/2025;9619;SIMON BRICO S.L;100,72;21,15;100,72
;9500378416;22/04/2025;9619;SIMON BRICO S.L;85,9;18,04;85,9
;9500379104;02/05/2025;9619;SIMON BRICO S.L;267,15;56,1;267,15
;9500381515;04/06/2025;9619;SIMON BRICO S.L;493,79;103,7;493,79
;9500383741;01/07/2025;9619;SIMON BRICO S.L;424,18;89,08;424,18
;9500383839;02/07/2025;9619;SIMON BRICO S.L;243,55;51,15;243,55
;9500384784;15/07/2025;9619;SIMON BRICO S.L;1243,97;261,23;1243,97
;9500386246;04/08/2025;9619;SIMON BRICO S.L;34;7,14;34
;9500389876;03/10/2025;9619;SIMON BRICO S.L;235,29;49,41;235,29
;9500390394;10/10/2025;9619;SIMON BRICO S.L;316,17;66,4;316,17
;9500390721;16/10/2025;9619;SIMON BRICO S.L;616,91;129,55;616,91
;9500390798;19/10/2025;9619;SIMON BRICO S.L;372,48;78,22;372,48
;9506051101;31/08/2025;6414;ISOLANA AISLAMIENTOS, S.L.;1539,38;323,27;1539,38
;9520251089;25/03/2025;2767;CHEHOMA ATELIER D'AMBIANCES, S.A.;915,7;192,3;915,7
;9810125240;11/03/2025;5419;CUPA STONE IBERIA, S.L.;2061,86;432,99;2061,86
;9810127556;16/04/2025;5419;CUPA STONE IBERIA, S.L.;5778,86;1213,56;5778,86
;9816684612;11/11/2025;990;STANLEY BLACK   DECKER IBERICA SLU;341,83;71,78;341,83
;9840009877;12/06/2025;5419;CUPA STONE IBERIA, S.L.;-4912,61;-1031,65;-4912,61
;9900500015;22/01/2025;5890;TRES COMERCIAL, S.L.;103,68;21,77;103,68
;9900501075;29/01/2025;5890;TRES COMERCIAL, S.L.;172,8;36,29;172,8
;9900520534;09/06/2025;5890;TRES COMERCIAL, S.L.;170,4;35,78;170,4
;9900525055;10/07/2025;5890;TRES COMERCIAL, S.L.;1340,16;281,43;1340,16
;9900528525;06/08/2025;5890;TRES COMERCIAL, S.L.;269,28;56,55;269,28
;9900532368;17/09/2025;5890;TRES COMERCIAL, S.L.;131,76;27,67;131,76
;9900535769;13/10/2025;5890;TRES COMERCIAL, S.L.;184,7;38,79;184,7
;9900538733;03/11/2025;5890;TRES COMERCIAL, S.L.;138,24;29,03;138,24
;9900540180;13/11/2025;5890;TRES COMERCIAL, S.L.;112,08;23,54;112,08
;9900543656;10/12/2025;5890;TRES COMERCIAL, S.L.;278,4;58,46;278,4
;A/14;05/01/2025;14293;VIELHA COMPUTER,SCP;1260;264,6;1260
;A/169;23/11/2025;15800;JOSE MARIA MARTINEZ PALACIN;60;12,6;60
;A/180;31/03/2025;3972;CALOR NATURAL ARAN, SL;419,32;88,06;419,32
;A/248;31/05/2025;3972;CALOR NATURAL ARAN, SL;198;41,58;198
;A/284;08/04/2025;14293;VIELHA COMPUTER,SCP;800;168;800
;A/3429;22/05/2025;1060;NATUCER, S.L.;250,17;52,54;250,17
;A/6720;01/10/2025;1060;NATUCER, S.L.;3,05;0,64;3,05
;A/782;05/12/2025;14293;VIELHA COMPUTER,SCP;119,83;25,16;119,83
;A000093455;31/01/2025;17970;SOLRED, S.A.;1852,32;388,99;1852,32
;3125102867;15/04/2025;910;IRSAP-RHOSS CLIMA INTEGRAL, S.L.;468,6;98,41;468,6
;3125107600;30/09/2025;910;IRSAP-RHOSS CLIMA INTEGRAL, S.L.;765,6;160,78;765,6
;316;01/03/2025;18159;MARCO INVEST, S.A.;125;26,25;125
;320/2025;04/07/2025;4895;GLASSBLOCK TECHNOLOGY, S.L.;61,7;12,96;61,7
;3250311;27/08/2025;7906;SUCESORES DE FALIP NAVARRO, S.A;870;182,7;870
;3270000060;29/01/2025;13633;CERAMICAS GALA, S.A.;-28,6;-6,01;-28,6
;33/60579;16/01/2025;7774;PACAL SHOES, S.L.U.;16,9;3,55;16,9
;33/75562;04/11/2025;7774;PACAL SHOES, S.L.U.;221,04;46,42;221,04
;AB-00002;30/04/2025;19466;BIGMAT STORES, SL;-6,65;-1,4;-6,65
;AB25-0889;29/07/2025;2905;OBREROL, S.A.;-934,86;-196,32;-934,86
;AB25-17577;12/12/2025;2905;OBREROL, S.A.;433,95;91,13;433,95
;AB25-17981;19/12/2025;2905;OBREROL, S.A.;560,81;117,77;560,81
;AB-287191;02/06/2025;5358;I&E FOREST PANELS, S.L.;-449,91;-94,48;-449,91
;AB-287363;18/11/2025;5358;I E FOREST PANELS, S.L.;-399;-83,79;-399
;AC-000002;30/04/2025;19466;BIGMAT STORES, SL;6,65;1,4;6,65
;AC-000003;30/09/2025;19466;BIGMAT STORES, SL;-5,83;-1,22;-5,83
;ACERCA;30/09/2025;2955;GRIFERIA SANITARIA ROVIRA, S.A.;484;101,64;484
;ALPEX-2125;21/05/2025;2980;ALPEX, S.A.;45,46;9,55;45,46
;AV120260;02/01/2025;9675;ELEKTRO-3, S.C.C.L.;-405,08;-85,07;-405,08
;AVR2502710;30/08/2025;10841;SOC.ANON.SERVEI I COMERÇ ELECTRODOMESTIC;-38,97;-8,18;-38,97
;B25270778;31/10/2025;234;PROPAMSA, S.A.;1867,59;392,19;1867,59
;C+25-34334;25/09/2025;1973;STANDARD HIDR?ULICA, S.A.U.;9;1,89;9
;C+25-39459;13/11/2025;1973;STANDARD HIDR?ULICA, S.A.U.;371,76;78,07;371,76
;C+25-43803;22/12/2025;1973;STANDARD HIDR?ULICA, S.A.U.;418,82;87,95;418,82
;C251.230;15/09/2025;8830;ESCAYOLAS VILLAR, S.L.;4473,46;939,43;4473,46
;C251.745;15/12/2025;8830;ESCAYOLAS VILLAR, S.L.;552,13;115,95;552,13
;C4928;31/01/2025;12361;BATH INNOVATIONS, S.L.;-133,82;-28,1;-133,82
;C5-256674;28/07/2025;12858;APARCA & GO S.L.;125,04;26,26;125,04
;CA21/14168;04/09/2025;6509;CHAMA, LDA;172,68;36,26;172,68
;CRJ2501403;17/10/2025;6550;DECOPINTURES LLEIDA, SL;150,76;31,66;150,76
;CT25/28134;22/11/2025;292;PRODESSPA DECORATIUS I PINTURES S.L.;62,97;13,22;62,97
;E/25013657;09/10/2025;6717;COMERCIAL OJA, SLU;926,29;194,52;926,29
;E/25018287;31/12/2025;6717;COMERCIAL OJA, SLU;3625,42;761,34;3625,42
;E25000591;07/08/2025;5194;INOXPAN, S.L.;717,25;150,62;717,25
;E807660448;09/01/2025;8158;AKZO NOBEL COATINGS, S.L.;1134,16;238,17;1134,16
;E807661289;15/01/2025;8158;AKZO NOBEL COATINGS, S.L.;558,35;117,25;558,35
;E807663757;30/01/2025;8158;AKZO NOBEL COATINGS, S.L.;428,09;89,9;428,09
;E807664759;03/02/2025;8158;AKZO NOBEL COATINGS, S.L.;904,8;190,01;904,8
;E807665754;08/02/2025;8158;AKZO NOBEL COATINGS, S.L.;2295,07;481,96;2295,07
;E807673238;18/03/2025;8158;AKZO NOBEL COATINGS, S.L.;402,26;84,47;402,26
;E807686354;23/05/2025;8158;AKZO NOBEL COATINGS, S.L.;1177,25;247,22;1177,25
;E807695974;03/07/2025;8158;AKZO NOBEL COATINGS, S.L.;827,74;173,83;827,74
;E807697138;10/07/2025;8158;AKZO NOBEL COATINGS, S.L.;2331,9;489,7;2331,9
;E807709223;12/09/2025;8158;AKZO NOBEL COATINGS, S.L.;684,54;143,75;684,54
;E807715506;14/10/2025;8158;AKZO NOBEL COATINGS, S.L.;576,91;121,15;576,91
;E807716459;16/10/2025;8158;AKZO NOBEL COATINGS, S.L.;830,5;174,41;830,5
;E807718452;27/10/2025;8158;AKZO NOBEL COATINGS, S.L.;1063,47;223,33;1063,47
;E807720291;03/11/2025;8158;AKZO NOBEL COATINGS, S.L.;1290,45;270,99;1290,45
;E807721542;11/11/2025;8158;AKZO NOBEL COATINGS, S.L.;3119,72;655,14;3119,72
;E807724077;24/11/2025;8158;AKZO NOBEL COATINGS, S.L.;245,06;51,46;245,06
;E807724811;27/11/2025;8158;AKZO NOBEL COATINGS, S.L.;493;103,53;493
;E807725600;01/12/2025;8158;AKZO NOBEL COATINGS, S.L.;532,94;111,92;532,94
;E807728482;18/12/2025;8158;AKZO NOBEL COATINGS, S.L.;744,37;156,32;744,37
;EF370108;12/03/2025;16845;CAMENGO ESPAÑA, S.L.;100;21;100
;EF393232;11/12/2025;6845;CAMENGO ESPA?A, S.L.;127,7;26,82;127,7
;EI25336376;22/05/2025;10865;BUREAU VERITAS INSPECCION Y TESTING, SLU;136,99;28,77;148,39
;F,25203086;12/09/2025;2748;GME DIVISION DE BA?OS SL;99,88;20,97;99,88
;F,25203393;08/10/2025;2748;GME DIVISION DE BA?OS SL;290,73;61,05;290,73
;F-13390/25;12/11/2025;5211;MiKONOS MOSAIC, S.L.;267,5;56,18;267,5
;F-14318/25;02/12/2025;5211;MiKONOS MOSAIC, S.L.;318,83;66,95;318,83
;F169073;30/05/2025;5920;COORDONNÉ, S.L.;80,96;17,01;80,96
;FV2250786;10/06/2025;8029;INDUSTRIAS MAS SALVADO Y SUC., S.L.;82,03;17,23;82,03
;FV25/08695;24/06/2025;50440;PRODUCTOS MCLAND S.L.;573,03;120,34;573,03
;FV25000029;15/01/2025;2580;GLS CONSORCIO DEL HORMIGON, S.L.U.;59,31;12,46;59,31
;FV25000663;15/03/2025;2580;GLS CONSORCIO DEL HORMIGON, S.L.U.;118,89;24,97;118,89
;FV25000992;15/04/2025;2580;GLS CONSORCIO DEL HORMIGON, S.L.U.;821,43;172,5;821,43
;FV2500109;09/01/2025;5576;THERMOGREEN, S.L.;1017,94;213,77;1017,94
;FV25001564;15/06/2025;2580;GLS CONSORCIO DEL HORMIGON, S.L.U.;469,35;98,56;469,35
;FV2500954;12/02/2025;5576;THERMOGREEN, S.L.;2687,22;564,32;2687,22
;FV25009881;21/03/2025;4773;GARSACO IMPORT, S.L.;125,82;26,42;125,82
;FV2501814;20/02/2025;3711;BRINOX S.A;368,69;77,42;368,69
;FV25033258;18/09/2025;4773;GARSACO IMPORT, S.L.;283,35;59,5;283,35
;FV25-03635;30/09/2025;9877;DECO, DISTRIBUCI? DE GUIX LAMINAT, S.L.;74,03;15,55;74,03
;FV25036378;14/10/2025;4773;GARSACO IMPORT, S.L.;263,73;55,38;263,73
;FV25-03726;21/03/2025;2905;OBREROL, S.A.;18,61;3,91;18,61
;FV2503804;17/06/2025;5576;THERMOGREEN, S.L.;3064,01;643,44;3064,01
;FV25-04096;04/04/2025;7690;GRIFERIAS GROBER, S.L.;120,45;25,29;120,45
;FV25-04107;07/04/2025;7690;GRIFERIAS GROBER, S.L.;231,35;48,58;231,35
;FV25045955;05/12/2025;4773;GARSACO IMPORT, S.L.;232,03;48,73;232,03
;FV25048418;23/12/2025;4773;GARSACO IMPORT, S.L.;226,24;47,51;226,24
;FV2505316;02/09/2025;5576;THERMOGREEN, S.L.;2816,62;591,49;2816,62
;FV25-08836;27/06/2025;2905;OBREROL, S.A.;667,46;140,17;667,46
;FV2510050;02/10/2025;3711;BRINOX S.A;452,65;95,06;452,65
;FV2511273;31/07/2025;50440;PRODUCTOS MCLAND S.L.;271,71;57,06;271,71
;FV25-11979;12/09/2025;2905;OBREROL, S.A.;774,52;162,65;774,52
;3366;20/05/2025;6499;LMT SUELOS TECNICOS, S.L.;343;72,03;343
;3425100085;17/01/2025;2737;PORCELANOSA BATIMAT, S.A.U.;2411,86;506,49;2411,86
;3425100305;31/01/2025;2737;PORCELANOSA BATIMAT, S.A.U.;859,69;180,53;859,69
;3425101192;28/03/2025;2737;PORCELANOSA BATIMAT, S.A.U.;325,28;68,31;325,28
;3425101335;04/04/2025;2737;PORCELANOSA BATIMAT, S.A.U.;1684,81;353,81;1684,81
;3425101544;17/04/2025;2737;PORCELANOSA BATIMAT, S.A.;521,45;109,5;521,45
;3425101788;30/04/2025;2737;PORCELANOSA BATIMAT, S.A.;165,5;34,76;165,5
;3425102993;11/07/2025;2737;PORCELANOSA BATIMAT, S.A.;1163,98;244,44;1163,98
;3425103103;18/07/2025;2737;PORCELANOSA BATIMAT, S.A.;2785,98;585,06;2785,98
;3425103855;19/09/2025;2737;PORCELANOSA BATIMAT, S.A.;1621,11;340,43;1621,11
;3425103952;26/09/2025;2737;PORCELANOSA BATIMAT, S.A.;265,93;55,85;265,93
;3425104280;17/10/2025;2737;PORCELANOSA BATIMAT, S.A.;1980,89;415,99;1980,89
;3425104813;21/11/2025;2737;PORCELANOSA BATIMAT, S.A.;175,28;36,81;175,28
;3425105241;19/12/2025;2737;PORCELANOSA BATIMAT, S.A.;2216,7;465,51;2216,7
;3425105379;31/12/2025;2737;PORCELANOSA BATIMAT, S.A.;1030,37;216,38;1030,37
;3600992193;28/02/2025;2842;SIKA , S.A.U.;809,3;169,95;809,3
;3601009311;15/04/2025;2842;SIKA , S.A.U.;2988,07;627,49;2988,07
;3601019663;15/05/2025;2842;SIKA , S.A.U.;2187,92;459,46;2187,92
;3601043553;15/07/2025;2842;SIKA , S.A.U.;1247,7;262,02;1247,7
;3601068722;30/09/2025;2842;SIKA , S.A.U.;1382,94;290,42;1382,94
;3601086101;14/11/2025;2842;SIKA , S.A.U.;1286,62;270,19;1286,62
;571524;18/03/2025;6472;DAKE FREGADEROS,S.L.U.;22,6;4,75;22,6
;598-403751;23/12/2025;18474;TELEFONICA DE ESPA?A, S.A.;75,2;15,8;75,2
;598-403800;17/10/2025;18474;TELEFONICA DE ESPA?A, S.A.;194,21;40,78;194,21
;598-403815;18/09/2025;18474;TELEFONICA DE ESPA?A, S.A.;194,21;40,79;194,21
;598-403816;28/08/2025;18474;TELEFONICA DE ESPA?A, S.A.;75,2;15,79;75,2
;5A43;10/12/2025;11927;GABRIEL CHELARU;2440;512,4;2440
;5FA00493;31/07/2025;2150;EXCLUSIVAS ISMA, S.A.;125,28;26,31;125,28
;5FV0001027;14/12/2025;10122;DISCAR VAL D ARAN, SL;1855,7;389,7;1855,7
;5FV1000279;04/11/2025;2162;INDUSTRIAS DEL CEMENTO AGLOMERADO, SL;150,08;31,52;150,08
;5Z00027176;23/09/2025;18590;ACUMBAMAIL S.L.;65,29;13,71;65,29
;5Z00030511;23/10/2025;18590;ACUMBAMAIL S.L.;65,29;13,71;65,29
;625176518;08/07/2025;407;ORAC SA;458,61;96,31;458,61
;6315;04/11/2025;6555;INNOVACION BA?O, S.L.;138,55;29,1;138,55
;6378;27/10/2025;2747;SAURMIDECOR S.L;1095,19;229,99;1095,19
;6380;27/10/2025;2747;SAURMIDECOR S.L;2,56;0,54;2,56
;6820345455;28/03/2025;4862;ROTHENBERGER, S.A.;105,38;22,13;105,38
;6820362064;17/10/2025;1609;SUPER EGO TOOLS, SLU;0,46;0,1;0,46
;685;01/06/2025;18159;MARCO INVEST, S.A.;125;26,25;125
;A48828;16/01/2025;2361;BATH INNOVATIONS, S.L.U.;45;9,45;45
;A5/4065;27/05/2025;1645;BARBOSA, S.L.;664,46;139,54;664,46
;A5/5901;29/07/2025;1645;BARBOSA, S.L.;568,7;119,43;568,7
;A50033;10/06/2025;2361;BATH INNOVATIONS, S.L.U.;351;73,71;351
;A50117;23/06/2025;2361;BATH INNOVATIONS, S.L.U.;60,6;12,73;60,6
;A51033;31/10/2025;2361;BATH INNOVATIONS, S.L.;367,2;77,11;367,2
;A51105;07/11/2025;2361;BATH INNOVATIONS, S.L.;433,08;90,95;433,08
;A51144;12/11/2025;2361;BATH INNOVATIONS, S.L.;875,34;183,82;875,34
;A51348;10/12/2025;2361;BATH INNOVATIONS, S.L.U.;129,06;27,1;129,06
;A51357;12/12/2025;2361;BATH INNOVATIONS, S.L.U.;121,5;25,52;121,5
;A51406;19/12/2025;2361;BATH INNOVATIONS, S.L.U.;411,48;86,41;411,48
;A644053198;10/09/2025;10800;HOLCIM ESPAÑA, S.A.U.;-882;-185,22;-882
;AA25002558;03/10/2025;1715;EURO BOTTARI 2002 S.L;282,52;59,33;282,52
;AA25-040;31/07/2025;16588;RAIMUNDO DIGON GONZALEZ;-2700;-567;-2700
;AB.257709;12/11/2025;4402;INDUSTRIAL BLANSOL, SA;421,68;88,55;421,68
;AB-000001;31/03/2025;19466;BIGMAT STORES, SL;-0,89;-0,19;-0,89
;AC-00001;31/03/2025;19466;BIGMAT STORES, SL;-0,89;-0,19;-0,89
;AC25706682;25/09/2025;7455;GRESPANIA, S.A.;60,54;12,71;60,54
;AC25710846;13/11/2025;7455;GRESPANIA, S.A.;167,65;35,21;167,65
;AC25711197;18/11/2025;7455;GRESPANIA, S.A.;356,42;74,85;356,42
;AF2600007;01/09/2025;4716;PRODUCTOS FLOWER S.A.;693,63;145,66;693,63
;ALPEX-3381;14/07/2025;2980;ALPEX, S.A.;317,43;66,66;317,43
;ALPEX-4006;11/08/2025;2980;ALPEX, S.A.;771,12;161,94;771,12
;ALPEX-6278;31/12/2025;2980;ALPEX, S.A.;11,81;2,48;11,81
;ALPWX-2126;21/05/2025;2980;ALPEX, S.A.;1573,75;330,49;1573,75
;AQ49072;17/02/2025;2361;BATH INNOVATIONS, S.L.U.;255,42;53,64;255,42
;ARP2500149;31/03/2025;18438;DINAK, S.A.;-1068,35;-224,35;-1068,35
;AV2250016;07/03/2025;8029;INDUSTRIAS MAS SALVADO Y SUC., S.L.;-260,4;-54,68;-260,4
;B598403958;28/02/2025;18474;TELEFONICA DE ESPAÑA, S.A.;90,81;19,07;90,81
;C+25-33157;15/09/2025;1973;STANDARD HIDR?ULICA, S.A.U.;413,38;86,81;413,38
;C+25-42227;09/12/2025;1973;STANDARD HIDR?ULICA, S.A.U.;5,34;1,12;5,34
;C-25014165;02/10/2025;8191;MICEL-VEGA, S.L.;191,04;40,12;191,04
;C5-240712;17/02/2025;12858;APARCA & GO S.L.;44,44;9,33;44,44
;C5-262459;12/10/2025;12858;APARCA   GO S.L.;56,53;11,87;56,53
;C598403930;28/03/2025;18474;TELEFONICA DE ESPAÑA, S.A.;427,75;89,83;427,75
;C598403931;28/03/2025;18474;TELEFONICA DE ESPAÑA, S.A.;89,34;18,76;89,34
;D30000705;30/06/2025;11444;APPLUS ITEUVE TECHNOLOGY, S.L.;29,09;6,11;33,27
;E/25010862;06/08/2025;6717;COMERCIAL OJA, SLU;337,94;70,97;337,94
;E/25012061;08/09/2025;6717;COMERCIAL OJA, SLU;770,06;161,71;770,06
;E/25012609;19/09/2025;6717;COMERCIAL OJA, SLU;1999,08;419,81;1999,08
;E/25012694;22/09/2025;6717;COMERCIAL OJA, SLU;648,77;136,24;648,77
;FV25-13457;08/10/2025;2905;OBREROL, S.A.;509,65;107,03;509,65
;FV25-14069;17/10/2025;2905;OBREROL, S.A.;62,6;13,15;62,6
;FV25-14070;17/10/2025;2905;OBREROL, S.A.;328,62;69,01;328,62
;FV25-16997;28/11/2025;2905;OBREROL, S.A.;103,07;21,64;103,07
;FV25-17219;05/12/2025;2905;OBREROL, S.A.;15,46;3,25;15,46
;FV25249656;12/05/2025;9206;AYERBE INDUSTRIAL DE MOTORES, S.A.;1375;288,75;1375
;FV252898;21/01/2025;5900;JUBA PERSONAL PROTECT. EQUIP.. S.L.;281,13;59,04;281,13
;FV2529397;15/07/2025;5900;JUBA PERSONAL PROTECT. EQUIP.. S.L.;28,31;5,95;28,31
;FV2529398;15/07/2025;5900;JUBA PERSONAL PROTECT. EQUIP.. S.L.;9,3;1,95;9,3
;FV2529621;15/07/2025;5900;JUBA PERSONAL PROTECT. EQUIP.. S.L.;241,5;50,72;241,5
;FV25297803;22/08/2025;1627;JULIÀ GRUP FURNITURE SOLUTIONS, SL;477,48;100,27;477,48
;5062180225;18/02/2025;10013;BANCO SANTANDER, S.A.;10,29;2,16;10,29
;508100010;01/01/2025;10228;CLIMA-AINÉ, SCCL;1200;252;1200
;508100241;31/01/2025;228;CLIMA-AINÉ, SCCL;1;0,21;1
;508200208;10/01/2025;9524;FITTINGS ESTANDAR, SL;281,46;59,11;281,46
;5092200125;20/01/2025;10013;BANCO SANTANDER, S.A.;14,87;3,12;14,87
;518039;02/12/2025;2803;COLORBAN DESIGN 2015, S.L.;213;44,73;213
;520228915;11/03/2025;1928;SOLER & PALAU SIST. DE VENTILACIÓN,S.L.U;959,38;201,47;959,38
;520657915;16/05/2025;666;FISCHER IBERICA, S.A.U.;26,24;5,51;26,24
;520685483;19/09/2025;666;FISCHER IBERICA, S.A.U.;249,22;52,33;249,22
;520689029;02/10/2025;666;FISCHER IBERICA, S.A.U.;65,53;13,76;65,53
;5208348;25/07/2025;7918;DERIVADOS ASFALTICOS NORMALIZADOS, S.A.;4535,14;952,38;4535,14
;5210517;14/08/2025;7918;DERIVADOS ASFALTICOS NORMALIZADOS, S.A.;1757,41;369,06;1757,41
;5211450;28/08/2025;7918;DERIVADOS ASFALTICOS NORMALIZADOS, S.A.;1859,43;390,48;1859,43
;5-25105677;24/09/2025;8602;PUERTAS PADILLA, S.L.;628,5;131,99;628,5
;5-32001934;05/09/2025;14708;BIGMAT LOGISTICA, S.A.;100;21;100
;5-32002150;05/10/2025;14708;BIGMAT LOGISTICA, S.A.;100;21;100
;5-40024928;29/08/2025;4708;BIGMAT LOGISTICA, S.A.;3305,3;694,11;3305,3
;5-40028298;03/10/2025;4708;BIGMAT LOGISTICA, S.A.;503,7;105,78;503,7
;5-40029829;20/10/2025;4708;BIGMAT LOGISTICA, S.A.;2938,61;617,11;2938,61
;5-40030881;29/10/2025;4708;BIGMAT LOGISTICA, S.A.;6979,04;1465,6;6979,04
;5-40033773;26/11/2025;4708;BIGMAT LOGISTICA, S.A.;-474,16;-99,57;-474,16
;5-40036033;18/12/2025;4708;BIGMAT LOGISTICA, S.A.;6592,47;1384,42;6592,47
;5-50003828;05/08/2025;14708;BIGMAT LOGISTICA, S.A.;456;95,76;456
;5-50004857;02/10/2025;14708;BIGMAT LOGISTICA, S.A.;597;125,37;597
;5-50005571;05/11/2025;14708;BIGMAT LOGISTICA, S.A.;551;115,71;551
;F25/031396;08/09/2025;5499;CATALONIA CERAMIC, S.A.;334,8;70,31;334,8
;F25/105918;07/08/2025;9675;ELEKTRO-3, S.C.C.L.;250,14;52,53;250,14
;F25/113410;27/08/2025;9675;ELEKTRO-3, S.C.C.L.;204,14;42,87;204,14
;F25/145079;31/10/2025;9675;ELEKTRO-3, S.C.C.L.;3750,9;787,69;3750,9
;F25/163668;02/12/2025;9675;ELEKTRO-3, S.C.C.L.;323,82;68;323,82
;F25/173424;22/12/2025;9675;ELEKTRO-3, S.C.C.L.;222,68;46,76;222,68
;F25/20878;17/02/2025;9675;ELEKTRO-3, S.C.C.L.;196,49;41,26;196,49
;F25/4079;14/01/2025;9675;ELEKTRO-3, S.C.C.L.;327,07;68,68;327,07
;F25/77333;11/06/2025;9675;ELEKTRO-3, S.C.C.L.;222,87;46,8;222,87
;F25/93920;11/07/2025;9675;ELEKTRO-3, S.C.C.L.;218,21;45,82;218,21
;F250072;26/09/2025;2309;FLOORING MANAGEMENT S.L.;3260,74;684,76;3260,74
;F250079;10/07/2025;15302;ESTEBAN PAHISSA CORDON;360;75,6;360
;F250119;24/10/2025;15302;ESTEBAN PAHISSA CORDON;360;75,6;360
;F250215634;28/02/2025;19120;CORREOS EXPRES PAQUETERÍA URGENTE, S.A.;137,07;28,78;137,07
;F250314997;31/03/2025;19120;CORREOS EXPRES PAQUETERÍA URGENTE, S.A.;24,33;5,11;24,33
;F250414566;30/04/2025;19120;CORREOS EXPRES PAQUETERÍA URGENTE, S.A.;199,98;42;199,98
;F250514983;31/05/2025;19120;CORREOS EXPRES PAQUETERÍA URGENTE, S.A.;59,52;12,5;59,52
;F2506639;07/04/2025;4716;PRODUCTOS FLOWER S.A.;722,6;151,75;722,6
;F2508038;06/05/2025;4716;PRODUCTOS FLOWER S.A.;508,03;106,69;700,39
;F2510633;16/06/2025;4716;PRODUCTOS FLOWER S.A.;1479,43;310,68;1479,43
;F251112;10/01/2025;13992;FUTURELITE, S.L.;49,8;10,46;49,8
;F2512604;18/07/2025;4716;PRODUCTOS FLOWER S.A.;196,6;41,29;196,6
;F25DR00571;29/07/2025;8037;RIVISA IND. CERRAMIENTOS METALICOS, SA;1681,27;353,07;1681,27
;F25DR00603;29/08/2025;8037;RIVISA IND. CERRAMIENTOS METALICOS, SA;1156,01;242,76;1156,01
;F25DR00799;07/11/2025;8037;RIVISA IND. CERRAMIENTOS METALICOS, SA;1241,24;260,66;1241,24
;F26000007;01/09/2025;4716;PRODUCTOS FLOWER S.A.;693,63;145,66;693,63
;F5/100;02/06/2025;1645;BARBOSA, S.L.;-7,3;-1,53;-7,3
;F5M0001405;01/06/2025;13125;TELEFONICA MOVILES ESPAÑA, S.A.;328,39;68,96;328,39
;FA-0002708;31/05/2025;13084;INTER LLEIDA TRANS, S.A.;67,18;14,11;67,18
;FA1/022710;31/08/2025;3853;PLASTICOS FERRO, S.L.;251,14;52,74;251,14
;FA1/028983;31/10/2025;3853;PLASTICOS FERRO, S.L.;1221,52;256,52;1221,52
;FA25001316;30/11/2025;193;AD MASANES, S.A.;-45,28;-9,51;-45,28
;FA25002211;30/04/2025;5453;BRUC JARDI, S.L.U.;120,4;25,28;120,4
;FA25003725;30/06/2025;5453;BRUC JARDI, S.L.U.;178,92;37,57;178,92
;FA25012278;04/09/2025;5918;VERAVENT, S.L.;536,25;112,61;536,25
;FA25250464;15/02/2025;1931;JUAN CORTES S.L;204,94;43,04;204,94
;FA25251375;15/05/2025;1931;JUAN CORTES S.L;2433,1;510,95;2433,1
;FA25252138;15/07/2025;1931;JUAN CORTES S.L;2433,1;510,95;2433,1
;FAA250970;10/06/2025;1200;FABRICACIÓN ESPAÑOLA SANITARIA, S.A.;36,06;7,57;36,06
;FAC713629;15/07/2025;761;DUSCHOLUX IBERICA, S.A.;1068,39;224,36;1068,39
;FANR-2905;29/01/2025;6765;VISOBATH, SL;151,8;31,88;151,8
;E/25013463;07/10/2025;6717;COMERCIAL OJA, SLU;1784,73;374,79;1784,73
;E/25013908;15/10/2025;6717;COMERCIAL OJA, SLU;1100,77;231,16;1100,77
;E/25014630;29/10/2025;6717;COMERCIAL OJA, SLU;546,41;114,75;546,41
;E/25015902;21/11/2025;6717;COMERCIAL OJA, SLU;1270,17;266,74;1270,17
;E/25016545;30/11/2025;6717;COMERCIAL OJA, SLU;1968,02;413,28;1968,02
;E/25017217;12/12/2025;6717;COMERCIAL OJA, SLU;2038,5;428,09;2038,5
;E/25017690;19/12/2025;6717;COMERCIAL OJA, SLU;1016,38;213,44;1016,38
;E/25017908;23/12/2025;6717;COMERCIAL OJA, SLU;1022,58;214,74;1022,58
;E/25018061;26/12/2025;6717;COMERCIAL OJA, SLU;3045,91;639,64;3045,91
;E25000910;22/12/2025;5194;INOXPAN, S.L.;717,25;150,62;717,25
;E598403877;28/05/2025;18474;TELEFONICA DE ESPAÑA, S.A.;392,7;82,47;392,7
;E598403878;28/05/2025;18474;TELEFONICA DE ESPAÑA, S.A.;75,21;15,79;75,21
;E807674228;24/03/2025;8158;AKZO NOBEL COATINGS, S.L.;931,7;195,66;931,7
;E807676379;01/04/2025;8158;AKZO NOBEL COATINGS, S.L.;921,73;193,56;921,73
;E807688543;31/05/2025;8158;AKZO NOBEL COATINGS, S.L.;2232,66;468,86;2232,66
;E807691988;16/06/2025;8158;AKZO NOBEL COATINGS, S.L.;295,49;62,05;295,49
;E807702404;01/08/2025;8158;AKZO NOBEL COATINGS, S.L.;594,54;124,85;594,54
;E807706221;26/08/2025;8158;AKZO NOBEL COATINGS, S.L.;1108,51;232,79;1108,51
;E807706626;28/08/2025;8158;AKZO NOBEL COATINGS, S.L.;562,17;118,06;562,17
;E807710073;16/09/2025;8158;AKZO NOBEL COATINGS, S.L.;523,33;109,9;523,33
;E807710952;22/09/2025;8158;AKZO NOBEL COATINGS, S.L.;941,91;197,8;941,91
;E807714158;06/10/2025;8158;AKZO NOBEL COATINGS, S.L.;398,31;83,65;398,31
;E807716814;17/10/2025;8158;AKZO NOBEL COATINGS, S.L.;1452,98;305,13;1452,98
;E807719024;29/10/2025;8158;AKZO NOBEL COATINGS, S.L.;336,97;70,76;336,97
;EF36;24/02/2025;16845;CAMENGO ESPAÑA, S.L.;220;46,2;220
;F/25/0506;06/05/2025;9225;TIGRE 1945, S.L.;471,8;99,08;471,8
;F:25203625;29/10/2025;2748;GME DIVISION DE BA?OS SL;452,68;95,06;452,68
;F028022363;17/02/2025;11866;RODI ARAN, S.L.;421,35;88,48;421,35
;F-11317/25;25/09/2025;5211;MiKONOS MOSAIC, S.L.;491,33;103,18;491,33
;F161893;31/03/2025;15920;COORDONNÉ, S.L.;85,5;17,96;85,5
;F180243;29/08/2025;5920;COORDONNÉ, S.L.;112,06;23,54;112,06
;FV2250762;04/06/2025;8029;INDUSTRIAS MAS SALVADO Y SUC., S.L.;16,41;3,45;16,41
;FV2250768;05/06/2025;8029;INDUSTRIAS MAS SALVADO Y SUC., S.L.;1298,45;272,67;1298,45
;FV2251308;21/10/2025;8029;INDUSTRIAS MAS SALVADO Y SUC., S.L.;531,24;111,56;531,24
;FV2251654;15/12/2025;8029;INDUSTRIAS MAS SALVADO Y SUC., S.L.;2183,53;458,54;2183,53
;FV25/09687;21/05/2025;825;IDATERM, S.L.;56,21;11,8;56,21
;FV25/24022;25/11/2025;825;IDATERM, S.L.;199,44;41,88;199,44
;FV25001563;15/06/2025;2580;GLS CONSORCIO DEL HORMIGON, S.L.U.;143,2;30,07;143,2
;FV2500298;14/01/2025;3711;BRINOX S.A;326,5;68,57;326,5
;FV25-00378;13/01/2025;2905;OBREROL, S.A.;404,83;85,01;404,83
;FV25010707;13/01/2025;11627;JULIÀ GRUP FURNITURE SOLUTIONS, SL;1069,5;224,6;1069,5
;FV2501528;06/03/2025;5576;THERMOGREEN, S.L.;4584,48;962,74;4584,48
;FV2501659;26/02/2025;2441;ESTRELIZIA BATH, SL;191,04;40,12;191,04
;FV25-02679;28/02/2025;2905;OBREROL, S.A.;1820,52;382,31;1820,52
;FV25-02701;18/07/2025;9877;DECO, DISTRIBUCIÓ DE GUIX LAMINAT, S.L.;186,53;39,17;186,53
;FV25-03306;05/09/2025;9877;DECO, DISTRIBUCI? DE GUIX LAMINAT, S.L.;1218;255,78;1218
;FV25-03349;14/03/2025;2905;OBREROL, S.A.;28,36;5,96;28,36
;FV25038963;29/10/2025;4773;GARSACO IMPORT, S.L.;262,81;55,19;262,81
;FV25044179;26/11/2025;4773;GARSACO IMPORT, S.L.;238,9;50,17;238,9
;FV25044877;29/11/2025;4773;GARSACO IMPORT, S.L.;71,75;15,07;71,75
;FV25-04526;04/04/2025;2905;OBREROL, S.A.;256,87;53,94;256,87
;FV25-04935;28/04/2025;7690;GRIFERIAS GROBER, S.L.;381,32;80,08;381,32
;FV25-05955;20/05/2025;7690;GRIFERIAS GROBER, S.L.;72,64;15,25;72,64
;FV25-08837;27/06/2025;2905;OBREROL, S.A.;282,76;59,38;282,76
;FV25-11083;14/08/2025;2905;OBREROL, S.A.;133,89;28,12;133,89
;FV2511135;12/03/2025;5900;JUBA PERSONAL PROTECT. EQUIP.. S.L.;65,13;13,68;65,13
;FV25-11977;12/09/2025;2905;OBREROL, S.A.;1294,4;271,82;1294,4
;FV25-11978;12/09/2025;2905;OBREROL, S.A.;282,4;59,3;282,4
;FV25-12591;26/09/2025;2905;OBREROL, S.A.;1239,07;260,2;1239,07
;A000328104;31/03/2025;17970;SOLRED, S.A.;2046,84;429,83;2046,84
;A000714349;30/06/2025;17970;SOLRED, S.A.;2106,48;442,36;2106,48
;A030733422;09/06/2025;2030;NILFISK-ADVANCE, S.A.;-860,25;-180,65;-860,25
;A25/040294;03/03/2025;15191;NABALIA ENERGIA 2000, SA;-1083,07;-227,44;-1083,07
;A25000008;23/01/2025;12366;CONSTRUCCIONS DEL PIRINEU 2001, S.L.;735;154,35;735
;A250000156;31/03/2025;6004;MORTERO BENSEC SL;-2085;-437,85;-2085
;A25000080;30/04/2025;12366;CONSTRUCCIONS DEL PIRINEU 2001, S.L.;480;100,8;480
;A25000115;01/07/2025;12366;CONSTRUCCIONS DEL PIRINEU 2001, S.L.;660;138,6;660
;A25000168;15/09/2025;12366;CONSTRUCCIONS DEL PIRINEU 2001, S.L.;300;63;300
;A250013695;15/04/2025;7048;MAKITA, S.A.;-519,6;-109,12;-519,6
;A25005390;20/06/2025;5194;INOXPAN, S.L.;341,55;71,73;341,55
;A25006003;09/07/2025;5194;INOXPAN, S.L.;531,63;111,64;531,63
;A25006156;04/04/2025;144;JMA ALEJANDRO ALTUNA, S.L.;-148,91;-31,27;-148,91
;A25006788;07/08/2025;5194;INOXPAN, S.L.;386,1;81,08;386,1
;A25016996;18/09/2025;6701;VALVULAS ARCO, S.L.;2334,18;490,18;2334,18
;A250291;18/07/2025;9588;DUCASA CLIMA, S.A.;-190,53;-40,01;-190,53
;A250300094;17/03/2025;1235;COMERCIAL SANYC CES, S.L.;-55,55;-11,67;-55,55
;A-25035210;01/05/2025;18410;E-PORTS AMPLE DE BANDA I INTERNET, SL;94,88;19,92;94,88
;A25-054;31/10/2025;14659;RAIMUNDO DIGON SANTIN;1300;273;1300
;FANR-30493;15/09/2025;6765;VISOBATH, SL;168,33;35,35;168,33
;FANR-38123;12/11/2025;6765;VISOBATH, SL;262,77;55,18;262,77
;FC250667;24/03/2025;9200;AUBRY GASPARD;1506,32;316,33;1506,32
;FCAR361237;15/06/2025;5186;ELECTRO-TARR 2017, S.L.;274,26;57,59;274,26
;FCR2500044;16/01/2025;6550;DECOPINTURES LLEIDA, SL;98,39;20,66;98,39
;FE339;31/07/2025;11262;TERESA PARISI DAVIU;67,04;14,08;67,04
;FKP/14722;05/12/2025;7848;SOCIEDAD ANONIMA KP;429,08;90,11;429,08
;FKP/14837;10/12/2025;7848;SOCIEDAD ANONIMA KP;469,28;98,55;469,28
;FLD85985;05/08/2025;13547;BNP PARIBAS LEASE GROUP, S.A.;141,8;29,77;141,8
;FLE96230;01/10/2025;13547;BNP PARIBAS LEASE GROUP, S.A.;141,8;29,77;141,8
;FLG10447;01/12/2025;13547;BNP PARIBAS LEASE GROUP, S.A.;141,8;29,77;141,8
;FN25006375;22/04/2025;6065;MONTANA COLORS, S.L.;213,4;44,81;213,4
;FR22507617;02/09/2025;197;FONTINI;816,72;171,51;816,72
;FR25000317;28/02/2025;6717;COMERCIAL OJA, SLU;-257,23;-54,02;-257,23
;FR25001721;30/11/2025;6717;COMERCIAL OJA, SLU;-91,08;-19,13;-91,08
;FTF-13085;28/02/2025;9355;AGHASA TURIS, S.A.;1435,54;301,46;1435,54
;FTF-19106;15/06/2025;9355;AGHASA TURIS, S.A.;478,41;100,47;478,41
;FTF-22896;31/08/2025;9355;AGHASA TURIS, S.A.;3493,97;733,73;3638,13
;FTF-24644;30/09/2025;9355;AGHASA TURIS, S.A.;2692,31;565,39;2692,31
;FV/142025;03/03/2025;15098;CAROLINA JUANES GINER, SL;1188,98;249,69;1188,98
;F-V/17961;31/01/2025;9077;RETAMERO ELECTROTALLER, SLU;135,9;28,54;135,9
;F-V/20479;30/03/2025;20184;APARELECT - REVALCO;5887,91;1236,46;5887,91
;F-V/216605;17/02/2025;5959;LUZ NEGRA, S.L;1007,82;211,64;1007,82
;FV-038953;15/03/2025;6230;LOFES 90, S.L.;1452,61;305,05;1452,61
;FV-040654;05/05/2025;6230;LOFES 90, S.L.;369,34;77,56;369,34
;FV-041422;31/05/2025;6230;LOFES 90, S.L.;323,3;67,89;323,3
;FV-042609;05/07/2025;6230;LOFES 90, S.L.;733,48;154,03;733,48
;FV-043151;20/07/2025;6230;LOFES 90, S.L.;61;12,81;61
;FV-043821;15/08/2025;6230;LOFES 90, S.L.;817,48;171,67;817,48
;FV-043970;20/08/2025;6230;LOFES 90, S.L.;384,69;80,78;384,69
;FV-044798;25/09/2025;6230;LOFES 90, S.L. (MUSSOL);33,92;7,12;33,92
;FV-046265;10/11/2025;6230;LOFES 90, S.L. (MUSSOL);879,75;184,75;879,75
;FV-046368;15/11/2025;6230;LOFES 90, S.L. (MUSSOL);741,52;155,72;741,52
;FV-046932;28/11/2025;6230;LOFES 90, S.L. (MUSSOL);834,93;175,34;834,93
;FV1052;15/09/2025;6364;VIGAS COSME, S.L.;635,95;133,55;635,95
;FV1222;15/10/2025;6364;VIGAS COSME, S.L.;1173,19;246,37;1173,19
;FV1450;30/11/2025;6364;VIGAS COSME, S.L.;795,13;166,98;795,13
;FV172;15/02/2025;6364;VIGAS COSME, S.L.;1111,82;233,48;1111,82
;PE25001951;14/02/2025;6717;COMERCIAL OJA, SLU;163,37;34,31;163,37
;PE2500993;10/07/2025;6717;COMERCIAL OJA, SLU;2039,89;428,38;2039,89
;PE25011061;12/08/2025;6717;COMERCIAL OJA, SLU;1905,58;400,17;1905,58
;PV283344;23/05/2025;6758;ORKLI S.COOP.;1886,86;396,24;1886,86
;R/2500061;30/01/2025;8438;DINAK, S.A.;295,35;62,02;295,35
;R/2500363;19/05/2025;8438;DINAK, S.A.;23,68;4,97;23,68
;R/2500366;19/05/2025;8438;DINAK, S.A.;45,79;9,62;45,79
;R/2500406;30/05/2025;8438;DINAK, S.A.;995,88;209,13;995,88
;R/2500439;15/06/2025;8438;DINAK, S.A.;144,77;30,4;144,77
;R/2500557;23/07/2025;8438;DINAK, S.A.;118,55;24,9;118,55
;R107996;02/01/2025;19173;IRPEN, S.A.U.;-58,5;-12,29;-58,5
;R-22536387;17/09/2025;7494;GRUPODESA FASTENERS, S.A.U.;143,15;30,06;143,15
;R-22537692;26/09/2025;7494;GRUPODESA FASTENERS, S.A.U.;300,31;63,07;300,31
;R-22538592;01/10/2025;7494;GRUPODESA FASTENERS, S.A.U.;93,8;19,7;93,8
;R-22543599;03/11/2025;7494;GRUPODESA FASTENERS, S.A.U.;243,5;51,14;243,5
;R-22545976;18/11/2025;7494;GRUPODESA FASTENERS, S.A.U.;198,68;41,72;198,68
;R-22548215;02/12/2025;7494;GRUPODESA FASTENERS, S.A.U.;334,17;70,18;334,17
;R25-018853;29/10/2025;841;SOC.ANON.SERVEI I COMER? ELECTRODOMESTIC;2394,28;502,8;2394,28
;RA81003800;12/06/2025;1921;LIEBHERR IBERICA, S.L.;1105,5;232,16;1105,5
;RAP2500141;18/02/2025;17259;TECNONOLOGIA DE AISLAM. Y CLIMAT., S.L.;-156,71;-32,91;-156,71
;SAB00008;18/03/2025;13935;PUERTAS Y AUTOMATISMOS ROPER SL;-1,96;-0,41;-1,96
;V028025753;21/08/2025;11866;RODI ARAN, S.L.;46,01;9,66;46,01
;-3359;28/11/2025;2007;EDILKAMIN IBERICA, S.L.;51;10,71;51
;VF25011852;16/01/2025;6463;ESTANTERIAS SIMON,S.L.;102,11;21,44;102,11
;VR-0028358;16/12/2025;3441;ALFA DYSER, S.L.;-145,85;-30,63;-145,85
;VR-0069845;30/09/2025;3441;ALFA DYSER, S.L.;8139,71;1709,34;8139,71
;VR25-02919;17/09/2025;841;SOC.ANON.SERVEI I COMER? ELECTRODOMESTIC;-254,85;-53,52;-254,85
;ZA-2501058;04/03/2025;5036;IMER DISTRIBUCION DE MAQUINARIA, S.A.;38,99;8,19;38,99
;ZA-2501583;31/03/2025;5036;IMER DISTRIBUCION DE MAQUINARIA, S.A.;29,93;6,29;29,93
;ZA-2502465;28/05/2025;5036;IMER DISTRIBUCION DE MAQUINARIA, S.A.;106,72;22,41;106,72
;ZA-2502573;29/05/2025;5036;IMER DISTRIBUCION DE MAQUINARIA, S.A.;100,71;21,15;100,71
;ZA-2502757;11/06/2025;5036;IMER DISTRIBUCION DE MAQUINARIA, S.A.;45,36;9,53;45,36
;ZA-2503208;30/06/2025;5036;IMER DISTRIBUCION DE MAQUINARIA, S.A.;33,7;7,08;33,7
;15532204;19/03/2025;18189;RENFE VIAJEROS S.M.E, SA;34,09;3,41;34,09
;15532205;19/03/2025;18189;RENFE VIAJEROS S.M.E, SA;34,09;3,41;34,09
;15532206;19/03/2025;18189;RENFE VIAJEROS S.M.E, SA;34,09;3,41;34,09
;15532208;19/03/2025;18189;RENFE VIAJEROS S.M.E, SA;44,55;4,45;44,55
;15532209;19/03/2025;18189;RENFE VIAJEROS S.M.E, SA;44,55;4,45;44,55
;15652468;11/04/2025;18189;RENFE VIAJEROS S.M.E, SA;40,91;4,09;40,91
;15652469;11/04/2025;18189;RENFE VIAJEROS S.M.E, SA;40,91;4,09;40,91
;15652477;11/04/2025;18189;RENFE VIAJEROS S.M.E, SA;40,91;4,09;40,91
;A-25058505;01/08/2025;18410;E-PORTS AMPLE DE BANDA I INTERNET, SL;94,88;19,92;94,88
;A-25073508;01/10/2025;18410;E-PORTS AMPLE DE BANDA I INTERNET, SL;94,88;19,92;94,88
;A-25088786;01/12/2025;18410;E-PORTS AMPLE DE BANDA I INTERNET, SL;94,88;19,92;94,88
;A252.611;15/04/2025;4402;INDUSTRIAL BLANSOL, SA;1800,86;378,18;1800,86
;A252.641;16/04/2025;4402;INDUSTRIAL BLANSOL, SA;1247,54;261,98;1247,54
;A252.851;29/04/2025;4402;INDUSTRIAL BLANSOL, SA;589,42;123,78;589,42
;A254.560;04/07/2025;4402;INDUSTRIAL BLANSOL, SA;399,48;83,89;399,48
;A25404979;27/08/2025;9813;BIGMAT IBERIA, S.A.;-301,74;-63,37;-301,74
;A255.092;23/07/2025;4402;INDUSTRIAL BLANSOL, SA;1412,33;296,59;1412,33
;A256.449;25/09/2025;4402;INDUSTRIAL BLANSOL, SA;691,24;145,16;691,24
;25036583;19/12/2025;11003;COMERCIAL PINAMAS, S.L.;222,54;8,9;3382,13
;504200289;15/03/2025;12342;SERV ELIT 06, SL;154,84;32,52;154,84
;504201193;15/02/2025;361;GERSAL, S.A.;149,24;31,34;149,24
;507254;21/05/2025;4709;GENEXIA DISTRIBUCIONES, S.L.;163,2;34,27;163,2
;508100112;17/01/2025;228;CLIMA-AINÉ, SCCL;517,1;108,59;517,1
;508100295;01/02/2025;10228;CLIMA-AINÉ, SCCL;1200;252;1200
;508201005;06/02/2025;9524;FITTINGS ESTANDAR, SL;107,33;22,54;107,33
;5-12-00263;19/12/2025;6911;HISPANO ITALIANA DE REVESTIMIENTOS, SA;69,51;14,6;69,51
;512469;11/08/2025;4709;GENEXIA DISTRIBUCIONES, S.L.;273,6;57,46;273,6
;51341;30/09/2025;4631;SUIMCO MATERIALES, S.L.L.;2173,04;456,34;2173,04
;513554;03/09/2025;2803;COLORBAN DESIGN 2015, S.L.;229,2;48,13;229,2
;514300;19/09/2025;2803;COLORBAN DESIGN 2015, S.L.;102,6;21,55;102,6
;5145080125;08/01/2025;10013;BANCO SANTANDER, S.A.;9,87;2,07;9,87
;514949;01/10/2025;2803;COLORBAN DESIGN 2015, S.L.;596,4;125,24;596,4
;515755;21/10/2025;2803;COLORBAN DESIGN 2015, S.L.;1069,8;224,66;1069,8
;517735;27/11/2025;2803;COLORBAN DESIGN 2015, S.L.;279,6;58,72;279,6
;519161;23/12/2025;2803;COLORBAN DESIGN 2015, S.L.;153,6;32,26;153,6
;520261505;11/12/2025;1928;SOLER   PALAU SIST. DE VENTILACI?N,S.L.U;458,18;96,22;458,18
;5204021;18/06/2025;7918;DERIVADOS ASFALTICOS NORMALIZADOS, S.A.;173,75;36,49;173,75
;520658245;19/05/2025;666;FISCHER IBERICA, S.A.U.;204,3;42,91;204,3
;520664338;12/06/2025;666;FISCHER IBERICA, S.A.U.;434,25;91,19;434,25
;520685136;18/09/2025;666;FISCHER IBERICA, S.A.U.;1156,38;242,84;1156,38
;5208031;23/07/2025;7918;DERIVADOS ASFALTICOS NORMALIZADOS, S.A.;169,23;35,54;169,23
;5250049216;05/11/2025;2748;GME DIVISION DE BA?OS SL;189,58;39,81;189,58
;5256030210;03/11/2025;2748;GME DIVISION DE BA?OS SL;211,69;44,45;211,69
;530;30/09/2025;11262;TERESA PARISI DAVIU;47,29;9,93;47,29
;540;24/11/2025;6277;MARMOLES ROYES, S.C.;1332;279,72;1332
;5-40025428;04/09/2025;4708;BIGMAT LOGISTICA, S.A.;7158,12;1503,21;7158,12
;5-40028164;02/10/2025;4708;BIGMAT LOGISTICA, S.A.;5509,66;1157,03;5509,66
;5-40030361;23/10/2025;4708;BIGMAT LOGISTICA, S.A.;5582,53;1172,33;5582,53
;5-40031252;31/10/2025;4708;BIGMAT LOGISTICA, S.A.;5588,71;1173,63;5588,71
;5-40034383;01/12/2025;4708;BIGMAT LOGISTICA, S.A.;814,39;171,02;814,39
;5-40035154;09/12/2025;4708;BIGMAT LOGISTICA, S.A.;543,47;114,13;543,47
;5-40036087;19/12/2025;4708;BIGMAT LOGISTICA, S.A.;3342,78;701,98;3342,78
;5-40036396;25/12/2025;4708;BIGMAT LOGISTICA, S.A.;4678,09;982,4;4678,09
;5-50000279;02/10/2025;14708;BIGMAT LOGISTICA, S.A.;-10,12;-2,13;-10,12
;5-50004320;03/09/2025;14708;BIGMAT LOGISTICA, S.A.;421;88,41;421
;5-50005588;06/11/2025;14708;BIGMAT LOGISTICA, S.A.;2260,56;474,72;2260,56
;F25/019461;31/05/2025;5499;CATALONIA CERAMIC, S.A.;527,4;110,75;527,4
;F25/033918;29/09/2025;5499;CATALONIA CERAMIC, S.A.;2643,6;555,16;2643,6
;F25/037374;27/10/2025;5499;CATALONIA CERAMIC, S.A.;46,4;9,74;46,4
;F25/039003;31/10/2025;5499;CATALONIA CERAMIC, S.A.;4746,6;996,79;4746,6
;F25/103381;31/07/2025;9675;ELEKTRO-3, S.C.C.L.;3417,76;717,73;3417,76
;F25/127987;30/09/2025;9675;ELEKTRO-3, S.C.C.L.;2372,58;498,24;2372,58
;F25/139953;22/10/2025;9675;ELEKTRO-3, S.C.C.L.;225,55;47,37;225,55
;F25/16712;06/02/2025;9675;ELEKTRO-3, S.C.C.L.;221,91;46,6;221,91
;F25/54135;30/04/2025;9675;ELEKTRO-3, S.C.C.L.;2369,07;497,5;2369,07
;F25/66263;21/05/2025;9675;ELEKTRO-3, S.C.C.L.;202,59;42,54;202,59
;F25000664;05/06/2025;3160;LACUNZA, S.A.;1312,55;275,64;1312,55
;F250032;16/05/2025;2309;FLOORING MANAGEMENT S.L.;25618,62;5379,91;25618,62
;F250079;04/11/2025;2309;FLOORING MANAGEMENT S.L.;587,79;123,44;587,79
;F250615183;30/06/2025;19120;CORREOS EXPRES PAQUETERÍA URGENTE, S.A.;74,67;15,68;74,67
;F250915105;30/09/2025;19120;CORREOS EXPRES PAQUETER?A URGENTE, S.A.;33,1;6,95;33,1
;F251015524;31/10/2025;19120;CORREOS EXPRES PAQUETER?A URGENTE, S.A.;91,97;19,31;91,97
;F251115059;30/11/2025;19120;CORREOS EXPRES PAQUETERÍA URGENTE, S.A.;53,33;11,2;53,33
;F2512056;09/07/2025;4716;PRODUCTOS FLOWER S.A.;379,22;79,64;502,14
;F251215747;31/12/2025;19120;CORREOS EXPRES PAQUETERÍA URGENTE, S.A.;158,58;33,3;158,58
;F25-305544;15/01/2025;17629;PREVENACTIVA, S.L.U.;437,25;91,82;709,74
;F25-319198;01/04/2025;17629;PREVENACTIVA, S.L.U.;437,25;91,82;709,74
;F25DR00164;13/03/2025;8037;RIVISA IND. CERRAMIENTOS METALICOS, SA;869,4;182,57;869,4
;F25DR00390;30/05/2025;8037;RIVISA IND. CERRAMIENTOS METALICOS, SA;339,64;71,32;339,64
;F598403861;28/06/2025;18474;TELEFONICA DE ESPAÑA, S.A.;392,7;82,47;392,7
;FA1/011059;30/04/2025;3853;PLASTICOS FERRO, S.L.;1507,88;316,65;1507,88
;FA25002995;31/05/2025;5453;BRUC JARDI, S.L.U.;209,56;44,01;209,56
;FA25251095;15/04/2025;1931;JUAN CORTES S.L;220,63;46,33;220,63
;FAC711488;31/05/2025;761;DUSCHOLUX IBERICA, S.A.;42,15;8,85;42,15
;FV253582;24/01/2025;5900;JUBA PERSONAL PROTECT. EQUIP.. S.L.;221,55;46,53;221,55
;FV2543785;30/10/2025;5900;JUBA PERSONAL PROTECT. EQUIP.. S.L.;340,11;71,42;340,11
;FV456298;07/03/2025;368;ARREGUI BUZONES Y SISTEMAS DE SEGURIDAD;84,25;17,69;84,25
;FV459311;04/04/2025;368;ARREGUI BUZONES Y SISTEMAS DE SEGURIDAD;290,18;60,94;290,18
;FV977;31/08/2025;6364;VIGAS COSME, S.L.;62,29;13,08;62,29
;FVA2500509;31/10/2025;7367;CORTISA, S.L.;214,01;44,94;214,01
;FVD-003128;28/02/2025;6230;LOFES 90, S.L.;-5466,95;-1148,06;-5466,95
;G/27;03/09/2025;17765;GHEORGHE EMIL IONUT;2780;583,8;2780
;G250012658;17/03/2025;2748;GME DIVISION DE BAÑOS SL;271,94;57,11;271,94
;GEN/7160;10/11/2025;6084;ANDREU BARBERA, S.L.;115,25;24,2;115,25
;H598403828;28/08/2025;18474;TELEFONICA DE ESPAÑA, S.A.;75,21;15,79;75,21
;IVA;27/10/2025;5427;CUPA PIZARRAS S.A;10055,42;2111,64;10055,42
;K5M0001202;01/11/2025;13125;TELEFONICA MOVILES ESPAÑA, S.A.;357,17;75;357,17
;L.25003890;17/10/2025;5082;DELTA COCINAS, S.L.;2927,7;614,82;2927,7
;L.25004027;24/10/2025;5082;DELTA COCINAS, S.L.;4084,65;857,78;4084,65
;L.25004341;14/11/2025;5082;DELTA COCINAS, S.L.;230,5;48,41;230,5
;L25000041;17/01/2025;5082;DELTA COCINAS, S.L.;6482,2;1361,26;6482,2
;L25001108;04/04/2025;5082;DELTA COCINAS, S.L.;221,48;46,51;221,48
;L25002753;18/07/2025;5082;DELTA COCINAS, S.L.;6608,58;1387,8;6608,58
;L25003163;06/08/2025;5082;DELTA COCINAS, S.L.;98,96;20,78;98,96
;L5M0000813;01/12/2025;13125;TELEFONICA MOVILES ESPAÑA, S.A.;447,72;94,02;447,72
;LCZ25423;12/10/2025;17550;LA CONSULTA ZINGULAR, SL;150;31,5;150
;LPDC-4.617;22/09/2025;2980;ALPEX, S.A.;8,44;1,77;8,44
;LPEX-4.287;31/08/2025;2980;ALPEX, S.A.;351,23;73,76;351,23
;LPEX-4.745;30/09/2025;2980;ALPEX, S.A.;983,7;206,58;983,7
;LPEX-5.633;21/11/2025;2980;ALPEX, S.A.;21,23;4,46;21,23
;M1554;31/05/2025;9452;ARENES BELLPUIG, S.L.;387,38;81,35;387,38
;M2059;15/07/2025;9452;ARENES BELLPUIG, S.L.;-20,15;-4,23;-20,15
;M2379;15/08/2025;9452;ARENES BELLPUIG, S.L.;942,56;197,94;942,56
;M2981;15/10/2025;9452;ARENES BELLPUIG, S.L.;841,42;176,7;841,42
;M3151;31/10/2025;9452;ARENES BELLPUIG, S.L.;383,9;80,62;383,9
;MA25014303;31/05/2025;193;AD MASANES, S.A.;84,34;17,71;84,34
;N015172827;01/04/2025;18077;ENDESA ENERGIA, SA;190,11;39,92;190,11
;N022465964;10/05/2025;18077;ENDESA ENERGIA, SA;1987,53;417,38;1987,53
;N032071212;07/07/2025;18077;ENDESA ENERGIA, SA;1425,12;299,28;1425,12
;N036369862;05/08/2025;18077;ENDESA ENERGIA, SA;1733,29;363,99;1733,29
;N040665522;29/08/2025;18077;ENDESA ENERGIA, SA;159,79;33,56;159,79
;N048467674;16/10/2025;18077;ENDESA ENERGIA, SA;1530,32;321,37;1530,32
;N048467675;23/10/2025;18077;ENDESA ENERGIA, SA;513,17;107,77;513,17
;N050149167;26/10/2025;18077;ENDESA ENERGIA, SA;165,99;34,86;165,99
;N057960755;17/12/2025;18077;ENDESA ENERGIA, SA;966,34;202,93;966,34
;N058349688;18/12/2025;18077;ENDESA ENERGIA, SA;1653,15;347,16;1653,15
;N25/005971;14/08/2025;4180;REALONDA, S.A.;35,21;7,39;35,21
;N491387;25/11/2025;9173;IRPEN, S.A.U.;289,9;60,88;289,9
;NA_190391;09/10/2025;2056;ULMA HORMIGON POLIMERO, S. Coop,;1007,04;211,48;1007,04
;NA_193018;09/12/2025;2056;ULMA HORMIGON POLIMERO, S. Coop,;143,18;30,07;143,18
;NA10.589;31/08/2025;1173;MANILLONS TORRENT SL;50,88;10,68;50,88
;NA13.493;31/10/2025;1173;MANILLONS TORRENT SL;295,42;62,04;295,42
;NA15.670;15/12/2025;1173;MANILLONS TORRENT SL;166,86;35,04;166,86
;NA191936;13/11/2025;2056;ULMA HORMIGON POLIMERO, S. Coop,;772,85;162,3;772,85
;NA5.114;30/04/2025;1173;MANILLONS TORRENT SL;12,04;2,53;12,04
;NA7.911;30/06/2025;1173;MANILLONS TORRENT SL;43,77;9,19;43,77
;NC00051701;27/03/2025;18077;ENDESA ENERGIA, SA;10,66;2,24;10,66
;NC00073895;23/06/2025;18077;ENDESA ENERGIA, SA;13,39;2,81;13,39
;NC00075182;04/06/2025;18077;ENDESA ENERGIA, SA;9,95;2,09;9,95
;NC00090208;03/07/2025;18077;ENDESA ENERGIA, SA;9,95;2,09;9,95
;NC00090930;07/07/2025;18077;ENDESA ENERGIA, SA;25;5,25;25
;NC00106442;05/08/2025;18077;ENDESA ENERGIA, SA;25;5,25;25
;NC00123640;08/08/2025;18077;ENDESA ENERGIA, SA;25;5,25;25
;NC00157375;08/10/2025;18077;ENDESA ENERGIA, SA;13,39;2,81;13,39
;NC00172493;29/11/2025;18077;ENDESA ENERGIA, SA;13,39;2,81;13,39
;ORDEN-14;21/05/2025;2980;ALPEX, S.A.;93,49;19,63;93,49
;ORIGINAL;15/09/2025;1034;OTM SISTEMAS CONSTRUCTIVOS, S.L.U.;356,65;74,9;356,65
;15652478;11/04/2025;18189;RENFE VIAJEROS S.M.E, SA;40,91;4,09;40,91
;15652479;11/04/2025;18189;RENFE VIAJEROS S.M.E, SA;40,91;4,09;40,91
;15652523;11/04/2025;18189;RENFE VIAJEROS S.M.E, SA;40,91;4,09;40,91
;15652526;11/04/2025;18189;RENFE VIAJEROS S.M.E, SA;40,91;4,09;40,91
;15652527;11/04/2025;18189;RENFE VIAJEROS S.M.E, SA;40,91;4,09;40,91
;15652529;11/04/2025;18189;RENFE VIAJEROS S.M.E, SA;40,91;4,09;40,91
;15652531;11/04/2025;18189;RENFE VIAJEROS S.M.E, SA;40,91;4,09;40,91
;2025/460;04/04/2025;9290;PAMBE NATURAL GROUP, S.L.;336;33,6;336
;2025-041;17/10/2025;16165;DANA CATALINA CIOBANU TANASE;104,45;10,45;104,45
;20253794;10/10/2025;1408;PROFESIONAL DE SUMINISTROS, S.A;100,12;10,01;799,31
;24-023504;15/01/2025;841;SOC.ANON.SERVEI I COMERÇ ELECTRODOMESTIC;35,55;3,56;1609,35
;25/4545;22/09/2025;13151;ARANDIS 2000 SL;99;9,9;945,82
;2500128443;08/04/2025;4813;EHLIS, S.A.;37,5;3,75;286,5
;25016980;25/08/2025;16742;CENTUR, SL;4,8;0,48;4,8
;25016983;25/08/2025;16742;CENTUR, SL;535,93;53,59;535,93
;25-022076;03/12/2025;841;SOC.ANON.SERVEI I COMERÇ ELECTRODOMESTIC;36;3,6;3390,3
;FAC712106;15/06/2025;761;DUSCHOLUX IBERICA, S.A.;901,86;189,39;901,86
;FANR-25440;24/07/2025;6765;VISOBATH, SL;193,23;40,58;193,23
;FAR39.486;31/05/2025;10761;DUSCHOLUX IBERICA, S.A.;-2,11;-0,44;-2,11
;FCAR364001;15/08/2025;5186;ELECTRO-TARR 2017, S.L.;155,76;32,71;155,76
;FE166;31/05/2025;11262;TERESA PARISI DAVIU;8,37;1,76;8,37
;FE248;30/06/2025;11262;TERESA PARISI DAVIU;82,75;17,38;82,75
;FE7665;31/01/2025;14374;HUGUET HUGUET, JAUME;22,62;4,75;22,62
;FER159;20/02/2025;2171;INYERASP, S.L.;19,8;4,16;19,8
;FKP/15059;16/12/2025;7848;SOCIEDAD ANONIMA KP;31,08;6,53;31,08
;FKP/2505;28/02/2025;13500;SOCIEDAD ANONIMA KP;5;1,05;5
;FKP/4702;09/04/2025;13500;SOCIEDAD ANONIMA KP;25;5,25;25
;FKP/6714;26/05/2025;13500;SOCIEDAD ANONIMA KP;23,59;4,95;23,59
;FLB85509;05/04/2025;13547;BNP PARIBAS LEASE GROUP, S.A.;160,57;33,72;160,57
;FLE53225;01/09/2025;13547;BNP PARIBAS LEASE GROUP, S.A.;141,8;29,77;141,8
;FN25004815;27/03/2025;6065;MONTANA COLORS, S.L.;222,54;46,73;222,54
;FR22510041;17/11/2025;197;FONTINI;454,4;95,42;454,4
;FR25001424;14/10/2025;6717;COMERCIAL OJA, SLU;-772,18;-162,16;-772,18
;FTF-12181;15/02/2025;9355;AGHASA TURIS, S.A.;1683,66;353,57;1784,57
;FTF-13961;15/03/2025;9355;AGHASA TURIS, S.A.;440,15;92,43;440,15
;FTF-13962;15/03/2025;9355;AGHASA TURIS, S.A.;2338,74;491,14;2338,74
;FTF-14823;31/03/2025;9355;AGHASA TURIS, S.A.;1246,29;261,72;1246,29
;FTF-17368;15/05/2025;9355;AGHASA TURIS, S.A.;1280,86;268,98;1280,86
;FTF-18227;31/05/2025;9355;AGHASA TURIS, S.A.;2674,01;561,54;2674,01
;FTF-27461;15/11/2025;9355;AGHASA TURIS, S.A.;2425,96;509,45;2425,96
;FTS/1105;28/02/2025;909;SCRIGNO ESPAÑA, S.L.;202;42,42;202
;F-V/18108;31/03/2025;9077;RETAMERO ELECTROTALLER, SLU;261,24;54,86;261,24
;F-V/18427;31/07/2025;9077;RETAMERO ELECTROTALLER, SLU;140,51;29,51;140,51
;F-V/18764;28/11/2025;9077;RETAMERO ELECTROTALLER, SLU;39,17;8,23;39,17
;FV-039357;25/03/2025;6230;LOFES 90, S.L.;433,09;90,95;433,09
;FV-039358;25/03/2025;6230;LOFES 90, S.L.;401,13;84,24;401,13
;FV-039899;10/04/2025;6230;LOFES 90, S.L.;284,67;59,78;284,67
;FV-040293;20/04/2025;6230;LOFES 90, S.L.;336,86;70,74;336,86
;FV-041963;15/06/2025;6230;LOFES 90, S.L.;449,08;94,31;449,08
;FV-043539;31/07/2025;6230;LOFES 90, S.L.;1127,9;236,86;1127,9
;FV-044578;20/09/2025;6230;LOFES 90, S.L. (MUSSOL);3076,75;646,12;3076,75
;FV-045238;10/10/2025;6230;LOFES 90, S.L. (MUSSOL);5808,27;1219,74;5808,27
;FV-045762;25/10/2025;6230;LOFES 90, S.L. (MUSSOL);19,56;4,11;19,56
;FV-047510;23/12/2025;6230;LOFES 90, S.L. (MUSSOL);784,54;164,75;784,54
;PE25000726;21/01/2025;6717;COMERCIAL OJA, SLU;617,43;129,66;617,43
;PE25002036;18/02/2025;6717;COMERCIAL OJA, SLU;194,4;40,82;194,4
;PE25002247;20/02/2025;6717;COMERCIAL OJA, SLU;211,19;44,35;211,19
;PE25003460;19/03/2025;6717;COMERCIAL OJA, SLU;2341,27;491,67;2341,27
;PE25003683;21/03/2025;6717;COMERCIAL OJA, SLU;922,4;193,7;922,4
;PE25004845;11/04/2025;6717;COMERCIAL OJA, SLU;318,45;66,87;318,45
;PE25005665;30/04/2025;6717;COMERCIAL OJA, SLU;397,76;83,53;397,76
;PE25008897;30/06/2025;6717;COMERCIAL OJA, SLU;1530,78;321,46;1530,78
;PE25011531;26/08/2025;6717;COMERCIAL OJA, SLU;213,08;44,75;213,08
;PV288919;14/11/2025;6758;ORKLI S.COOP.;591,19;124,15;591,19
;PV290226;17/12/2025;6758;ORKLI S.COOP.;703,45;147,72;703,45
;R/25001425;14/10/2025;16717;COMERCIAL OJA, SLU;-138,4;-29,06;-138,4
;R/2500154;03/03/2025;8438;DINAK, S.A.;890,14;186,93;890,14
;R/2500209;25/03/2025;8438;DINAK, S.A.;512,32;107,59;512,32
;R/2500291;25/04/2025;8438;DINAK, S.A.;819,39;172,07;819,39
;R/2500479;30/06/2025;8438;DINAK, S.A.;603;126,63;603
;R/2500533;18/07/2025;8438;DINAK, S.A.;1264,73;265,59;1264,73
;R/2500651;29/08/2025;8438;DINAK, S.A.;2241,95;470,81;2241,95
;R/2500841;30/10/2025;8438;DINAK, S.A.;148,62;31,21;148,62
;R/2500853;03/11/2025;8438;DINAK, S.A.;1048,55;220,2;1048,55
;R-22540901;16/10/2025;7494;GRUPODESA FASTENERS, S.A.U.;177,25;37,22;177,25
;R-22541062;17/10/2025;7494;GRUPODESA FASTENERS, S.A.U.;173,18;36,37;173,18
;R-22541882;23/10/2025;7494;GRUPODESA FASTENERS, S.A.U.;112,05;23,53;112,05
;R-22545272;13/11/2025;7494;GRUPODESA FASTENERS, S.A.U.;267,93;56,27;267,93
;R-22551425;29/12/2025;7494;GRUPODESA FASTENERS, S.A.U.;164,54;34,55;164,54
;R-250005;27/01/2025;15576;THERMOGREEN, S.L.;-763,86;-160,41;-763,86
;R25-024267;24/12/2025;841;SOC.ANON.SERVEI I COMER? ELECTRODOMESTIC;1499,73;314,94;1499,73
;S000057050;11/07/2025;4029;SAS PREFABRICADOS DE HORMIGON, S.A.;60,48;12,7;60,48
;SA31;14/08/2025;11927;GABRIEL CHELARU;2650;556,5;2650
;SA6;13/02/2025;11927;GABRIEL CHELARU;3112,5;653,63;3112,5
;U/12528141;15/12/2025;1201;KERABEN GRUPO, S.A.;159,66;33,53;159,66
;V028026277;15/09/2025;11866;RODI ARAN, S.L.;336,2;70,6;336,2
;-2665;17/10/2025;2007;EDILKAMIN IBERICA, S.L.;98;20,58;98
;-2783;24/10/2025;2007;EDILKAMIN IBERICA, S.L.;2777,71;583,32;2777,71
;-2886;31/10/2025;2007;EDILKAMIN IBERICA, S.L.;269;56,49;269
;-2976;07/11/2025;2007;EDILKAMIN IBERICA, S.L.;88,2;18,52;88,2
;-3226;21/11/2025;2007;EDILKAMIN IBERICA, S.L.;224,4;47,12;224,4
;V-25-14217;11/12/2025;7690;GRIFERIAS GROBER, S.L.;22,11;4,64;22,11
;V25-257232;11/09/2025;9206;AYERBE INDUSTRIAL DE MOTORES, S.A.;2218,39;465,86;2218,39
;VR-0022905;13/10/2025;3441;ALFA DYSER, S.L.;-19,72;-4,14;-19,72
;VR-0087833;28/11/2025;3441;ALFA DYSER, S.L.;5826,15;1223,49;5826,15
;VR-0095807;31/12/2025;3441;ALFA DYSER, S.L.;9606,59;2017,38;9606,59
;Y01373;30/12/2025;9956;ASTORGANA DE PUBLICIDAD,SL;181,17;38,05;181,17
;25-300668;22/08/2025;19813;BIGMAT IBERIA, S.A.;215;21,5;215
;29477;30/04/2025;12530;ALQUILER VENTA MAQUINA ARAN RIBAGORZA SL;288,81;28,88;288,81
;29737;30/09/2025;12530;ALQUILER VENTA MAQUINA ARAN RIBAGORZA SL;254,4;25,44;254,4
;DEISH25002;01/02/2025;10011;CONSELH GENERAU D'ARAN;65,04;6,5;65,04
;DEISH25566;04/12/2025;10011;CONSELH GENERAU D ARAN;24,86;2,49;24,86
;F2508038;06/05/2025;4716;PRODUCTOS FLOWER S.A.;192,36;19,24;700,39
;FTF-22896;31/08/2025;9355;AGHASA TURIS, S.A.;144,16;14,42;3638,13
;85986251;04/03/2025;666;FISCHER IBERICA, S.A.U.;586,26;123,11;586,26
;861549437;28/08/2025;8247;VELUX SPAIN, S.A.;151,96;31,91;151,96
;8621;15/04/2025;14696;ROMINSTAL SEGRIA, S.L.;161,51;33,92;161,51
;86970;30/12/2025;6139;SALTOKI LLEIDA, S.A.;51,88;10,89;51,88
;881707;13/01/2025;6169;REFREL, S.L.;23,21;4,87;23,21
;887971;06/03/2025;6169;REFREL, S.L.;94,4;19,82;94,4
;891544;07/04/2025;6169;REFREL, S.L.;229,03;48,1;229,03
;8972;30/07/2025;3594;FM CALEFACCIÓN, S.L.;1944;408,24;1944
;898322;05/06/2025;6169;REFREL, S.L.;411,38;86,39;411,38
;9000740386;19/09/2025;19045;GAS NATURAL REDES GLP, S.A.;45,92;9,64;45,92
;90061678;01/07/2025;6693;CEMENTOS MOLINS INDUSTRIAL, S.A.;532,29;111,78;532,29
;9010287528;23/01/2025;7579;ALIAXIS IBERIA, S.A.U.;52,91;11,11;52,91
;9010306347;12/05/2025;7579;ALIAXIS IBERIA, S.A.U.;159,98;33,6;159,98
;9010309071;27/05/2025;7579;ALIAXIS IBERIA, S.A.U.;95,38;20,03;95,38
;9010319385;24/07/2025;7579;ALIAXIS IBERIA, S.A.U.;108,89;22,87;108,89
;9010324267;08/09/2025;7579;ALIAXIS IBERIA, S.A.U.;192,86;40,5;192,86
;9010339630;19/12/2025;7579;ALIAXIS IBERIA, S.A.U.;364,7;76,59;364,7
;90151528;15/04/2025;1771;PANELES DECORATIVOS PANELPIEDRA, S.L.;428,92;90,07;428,92
;903977;08/07/2025;6169;REFREL, S.L.;460,25;96,65;460,25
;91071483;01/10/2025;5839;INDUSTRIAS HERGOM, S.A.;1177,8;247,34;1177,8
;910765;01/09/2025;6169;REFREL, S.L.;91,7;19,26;91,7
;911238;03/09/2025;6169;REFREL, S.L.;389,66;81,83;389,66
;911392;04/09/2025;6169;REFREL, S.L.;627,2;131,71;627,2
;911702;08/09/2025;6169;REFREL, S.L.;71,4;14,99;71,4
;912123;12/09/2025;6169;REFREL, S.L.;612,5;128,63;612,5
;9151971467;14/01/2025;8890;COMERCIAL DE LAMINADOS, S.A.;980,23;205,85;980,23
;9151981744;06/02/2025;8890;COMERCIAL DE LAMINADOS, S.A.;3420,03;718,21;3420,03
;9151984197;12/02/2025;8890;COMERCIAL DE LAMINADOS, S.A.;6573,18;1380,36;6573,18
;9151995939;11/03/2025;8890;COMERCIAL DE LAMINADOS, S.A.;200,45;42,09;200,45
;9151999362;18/03/2025;8890;COMERCIAL DE LAMINADOS, S.A.;6601,41;1386,3;6601,41
;9152003275;27/03/2025;8890;COMERCIAL DE LAMINADOS, S.A.;72;15,12;72
;9152028378;27/05/2025;8890;COMERCIAL DE LAMINADOS, S.A.;1487,81;312,44;1487,81
;9152030022;30/05/2025;8890;COMERCIAL DE LAMINADOS, S.A.;181,3;38,07;181,3
;9152033500;06/06/2025;8890;COMERCIAL DE LAMINADOS, S.A.;10036,7;2107,71;10036,7
;9152047668;10/07/2025;18890;COMERCIAL DE LAMINADOS, S.A.;12,9;2,71;12,9
;9152057651;04/08/2025;8890;COMERCIAL DE LAMINADOS, S.A.;704,61;147,97;704,61
;9152063867;26/08/2025;8890;COMERCIAL DE LAMINADOS, S.A.;5724,98;1202,24;5724,98
;9152082784;13/10/2025;8890;COMERCIAL DE LAMINADOS, S.A.;314,82;66,11;314,82
;9152086914;22/10/2025;8890;COMERCIAL DE LAMINADOS, S.A.;292,14;61,35;292,14
;9152112976;22/12/2025;18890;COMERCIAL DE LAMINADOS, S.A.;1046,64;219,79;1046,64
;919299;10/11/2025;6169;REFREL, S.L.;405,06;85,06;405,06
;920354;17/11/2025;6169;REFREL, S.L.;410,38;86,18;410,38
;922003;27/11/2025;6169;REFREL, S.L.;414,12;86,97;414,12
;924192;11/12/2025;6169;REFREL, S.L.;1961,49;411,91;1961,49
;925479;22/12/2025;6169;REFREL, S.L.;653,84;137,31;653,84
;926001;23/12/2025;6169;REFREL, S.L.;591,5;124,22;591,5
;9300662275;06/02/2025;7392;ROCA SANITARIO, S.A.;1528,43;320,97;1528,43
;9300662768;07/02/2025;7392;ROCA SANITARIO, S.A.;838,33;176,05;838,33
;9300663998;12/02/2025;7392;ROCA SANITARIO, S.A.;677,28;142,23;677,28
;9300664766;14/02/2025;7392;ROCA SANITARIO, S.A.;83,35;17,5;83,35
;9300668336;27/02/2025;7392;ROCA SANITARIO, S.A.;17,51;3,68;17,51
;9300668771;28/02/2025;7392;ROCA SANITARIO, S.A.;1721,24;361,46;1721,24
;9300671927;12/03/2025;7392;ROCA SANITARIO, S.A.;683,84;143,61;683,84
;9300673136;17/03/2025;7392;ROCA SANITARIO, S.A.;134,46;28,24;134,46
;9300674923;21/03/2025;7392;ROCA SANITARIO, S.A.;72,29;15,18;72,29
;9300676551;27/03/2025;7392;ROCA SANITARIO, S.A.;854,73;179,49;854,73
;9300679659;08/04/2025;7392;ROCA SANITARIO, S.A.;108,14;22,71;108,14
;9300680010;09/04/2025;7392;ROCA SANITARIO, S.A.;618,28;129,84;618,28
;9300684184;29/04/2025;7392;ROCA SANITARIO, S.A.;1066,95;224,06;1066,95
;9300685275;06/05/2025;7392;ROCA SANITARIO, S.A.;58,86;12,36;58,86
;9300686111;08/05/2025;7392;ROCA SANITARIO, S.A.;507,21;106,51;507,21
;9300687021;12/05/2025;7392;ROCA SANITARIO, S.A.;1167,5;245,18;1167,5
;9300690722;23/05/2025;7392;ROCA SANITARIO, S.A.;408,83;85,85;408,83
;9300692980;02/06/2025;7392;ROCA SANITARIO, S.A.;492,75;103,48;492,75
;9300694147;06/06/2025;7392;ROCA SANITARIO, S.A.;164,22;34,49;164,22
;9300694761;09/06/2025;7392;ROCA SANITARIO, S.A.;48,54;10,19;48,54
;9300700350;02/07/2025;7392;ROCA SANITARIO, S.A.;2787,61;585,4;2787,61
;9300702514;10/07/2025;7392;ROCA SANITARIO, S.A.;1123,76;235,99;1123,76
;9300703895;16/07/2025;7392;ROCA SANITARIO, S.A.;1316,35;276,43;1316,35
;9300709293;06/08/2025;7392;ROCA SANITARIO, S.A.;741,11;155,63;741,11
;9300711665;19/08/2025;7392;ROCA SANITARIO, S.A.;1688,33;354,55;1688,33
;FV25-13769;10/10/2025;2905;OBREROL, S.A.;53,95;11,33;53,95
;FV25-14959;29/10/2025;2905;OBREROL, S.A.;189,87;39,87;189,87
;FV25-15112;29/10/2025;2905;OBREROL, S.A.;22,45;4,71;22,45
;FV25-16333;21/11/2025;2905;OBREROL, S.A.;224,97;47,24;224,97
;FV2517218;05/12/2025;2905;OBREROL, S.A.;2552,47;536,02;2552,47
;FV25-17218;05/12/2025;2905;OBREROL, S.A.;-2552,47;-536,02;-2552,47
;FV2517407;22/04/2025;5900;JUBA PERSONAL PROTECT. EQUIP.. S.L.;28,31;5,95;28,31
;FV2517577;12/12/2025;2905;OBREROL, S.A.;433,95;91,13;433,95
;FV25-17577;12/12/2025;2905;OBREROL, S.A.;-433,95;-91,13;-433,95
;FV2517981;19/12/2025;2905;OBREROL, S.A.;560,81;117,77;560,81
;FV25-17981;19/12/2025;2905;OBREROL, S.A.;-560,81;-117,77;-560,81
;FV367;31/03/2025;6364;VIGAS COSME, S.L.;631,35;132,58;631,35
;FV707;30/06/2025;6364;VIGAS COSME, S.L.;129,36;27,17;129,36
;FV822;15/07/2025;6364;VIGAS COSME, S.L.;934,66;196,28;934,66
;G598403851;28/07/2025;18474;TELEFONICA DE ESPAÑA, S.A.;188,09;39,5;188,09
;G598403852;28/07/2025;18474;TELEFONICA DE ESPAÑA, S.A.;75,21;15,79;75,21
;G5M0001156;01/07/2025;13125;TELEFONICA MOVILES ESPAÑA, S.A.;369,26;77,55;369,26
;GEN/92;13/01/2025;6084;ANDREU BARBERA, S.L.;329,17;69,13;329,17
;GN25000015;14/01/2025;6065;MONTANA COLORS, S.L.;-234,4;-49,22;-246,59
;HM250032;10/02/2025;15367;NORPRINT, S.A.;1485;311,85;1485
;I/177;17/07/2025;3259;PIZARRAS JBERNARDOS, SL;5408,25;1135,73;5408,25
;I/199;31/07/2025;3259;PIZARRAS JBERNARDOS, SL;2530;531,3;2530
;I/200;31/07/2025;3259;PIZARRAS JBERNARDOS, SL;781,65;164,15;781,65
;I/270;28/10/2025;3259;PIZARRAS JBERNARDOS, SL;2011;422,31;2011
;I/91;16/04/2025;3259;PIZARRAS JBERNARDOS, SL;6830,09;1434,32;6830,09
;J25-002098;30/09/2025;5542;PANOTS JIMENEZ, S.L.;1924;404,04;1924
;L.25004459;21/11/2025;5082;DELTA COCINAS, S.L.;673,71;141,48;673,71
;L25000099;24/01/2025;5082;DELTA COCINAS, S.L.;152,29;31,98;152,29
;L25000805;21/03/2025;5082;DELTA COCINAS, S.L.;345,51;72,56;345,51
;L25001203;11/04/2025;5082;DELTA COCINAS, S.L.;3170,05;665,71;3170,05
;L25001928;30/05/2025;5082;DELTA COCINAS, S.L.;4369,25;917,54;4369,25
;LCZ25339;10/10/2025;17550;LA CONSULTA ZINGULAR, SL;150;31,5;150
;LPDC-4.728;30/09/2025;2980;ALPEX, S.A.;538,65;113,12;538,65
;LPEX-5.502;11/11/2025;2980;ALPEX, S.A.;204,75;43;204,75
;M1207;30/04/2025;9452;ARENES BELLPUIG, S.L.;-356,24;-74,81;-356,24
;M2516;31/08/2025;9452;ARENES BELLPUIG, S.L.;1097,27;230,43;1097,27
;M2657;15/09/2025;9452;ARENES BELLPUIG, S.L.;-574,84;-120,72;-574,84
;M2809;30/09/2025;9452;ARENES BELLPUIG, S.L.;378,96;79,58;378,96
;M3302;15/11/2025;9452;ARENES BELLPUIG, S.L.;992,66;208,46;992,66
;M423;15/02/2025;9452;ARENES BELLPUIG, S.L.;921,86;193,59;921,86
;M733;15/03/2025;9452;ARENES BELLPUIG, S.L.;962,96;202,22;962,96
;MA25012782;15/05/2025;193;AD MASANES, S.A.;196,1;41,18;196,1
;MA25025103;15/09/2025;193;AD MASANES, S.A.;13,42;2,82;13,42
;N016508786;09/04/2025;18077;ENDESA ENERGIA, SA;204,8;43,01;204,8
;N020319953;29/04/2025;18077;ENDESA ENERGIA, SA;188,55;39,6;188,55
;N025679225;29/05/2025;18077;ENDESA ENERGIA, SA;177;37,17;177
;N026366650;04/06/2025;18077;ENDESA ENERGIA, SA;136,94;28,76;136,94
;N028585027;13/06/2025;18077;ENDESA ENERGIA, SA;1647,26;345,92;1647,26
;N030804013;27/06/2025;18077;ENDESA ENERGIA, SA;140,64;29,53;140,64
;N033385502;13/07/2025;18077;ENDESA ENERGIA, SA;518,08;108,8;518,08
;N035369935;26/07/2025;18077;ENDESA ENERGIA, SA;121,52;25,52;121,52
;N038638359;19/08/2025;18077;ENDESA ENERGIA, SA;539,35;113,26;539,35
;N041144932;03/09/2025;18077;ENDESA ENERGIA, SA;62,26;13,07;62,26
;N045340612;26/09/2025;18077;ENDESA ENERGIA, SA;137,04;28,78;137,04
;N053755914;21/11/2025;18077;ENDESA ENERGIA, SA;702,12;147,45;702,12
;N055160373;29/11/2025;18077;ENDESA ENERGIA, SA;86,83;18,23;86,83
;N055934715;05/12/2025;18077;ENDESA ENERGIA, SA;94,06;19,75;94,06
;N201877;15/11/2025;17435;CRISTIAN BAEZ FERRUS;560;117,6;560
;N490147;28/10/2025;9173;IRPEN, S.A.U.;159,89;33,58;159,89
;N623;16/09/2025;14293;VIELHA COMPUTER,SCP;238,14;50,01;238,14
;NA14.915;29/11/2025;1173;MANILLONS TORRENT SL;75,5;15,86;75,5
;NA184162;29/04/2025;2056;ULMA HORMIGON POLIMERO, S. Coop,;769,72;161,64;769,72
;NA4.480;15/04/2025;1173;MANILLONS TORRENT SL;112,15;23,55;112,15
;NA9.410;31/07/2025;1173;MANILLONS TORRENT SL;147,16;30,9;147,16
;NC00051686;27/03/2025;18077;ENDESA ENERGIA, SA;14,35;3,01;14,35
;NC00105322;05/08/2025;18077;ENDESA ENERGIA, SA;9,95;2,09;9,95
;NC00148063;16/10/2025;18077;ENDESA ENERGIA, SA;25;5,25;25
;NC00156134;26/10/2025;18077;ENDESA ENERGIA, SA;13,39;2,81;13,39
;NC00194868;10/12/2025;18077;ENDESA ENERGIA, SA;13,39;2,81;13,39
;ZA-2502728;11/06/2025;5036;IMER DISTRIBUCION DE MAQUINARIA, S.A.;60,79;12,77;60,79
;1.323;16/01/2025;2062;DISTRIBUIDORA BOSCH HNOS.,S.A.;40,32;4,03;213,04
;15532211;19/03/2025;18189;RENFE VIAJEROS S.M.E, SA;44,55;4,45;44,55
;15652470;11/04/2025;18189;RENFE VIAJEROS S.M.E, SA;40,91;4,09;40,91
;15652475;11/04/2025;18189;RENFE VIAJEROS S.M.E, SA;40,91;4,09;40,91
;15652476;11/04/2025;18189;RENFE VIAJEROS S.M.E, SA;40,91;4,09;40,91
;15652530;11/04/2025;18189;RENFE VIAJEROS S.M.E, SA;40,91;4,09;40,91
;25001818;30/09/2025;14089;CARNICAS ORDOÑEZ, SA;647,41;64,74;647,41
;2500449945;17/12/2025;4813;EHLIS, S.A.;54,79;5,48;941,68
;25016987;25/08/2025;16742;CENTUR, SL;4,8;0,48;4,8
;25016991;25/08/2025;16742;CENTUR, SL;4,8;0,48;4,8
;25016994;25/08/2025;16742;CENTUR, SL;198,18;19,82;198,18
;9300711976;20/08/2025;7392;ROCA SANITARIO, S.A.;2049,35;430,36;2049,35
;9300712157;21/08/2025;7392;ROCA SANITARIO, S.A.;264,65;55,58;264,65
;9300719534;22/09/2025;7392;ROCA SANITARIO, S.A.;1174,26;246,59;1174,26
;9300720266;24/09/2025;7392;ROCA SANITARIO, S.A.;307,78;64,63;307,78
;9300726425;17/10/2025;7392;ROCA SANITARIO, S.A.;137,8;28,94;137,8
;9300729080;28/10/2025;7392;ROCA SANITARIO, S.A.;1352,53;284,03;1352,53
;9300734622;18/11/2025;7392;ROCA SANITARIO, S.A.;388,54;81,59;388,54
;9300735807;21/11/2025;7392;ROCA SANITARIO, S.A.;551,17;115,75;551,17
;9300742022;18/12/2025;7392;ROCA SANITARIO, S.A.;83,07;17,44;83,07
;9300742420;19/12/2025;7392;ROCA SANITARIO, S.A.;2351,34;493,78;2351,34
;93558863;20/01/2025;4531;WOLFCRAFT GMBH;318,34;66,85;318,34
;95/2025/81;09/01/2025;2767;CHEHOMA ATELIER D'AMBIANCES, S.A.;1327;278,67;1327
;95/252459;18/08/2025;1681;FC INTERIORS, SRL;1026;215,46;1026
;25036583;19/12/2025;11003;COMERCIAL PINAMAS, S.L.;2563,75;256,38;3382,13
;251391927;26/02/2025;18435;AIGÜES DE BARCELONA S.A.;44,99;4,5;86,22
;25159;13/12/2025;14260;CARLOS MORANCHO BISTUER;187,28;18,73;191,41
;25-300617;11/08/2025;19813;BIGMAT IBERIA, S.A.;400;40;400
;2540014516;26/05/2025;4708;BIGMAT LOGISTICA, S.A.;54,27;5,43;4016,42
;254413447;26/06/2025;18435;AIGÜES DE BARCELONA S.A.;67,21;6,72;120,62
;255894120;27/08/2025;18435;AIGÜES DE BARCELONA S.A.;35,74;3,57;70,53
;29406;28/02/2025;12530;ALQUILER VENTA MAQUINA ARAN RIBAGORZA SL;465,44;46,54;465,44
;29578;30/06/2025;12530;ALQUILER VENTA MAQUINA ARAN RIBAGORZA SL;281,04;28,1;281,04
;29638;31/07/2025;12530;ALQUILER VENTA MAQUINA ARAN RIBAGORZA SL;251,15;25,12;251,15
;29791;31/10/2025;12530;ALQUILER VENTA MAQUINA ARAN RIBAGORZA SL;355,1;35,51;355,1
;29892;31/12/2025;12530;ALQUILER VENTA MAQUINA ARAN RIBAGORZA SL;276,66;27,67;276,66
;5.765;20/02/2025;2062;DISTRIBUIDORA BOSCH HNOS.,S.A.;13,44;1,34;32,94
;A/2651;04/06/2025;13870;BERGE SOLE, Mª Antonia;354,58;35,46;354,58
;DEISH25436;07/10/2025;10011;CONSELH GENERAU D ARAN;20,66;2,07;20,66
;F2512056;09/07/2025;4716;PRODUCTOS FLOWER S.A.;122,92;12,29;502,14
;FTF-12181;15/02/2025;9355;AGHASA TURIS, S.A.;100,91;10,09;1784,57
;9151978837;31/01/2025;8890;COMERCIAL DE LAMINADOS, S.A.;130,9;27,49;130,9
;9151978960;31/01/2025;18890;COMERCIAL DE LAMINADOS, S.A.;52,8;11,09;52,8
;9151984198;12/02/2025;8890;COMERCIAL DE LAMINADOS, S.A.;495;103,95;495
;9151991133;27/02/2025;8890;COMERCIAL DE LAMINADOS, S.A.;337,56;70,89;337,56
;9152003274;27/03/2025;8890;COMERCIAL DE LAMINADOS, S.A.;218,34;45,85;218,34
;9152007225;03/04/2025;8890;COMERCIAL DE LAMINADOS, S.A.;1015,4;213,23;1015,4
;9152012960;16/04/2025;8890;COMERCIAL DE LAMINADOS, S.A.;56,8;11,93;56,8
;9152014244;23/04/2025;8890;COMERCIAL DE LAMINADOS, S.A.;342,95;72,02;342,95
;9152017779;02/05/2025;8890;COMERCIAL DE LAMINADOS, S.A.;6727,75;1412,82;6727,75
;9152052956;23/07/2025;8890;COMERCIAL DE LAMINADOS, S.A.;219;45,99;219
;9152062661;21/08/2025;8890;COMERCIAL DE LAMINADOS, S.A.;413,82;86,9;413,82
;9152063868;26/08/2025;8890;COMERCIAL DE LAMINADOS, S.A.;1456,03;305,77;1456,03
;9152066849;03/09/2025;8890;COMERCIAL DE LAMINADOS, S.A.;50,49;10,6;50,49
;9152074450;23/09/2025;8890;COMERCIAL DE LAMINADOS, S.A.;1256,34;263,83;1256,34
;9152082783;13/10/2025;8890;COMERCIAL DE LAMINADOS, S.A.;1809,6;380,02;1809,6
;9152085127;16/10/2025;8890;COMERCIAL DE LAMINADOS, S.A.;11,55;2,43;11,55
;9152102410;26/11/2025;8890;COMERCIAL DE LAMINADOS, S.A.;403,88;84,81;403,88
;9152108850;11/12/2025;18890;COMERCIAL DE LAMINADOS, S.A.;1793,4;376,61;1793,4
;9152108930;11/12/2025;18890;COMERCIAL DE LAMINADOS, S.A.;256,2;53,8;256,2
;926292;29/12/2025;6169;REFREL, S.L.;474,5;99,65;474,5
;9300656755;18/01/2025;7392;ROCA SANITARIO, S.A.;47,12;9,9;47,12
;9300657074;20/01/2025;7392;ROCA SANITARIO, S.A.;83,35;17,5;83,35
;9300657860;22/01/2025;7392;ROCA SANITARIO, S.A.;701,59;147,33;701,59
;9300658272;23/01/2025;7392;ROCA SANITARIO, S.A.;23,42;4,92;23,42
;9300662269;06/02/2025;7392;ROCA SANITARIO, S.A.;102,79;21,59;102,79
;9300664960;15/02/2025;7392;ROCA SANITARIO, S.A.;470,44;98,79;470,44
;9300670609;07/03/2025;7392;ROCA SANITARIO, S.A.;263,17;55,27;263,17
;9300674081;19/03/2025;7392;ROCA SANITARIO, S.A.;2120,89;445,39;2120,89
;9300675786;25/03/2025;7392;ROCA SANITARIO, S.A.;13,47;2,83;13,47
;9300676911;28/03/2025;7392;ROCA SANITARIO, S.A.;30,05;6,31;30,05
;9300680554;10/04/2025;7392;ROCA SANITARIO, S.A.;29,19;6,13;29,19
;9300681921;16/04/2025;7392;ROCA SANITARIO, S.A.;515,82;108,32;515,82
;9300682844;23/04/2025;7392;ROCA SANITARIO, S.A.;53,97;11,33;53,97
;9300689891;21/05/2025;7392;ROCA SANITARIO, S.A.;5339,17;1121,23;5339,17
;9300690220;22/05/2025;7392;ROCA SANITARIO, S.A.;72,63;15,25;72,63
;9300690221;22/05/2025;7392;ROCA SANITARIO, S.A.;437,35;91,84;437,35
;9300692212;29/05/2025;7392;ROCA SANITARIO, S.A.;78,95;16,58;78,95
;9300700060;01/07/2025;7392;ROCA SANITARIO, S.A.;272,55;57,24;272,55
;9300702160;09/07/2025;7392;ROCA SANITARIO, S.A.;228,15;47,91;228,15
;9300704335;18/07/2025;7392;ROCA SANITARIO, S.A.;1771,78;372,07;1771,78
;9300706380;25/07/2025;7392;ROCA SANITARIO, S.A.;60,43;12,69;60,43
;9300706791;28/07/2025;7392;ROCA SANITARIO, S.A.;1183,04;248,44;1183,04
;9300717014;10/09/2025;7392;ROCA SANITARIO, S.A.;3114,96;654,14;3114,96
;9300719835;23/09/2025;7392;ROCA SANITARIO, S.A.;32,09;6,74;32,09
;9300726428;17/10/2025;7392;ROCA SANITARIO, S.A.;5799,24;1217,84;5799,24
;9300727978;23/10/2025;7392;ROCA SANITARIO, S.A.;929,22;195,14;929,22
;9300729942;30/10/2025;7392;ROCA SANITARIO, S.A.;1337,79;280,94;1337,79
;9300740335;11/12/2025;7392;ROCA SANITARIO, S.A.;85,65;17,99;85,65
;9311068691;12/02/2025;7392;ROCA SANITARIO, S.A.;-352,18;-73,96;-352,18
;9311070948;01/07/2025;7392;ROCA SANITARIO, S.A.;-97,61;-20,5;-97,61
;93622205;22/05/2025;4531;WOLFCRAFT GMBH;681,05;143,02;681,05
;93637251;25/06/2025;4531;WOLFCRAFT GMBH;368,49;77,38;368,49
;93652281;25/07/2025;4531;WOLFCRAFT GMBH;387,46;81,37;387,46
;93713720;03/12/2025;4531;WOLFCRAFT GMBH;793,36;166,61;793,36
;F25/40931;31/03/2025;9675;ELEKTRO-3, S.C.C.L.;2254,14;473,37;2254,14
;F25/44467;08/04/2025;9675;ELEKTRO-3, S.C.C.L.;199,64;41,92;199,64
;F25/71547;31/05/2025;9675;ELEKTRO-3, S.C.C.L.;2972,06;624,13;2972,06
;F25/86497;30/06/2025;9675;ELEKTRO-3, S.C.C.L.;3034,82;637,31;3034,82
;F250053;31/07/2025;2309;FLOORING MANAGEMENT S.L.;8076,49;1696,06;8076,49
;F250083;02/12/2025;2309;FLOORING MANAGEMENT S.L.;3162,79;664,19;3162,79
;F250115551;31/01/2025;19120;CORREOS EXPRES PAQUETERÍA URGENTE, S.A.;10,3;2,16;10,3
;F250813209;31/08/2025;19120;CORREOS EXPRES PAQUETERÍA URGENTE, S.A.;136,28;28,62;136,28
;F257442;18/02/2025;5900;JUBA PERSONAL PROTECT. EQUIP.. S.L.;108,56;22,8;108,56
;F25DR00159;13/03/2025;8037;RIVISA IND. CERRAMIENTOS METALICOS, SA;1104,92;232,03;1104,92
;F25DR00291;16/04/2025;8037;RIVISA IND. CERRAMIENTOS METALICOS, SA;1147,45;240,96;1147,45
;F25DR00870;02/12/2025;8037;RIVISA IND. CERRAMIENTOS METALICOS, SA;428,36;89,96;428,36
;F2600007;01/09/2025;4716;PRODUCTOS FLOWER S.A.;-693,63;-145,66;-693,63
;F598403862;28/06/2025;18474;TELEFONICA DE ESPAÑA, S.A.;75,21;15,79;75,21
;FA1/008242;31/03/2025;3853;PLASTICOS FERRO, S.L.;351,73;73,86;351,73
;FA1/031955;30/11/2025;3853;PLASTICOS FERRO, S.L.;1211,33;254,38;1211,33
;FA25252640;15/09/2025;1931;JUAN CORTES S.L;2206,12;463,29;2206,12
;FAC2502548;16/04/2025;7548;ACO PRODUCTOS POLIMEROS, S.A.;251,26;52,76;251,26
;FAC362;28/04/2025;2911;SUMINISTROS RECOVAL, S.L.;118,15;24,81;118,15
;FAC710601;15/05/2025;761;DUSCHOLUX IBERICA, S.A.;32,93;6,92;32,93
;FACT-45236;23/01/2025;13780;MOTOR AND BLINDS TECH SOLUTIONS, SL;1320,5;277,31;1320,5
;FANR-21717;26/06/2025;6765;VISOBATH, SL;237,12;49,8;237,12
;FANR-31258;20/09/2025;6765;VISOBATH, SL;91,95;19,31;91,95
;FAR39.303;30/04/2025;10761;DUSCHOLUX IBERICA, S.A.;-16,14;-3,39;-16,14
;FAR39.777;15/07/2025;10761;DUSCHOLUX IBERICA, S.A.;-53,42;-11,22;-53,42
;FC250318;13/02/2025;9200;AUBRY GASPARD;2023,36;424,91;2023,36
;FE7750;28/02/2025;14374;HUGUET HUGUET, JAUME;60,94;12,8;60,94
;FE7835;01/03/2025;14374;HUGUET HUGUET, JAUME;116,74;24,52;116,74
;FKP/9582;31/07/2025;13500;SOCIEDAD ANONIMA KP;299,55;62,91;299,55
;FL2025/59;18/03/2025;9567;COMAPRES, S.L.;67,06;14,08;67,06
;FLC96622;05/06/2025;13547;BNP PARIBAS LEASE GROUP, S.A.;141,8;29,77;141,8
;FLD35136;01/07/2025;13547;BNP PARIBAS LEASE GROUP, S.A.;141,8;29,77;141,8
;FM251926;11/12/2025;13121;DOLZ COLECCION INTERNACIONAL, SLU;14;2,94;14
;FN25000517;14/01/2025;6065;MONTANA COLORS, S.L.;234,4;49,22;234,4
;FN25000704;17/01/2025;6065;MONTANA COLORS, S.L.;345,28;72,51;345,28
;FR25001822;19/12/2025;6717;COMERCIAL OJA, SLU;-183,85;-38,61;-183,85
;FRK/244;24/12/2025;7848;SOCIEDAD ANONIMA KP;-31,08;-6,53;-31,08
;FTF-10394;15/01/2025;9355;AGHASA TURIS, S.A.;730,06;153,31;730,06
;FTF-11310;31/01/2025;9355;AGHASA TURIS, S.A.;1028;215,88;1028
;FTF-16531;30/04/2025;9355;AGHASA TURIS, S.A.;867,76;182,23;867,76
;FTF-20829;15/07/2025;9355;AGHASA TURIS, S.A.;980,77;205,96;980,77
;FTS/1383;14/03/2025;909;SCRIGNO ESPAÑA, S.L.;1540;323,4;1540
;F-V/18500;29/08/2025;9077;RETAMERO ELECTROTALLER, SLU;70;14,7;70
;F-V/18668;31/10/2025;9077;RETAMERO ELECTROTALLER, SLU;412,41;86,61;412,41
;F-V/216055;31/01/2025;5959;LUZ NEGRA, S.L;211;44,31;211
;FV-039193;20/03/2025;6230;LOFES 90, S.L.;390,28;81,96;390,28
;FV-041284;25/05/2025;6230;LOFES 90, S.L.;927,55;194,79;927,55
;FV-041650;05/06/2025;6230;LOFES 90, S.L.;537,6;112,9;537,6
;FV-042793;10/07/2025;6230;LOFES 90, S.L.;844,11;177,26;844,11
;FV-043001;15/07/2025;6230;LOFES 90, S.L.;740,85;155,58;740,85
;FV-044024;25/08/2025;6230;LOFES 90, S.L.;424,28;89,1;424,28
;FV-044101;31/08/2025;6230;LOFES 90, S.L.;469,64;98,62;469,64
;FV-044208;05/09/2025;6230;LOFES 90, S.L. (MUSSOL);341,31;71,68;341,31
;FV-047064;05/12/2025;6230;LOFES 90, S.L. (MUSSOL);383,2;80,47;383,2
;PE25000122;08/01/2025;6717;COMERCIAL OJA, SLU;5951,98;1249,92;5951,98
;PE25000384;14/01/2025;6717;COMERCIAL OJA, SLU;1548,85;325,26;1548,85
;PE25001005;27/01/2025;6717;COMERCIAL OJA, SLU;921,9;193,6;921,9
;PE25001399;31/01/2025;6717;COMERCIAL OJA, SLU;1568,04;329,29;1568,04
;PE25003064;10/03/2025;6717;COMERCIAL OJA, SLU;1035,7;217,5;1035,7
;PE25005293;25/04/2025;6717;COMERCIAL OJA, SLU;1156,19;242,8;1156,19
;PE25005971;12/05/2025;6717;COMERCIAL OJA, SLU;268,23;56,33;268,23
;PE25006383;19/05/2025;6717;COMERCIAL OJA, SLU;1045,87;219,63;1045,87
;PE25007983;17/06/2025;6717;COMERCIAL OJA, SLU;327,78;68,83;327,78
;PE25009287;08/07/2025;6717;COMERCIAL OJA, SLU;369,07;77,5;369,07
;PE25010254;25/07/2025;6717;COMERCIAL OJA, SLU;1479,62;310,72;1479,62
;PE25010693;31/07/2025;6717;COMERCIAL OJA, SLU;905,47;190,15;905,47
;PJ25001117;31/05/2025;5542;PANOTS JIMENEZ, S.L.;-579,62;-121,72;-579,62
;PJ25001664;31/07/2025;5542;PANOTS JIMENEZ, S.L.;138,8;29,15;138,8
;PJ25002962;31/12/2025;5542;PANOTS JIMENEZ, S.L.;2514;527,94;2514
;PV278324;10/01/2025;6758;ORKLI S.COOP.;1191,49;250,21;1191,49
;PV283348;23/05/2025;6758;ORKLI S.COOP.;771,74;162,07;771,74
;PV288909;14/11/2025;6758;ORKLI S.COOP.;313,76;65,89;313,76
;R/2500088;07/02/2025;8438;DINAK, S.A.;49,18;10,33;49,18
;R/25001424;14/10/2025;16717;COMERCIAL OJA, SLU;-772,18;-162,16;-772,18
;R/2500325;07/05/2025;8438;DINAK, S.A.;1741,36;365,69;1741,36
;R/2500353;15/05/2025;8438;DINAK, S.A.;719,24;151,04;719,24
;R/2500440;15/06/2025;8438;DINAK, S.A.;1391,47;292,21;1391,47
;R/2500633;19/08/2025;8438;DINAK, S.A.;102,87;21,6;102,87
;R/2500650;29/08/2025;8438;DINAK, S.A.;63,8;13,4;63,8
;R/2500739;03/10/2025;8438;DINAK, S.A.;764,03;160,45;764,03
;R/2500773;15/10/2025;8438;DINAK, S.A.;590,5;124,01;590,5
;R-22535311;08/09/2025;7494;GRUPODESA FASTENERS, S.A.U.;1515,92;318,34;1515,92
;R-22537693;26/09/2025;7494;GRUPODESA FASTENERS, S.A.U.;116,23;24,41;116,23
;R-22538295;30/09/2025;7494;GRUPODESA FASTENERS, S.A.U.;63,39;13,31;63,39
;R-22543379;31/10/2025;7494;GRUPODESA FASTENERS, S.A.U.;63;13,23;63
;R-22546172;19/11/2025;7494;GRUPODESA FASTENERS, S.A.U.;185,54;38,96;185,54
;R-22548876;05/12/2025;7494;GRUPODESA FASTENERS, S.A.U.;137,98;28,98;137,98
;R25-013814;20/08/2025;841;SOC.ANON.SERVEI I COMER? ELECTRODOMESTIC;1378,42;289,47;1378,42
;R25-017230;08/10/2025;841;SOC.ANON.SERVEI I COMER? ELECTRODOMESTIC;2977,16;625,2;2977,16
;R25-017733;15/10/2025;841;SOC.ANON.SERVEI I COMER? ELECTRODOMESTIC;1492,06;313,33;1492,06
;R25-019389;05/11/2025;841;SOC.ANON.SERVEI I COMER? ELECTRODOMESTIC;2836,68;595,7;2836,68
;SA13;10/04/2025;11927;GABRIEL CHELARU;1895;397,95;1895
;SAS0057965;27/08/2025;4029;SAS PREFABRICADOS DE HORMIGON, S.A.;15,53;3,26;15,53
;UST;08/08/2025;491;TECNICAS EXPANSIVAS,S.L.;476,3;100,02;476,3
;-V/2502731;24/11/2025;7295;ARTTROS 2040, S.L.;369,24;77,54;369,24
;-V/2502867;12/12/2025;7295;ARTTROS 2040, S.L.;73,85;15,51;73,85
;-2523;03/10/2025;2007;EDILKAMIN IBERICA, S.L.;167;35,07;167
;-3097;14/11/2025;2007;EDILKAMIN IBERICA, S.L.;626;131,46;626
;V-25-10469;11/09/2025;7690;GRIFERIAS GROBER, S.L.;59,2;12,43;59,2
;VF2501/801;09/01/2025;6463;ESTANTERIAS SIMON,S.L.;324,49;68,14;324,49
;VF25022034;13/02/2025;6463;ESTANTERIAS SIMON,S.L.;121,95;25,61;121,95
;VN/2502048;30/05/2025;5286;NULACVI S.L;140,98;29,61;140,98
;VN/2502431;27/06/2025;5286;NULACVI S.L;168,62;35,41;168,62
;VR25-03762;06/11/2025;10841;SOC.ANON.SERVEI I COMER? ELECTRODOMESTIC;-210,57;-44,22;-210,57
;VR25-04053;19/11/2025;10841;SOC.ANON.SERVEI I COMER? ELECTRODOMESTIC;-22,72;-4,77;-22,72
;ZA-2502609;30/05/2025;5036;IMER DISTRIBUCION DE MAQUINARIA, S.A.;211,68;44,45;211,68
;00.008.878;06/10/2025;19839;OCCITA SPORT CLUB, S.L.;5000;500;5000
;1/2025/537;27/11/2025;12819;FREDEPEIX, SL;775,51;77,55;775,51
;100101487;16/11/2025;12573;FORN CODINA, SL;84,09;8,41;182,65
;1310029953;05/02/2025;18275;PETIT PALACE TRIBALL;332,27;33,23;332,27
;15532210;19/03/2025;18189;RENFE VIAJEROS S.M.E, SA;44,55;4,45;44,55
;15652472;11/04/2025;18189;RENFE VIAJEROS S.M.E, SA;40,91;4,09;40,91
;15652524;11/04/2025;18189;RENFE VIAJEROS S.M.E, SA;40,91;4,09;40,91
;15652528;11/04/2025;18189;RENFE VIAJEROS S.M.E, SA;40,91;4,09;40,91
;2025/625;12/05/2025;9290;PAMBE NATURAL GROUP, S.L.;864;86,4;864
;2025-0723;18/12/2025;12562;VAL D'ARAN-FARRE JARDINERS, S.L.;155;15,5;1055
;25-001617;26/02/2025;841;SOC.ANON.SERVEI I COMERÇ ELECTRODOMESTIC;11,85;1,19;3410,3
;25-005891;30/04/2025;841;SOC.ANON.SERVEI I COMERÇ ELECTRODOMESTIC;48,84;4,88;2250,49
;25-013185;06/08/2025;841;SOC.ANON.SERVEI I COMERÇ ELECTRODOMESTIC;24,8;2,48;2414,57
;25-015332;10/09/2025;841;SOC.ANON.SERVEI I COMERÇ ELECTRODOMESTIC;62,1;6,21;3419,08
;25016985;25/08/2025;16742;CENTUR, SL;535,93;53,59;535,93
;252921310;29/04/2025;18435;AIGÜES DE BARCELONA S.A.;68,22;6,82;125,05
;25-300049;03/01/2025;19813;BIGMAT IBERIA, S.A.;430;43;430
;29376;31/01/2025;12530;ALQUILER VENTA MAQUINA ARAN RIBAGORZA SL;209,64;20,96;209,64
;9500433389;12/05/2025;835;MEDICLINICS, S.A.;21,6;2,16;33,6
;A/1001;24/04/2025;11180;MIGUEL ANGEL JORGE PIÑERO;78,18;7,82;83,55
;CR7S125317;30/11/2025;10912;PESTANA CR7 MADRID, SL;472,36;47,24;472,36
;DEISH25035;01/03/2025;10011;CONSELH GENERAU D'ARAN;62,02;6,2;62,02
;100101487;16/11/2025;12573;FORN CODINA, SL;98,56;3,94;182,65
;252002750;31/05/2025;10778;PRETENSADOS RIBERA, S.L.;46,95;9,86;46,95
;252003830;30/06/2025;10778;PRETENSADOS RIBERA, S.L.;3,87;0,81;3,87
;252003835;30/06/2025;10778;PRETENSADOS RIBERA, S.L.;63,47;13,33;63,47
;252003836;30/06/2025;10778;PRETENSADOS RIBERA, S.L.;16,01;3,36;16,01
;252004140;31/07/2025;10778;PRETENSADOS RIBERA, S.L.;26,67;5,6;26,67
;252004146;31/07/2025;10778;PRETENSADOS RIBERA, S.L.;13,69;2,87;13,69
;252004757;31/08/2025;10778;PRETENSADOS RIBERA, S.L.;9,6;2,02;9,6
;252004758;31/08/2025;10778;PRETENSADOS RIBERA, S.L.;58,33;12,25;58,33
;252005275;30/09/2025;10778;PRETENSADOS RIBERA, S.L.;103,09;21,65;103,09
;252005276;30/09/2025;10778;PRETENSADOS RIBERA, S.L.;14,14;2,97;14,14
;252005813;30/09/2025;10778;PRETENSADOS RIBERA, S.L.;249,53;52,4;249,53
;834044ZIN1;10/05/2025;1269;CEMEX ESPAÑA OPERACIONES, S.L.U.;2995,63;629,08;2995,63
;838918ZIN1;31/05/2025;1269;CEMEX ESPAÑA OPERACIONES, S.L.U.;2995,63;629,08;2995,63
;853;15/04/2025;13947;BALUE JUSTO ADVOCATS, S.L.;220;46,2;220
;85988647;14/03/2025;666;FISCHER IBERICA, S.A.U.;143,72;30,18;143,72
;85989298;18/03/2025;666;FISCHER IBERICA, S.A.U.;714,95;150,14;714,95
;864238ZIN1;30/09/2025;1269;CEMEX ESPA?A OPERACIONES, S.L.U.;2945,23;618,5;2945,23
;880815;07/01/2025;6169;REFREL, S.L.;436,11;91,58;436,11
;882645;21/01/2025;6169;REFREL, S.L.;-419,25;-88,04;-419,25
;883516;28/01/2025;6169;REFREL, S.L.;414,7;87,09;414,7
;892038;10/04/2025;6169;REFREL, S.L.;225,32;47,32;225,32
;8923;23/11/2025;9790;INDUSTRIAS GONAL HISPANIA, S.L.;395,68;83,09;395,68
;900541;18/06/2025;6169;REFREL, S.L.;550,27;115,56;550,27
;9010295374;06/03/2025;7579;ALIAXIS IBERIA, S.A.U.;143,07;30,04;143,07
;9010299935;31/03/2025;7579;ALIAXIS IBERIA, S.A.U.;91,96;19,31;91,96
;9010300870;07/04/2025;7579;ALIAXIS IBERIA, S.A.U.;54,4;11,42;54,4
;9010306346;12/05/2025;7579;ALIAXIS IBERIA, S.A.U.;1338,43;281,07;1338,43
;9010307288;15/05/2025;7579;ALIAXIS IBERIA, S.A.U.;359,61;75,52;359,61
;9010308371;22/05/2025;7579;ALIAXIS IBERIA, S.A.U.;111,98;23,52;111,98
;9010318916;22/07/2025;7579;ALIAXIS IBERIA, S.A.U.;261,8;54,98;261,8
;9010326413;22/09/2025;7579;ALIAXIS IBERIA, S.A.U.;150,45;31,59;150,45
;901402;25/06/2025;6169;REFREL, S.L.;411,45;86,4;411,45
;901485;25/06/2025;6169;REFREL, S.L.;370,3;77,76;370,3
;90150887;03/03/2025;1771;PANELES DECORATIVOS PANELPIEDRA, S.L.;211,37;44,39;211,37
;90151403;03/04/2025;1771;PANELES DECORATIVOS PANELPIEDRA, S.L.;178,12;37,41;178,12
;90151665;30/04/2025;1771;PANELES DECORATIVOS PANELPIEDRA, S.L.;196,17;41,2;196,17
;908771;08/08/2025;6169;REFREL, S.L.;499,8;104,96;499,8
;9100198848;15/07/2025;234;PROPAMSA, S.A.;1182,28;248,28;1182,28
;9126416;05/02/2025;871;SALVADOR ESCODA, S.A.;149,76;31,45;149,76
;9151976971;27/01/2025;8890;COMERCIAL DE LAMINADOS, S.A.;199,75;41,95;199,75
;9152007226;03/04/2025;8890;COMERCIAL DE LAMINADOS, S.A.;57;11,97;57
;9152049347;15/07/2025;8890;COMERCIAL DE LAMINADOS, S.A.;3534,87;742,32;3534,87
;9152085126;16/10/2025;8890;COMERCIAL DE LAMINADOS, S.A.;391,95;82,31;391,95
;9152093975;06/11/2025;8890;COMERCIAL DE LAMINADOS, S.A.;317,1;66,59;317,1
;9152111002;16/12/2025;8890;COMERCIAL DE LAMINADOS, S.A.;672,62;141,25;672,62
;915484;10/10/2025;6169;REFREL, S.L.;492,61;103,45;492,61
;919300;10/11/2025;6169;REFREL, S.L.;159;33,39;159
;920508;18/11/2025;6169;REFREL, S.L.;253,35;53,2;253,35
;920769;19/11/2025;6169;REFREL, S.L.;227,5;47,78;227,5
;92500789;04/07/2025;7048;MAKITA, S.A.;-117,37;-24,65;-117,37
;9274;31/10/2025;14696;ROMINSTAL SEGRIA, S.L.;300;63;300
;9300658688;24/01/2025;7392;ROCA SANITARIO, S.A.;17,03;3,58;17,03
;9300659547;28/01/2025;7392;ROCA SANITARIO, S.A.;467,96;98,27;467,96
;9300665653;18/02/2025;7392;ROCA SANITARIO, S.A.;39,33;8,26;39,33
;9300671477;11/03/2025;7392;ROCA SANITARIO, S.A.;319,73;67,14;319,73
;9300672307;13/03/2025;7392;ROCA SANITARIO, S.A.;29,19;6,13;29,19
;9300673616;18/03/2025;7392;ROCA SANITARIO, S.A.;2120,24;445,25;2120,24
;9300676036;26/03/2025;7392;ROCA SANITARIO, S.A.;198,96;41,78;198,96
;9300678054;02/04/2025;7392;ROCA SANITARIO, S.A.;3537,41;742,86;3537,41
;9300684997;05/05/2025;7392;ROCA SANITARIO, S.A.;433,07;90,94;433,07
;9300687334;13/05/2025;7392;ROCA SANITARIO, S.A.;782,54;164,33;782,54
;9300688928;19/05/2025;7392;ROCA SANITARIO, S.A.;386,05;81,07;386,05
;9300689890;21/05/2025;7392;ROCA SANITARIO, S.A.;13,72;2,88;13,72
;9300692737;30/05/2025;7392;ROCA SANITARIO, S.A.;11,77;2,47;11,77
;9300693309;03/06/2025;7392;ROCA SANITARIO, S.A.;1664,57;349,56;1664,57
;9300694492;06/06/2025;7392;ROCA SANITARIO, S.A.;293,8;61,7;293,8
;9300694762;09/06/2025;7392;ROCA SANITARIO, S.A.;244,99;51,45;244,99
;9300700725;03/07/2025;7392;ROCA SANITARIO, S.A.;68,65;14,42;68,65
;9300701068;04/07/2025;7392;ROCA SANITARIO, S.A.;577,07;121,18;577,07
;9300701441;07/07/2025;7392;ROCA SANITARIO, S.A.;323,27;67,89;323,27
;9300701716;08/07/2025;7392;ROCA SANITARIO, S.A.;5,54;1,16;5,54
;9300707636;30/07/2025;7392;ROCA SANITARIO, S.A.;625,12;131,28;625,12
;9300708059;31/07/2025;7392;ROCA SANITARIO, S.A.;50,34;10,57;50,34
;9300712529;22/08/2025;7392;ROCA SANITARIO, S.A.;320,6;67,33;320,6
;9300712826;25/08/2025;7392;ROCA SANITARIO, S.A.;175,17;36,79;175,17
;9300714715;02/09/2025;7392;ROCA SANITARIO, S.A.;10,57;2,22;10,57
;9300714718;02/09/2025;7392;ROCA SANITARIO, S.A.;74,55;15,66;74,55
;9300715428;04/09/2025;7392;ROCA SANITARIO, S.A.;2479,48;520,69;2479,48
;9300716279;08/09/2025;7392;ROCA SANITARIO, S.A.;227,77;47,83;227,77
;9300716603;09/09/2025;7392;ROCA SANITARIO, S.A.;71,87;15,09;71,87
;9300717620;15/09/2025;7392;ROCA SANITARIO, S.A.;206,71;43,41;206,71
;9300719262;19/09/2025;7392;ROCA SANITARIO, S.A.;2248,76;472,24;2248,76
;9300720800;26/09/2025;7392;ROCA SANITARIO, S.A.;1276,92;268,15;1276,92
;9300721239;29/09/2025;7392;ROCA SANITARIO, S.A.;146,97;30,86;146,97
;9300724450;10/10/2025;7392;ROCA SANITARIO, S.A.;565,68;118,79;565,68
;9300726198;16/10/2025;7392;ROCA SANITARIO, S.A.;293,8;61,7;293,8
;9300727245;21/10/2025;7392;ROCA SANITARIO, S.A.;219,15;46,02;219,15
;9300735110;19/11/2025;7392;ROCA SANITARIO, S.A.;241,16;50,64;241,16
;9300735444;20/11/2025;7392;ROCA SANITARIO, S.A.;1183,8;248,6;1183,8
;9300737095;27/11/2025;7392;ROCA SANITARIO, S.A.;987,51;207,38;987,51
;9300737481;28/11/2025;7392;ROCA SANITARIO, S.A.;1152,6;242,05;1152,6
;9300737482;28/11/2025;7392;ROCA SANITARIO, S.A.;0,7;0,15;0,7
;9311071817;01/09/2025;7392;ROCA SANITARIO, S.A.;-394,29;-82,8;-394,29
;9311073723;09/12/2025;7392;ROCA SANITARIO, S.A.;-180,2;-37,84;-180,2
;935;01/08/2025;18159;MARCO INVEST, S.A.;125;26,25;125
;93590296;20/03/2025;4531;WOLFCRAFT GMBH;357,74;75,13;357,74
;93613513;06/05/2025;4531;WOLFCRAFT GMBH;321,59;67,53;321,59
;93681337;25/09/2025;4531;WOLFCRAFT GMBH;2525,06;530,26;2525,06
;;;;;;;
